ORIGIN,SUM_OF_ALL_DELAYS,AVERAGE_OF_ALL_DELAYS,SUM_OF_WEATHER_DELAY,AVERAGE_OF_WEATHER_DELAY,SUM_OF_CARRIER_DELAY,AVERAGE_OF_CARRIER_DELAY,SUM_OF_NAS_DELAY,AVERAGE_OF_NAS_DELAY,SUM_OF_SECURITY_DELAY,AVERAGE_OF_SECURITY_DELAY,SUM_OF_LATE_AIRCRAFT_DELAY,AVERAGE_OF_LATE_AIRCRAFT_DELAY
ORD,580447.0,22.14094446139762,84854.0,3.2367256637168142,143007.0,5.454951174855051,140006.0,5.340479096734819,0.0,0.0,212580.0,8.108788526090937
LGA,304399.0,21.943411188004614,11769.0,0.8483996539792388,51191.0,3.6902393310265285,67415.0,4.859789504036909,858.0,0.06185121107266436,173166.0,12.483131487889274
SFO,269607.0,19.695156695156694,6883.0,0.5028124771714515,68560.0,5.008400905836803,74469.0,5.440061363138287,128.0,0.009350573453137556,119567.0,8.734531375557017
DFW,233694.0,10.132853488271257,7745.0,0.3358192776308373,99142.0,4.298746910636083,47623.0,2.0649091618609896,68.0,0.002948445562155834,79116.0,3.430429692581191
BOS,225779.0,19.753193350831147,18125.0,1.5857392825896763,66160.0,5.78827646544182,53401.0,4.672003499562555,184.0,0.016097987751531057,87909.0,7.691076115485564
ATL,214811.0,6.894912534103675,12863.0,0.41287112822981864,76778.0,2.4643877387257263,65846.0,2.1134970309741616,249.0,0.00799229658160809,59075.0,1.8961643395923609
EWR,205209.0,19.50285116897928,4065.0,0.386333396692644,53478.0,5.082493822467211,45736.0,4.346702147880631,110.0,0.01045428625736552,101820.0,9.67686751568143
DTW,203653.0,16.73126848504765,49294.0,4.049786395004929,57270.0,4.705060795267828,51364.0,4.219848833388104,25.0,0.0020538941833716726,45700.0,3.7545185672034176
DEN,198511.0,10.726265737288594,7237.0,0.39104122764359434,64379.0,3.478629707678176,56016.0,3.0267466364078457,11.0,5.943696979521262E-4,70868.0,3.8292537958610255
LAX,193056.0,10.732488325550367,3400.0,0.18901489882143652,63751.0,3.544084945519235,57646.0,3.2046920169001556,48.0,0.00266844563042028,68211.0,3.7920280186791193
DCA,177354.0,14.980488216910212,15838.0,1.3377819072556805,41928.0,3.5415153306867135,51847.0,4.379339471239125,224.0,0.01892051693555199,67517.0,5.702930990793141
CLT,155158.0,8.1234554973822,1839.0,0.096282722513089,52808.0,2.7648167539267017,38276.0,2.003979057591623,376.0,0.01968586387434555,61859.0,3.2386910994764397
JFK,150088.0,14.31454458750596,9839.0,0.9383881735813067,53035.0,5.0581783500238435,41812.0,3.987792083929423,126.0,0.01201716738197425,45276.0,4.3181688125894135
MSP,137715.0,11.306650246305418,30019.0,2.464614121510673,43291.0,3.554269293924466,36848.0,3.025287356321839,59.0,0.004844006568144499,27498.0,2.2576354679802955
IAH,136715.0,9.365324016988628,6044.0,0.4140293190848061,52559.0,3.6004247157144813,37265.0,2.5527469516372108,85.0,0.0058227154404712975,40762.0,2.792300315111659
MCO,124145.0,10.306766293067662,2588.0,0.21486093814860938,39486.0,3.278206724782067,35541.0,2.9506849315068493,297.0,0.024657534246575342,46233.0,3.8383561643835615
LAS,123072.0,9.317283670224846,1404.0,0.10629116511469452,37955.0,2.8734196381255206,36552.0,2.767204178968885,104.0,0.00787341963812552,47057.0,3.562495268377621
PHX,113580.0,7.694600636813224,2610.0,0.17681728880157171,44571.0,3.01951087324707,28813.0,1.9519680238466228,194.0,0.013142741006706862,37392.0,2.5331617099112527
FLL,109618.0,12.605565777368906,1483.0,0.1705381784728611,31554.0,3.6285648574057037,37598.0,4.323597056117755,785.0,0.09027138914443422,38198.0,4.392594296228151
SLC,99048.0,10.605846450369418,12082.0,1.293714530463647,33658.0,3.604026126994325,26232.0,2.8088660456151624,65.0,0.0069600599635935324,27011.0,2.892279687332691
MIA,96563.0,12.22161751677003,1438.0,0.18200227819263384,35147.0,4.4484242500949245,32970.0,4.172889507657259,86.0,0.010884698139476016,26922.0,3.407416782685736
PHL,81836.0,9.00583250797843,3006.0,0.3308022449653351,22651.0,2.4926818531968746,30011.0,3.3026301309563113,198.0,0.021789369428854406,25970.0,2.857928909431055
IAD,78196.0,14.93144930303609,9537.0,1.8210807714340271,24757.0,4.7273248042772575,23565.0,4.499713576475081,42.0,0.008019858697727707,20295.0,3.8753102921519953
MDW,76112.0,11.873946957878315,4766.0,0.7435257410296412,32102.0,5.00811232449298,16665.0,2.5998439937597504,201.0,0.03135725429017161,22378.0,3.4911076443057723
SEA,74950.0,7.3264907135874875,1945.0,0.19012707722385142,21532.0,2.104789833822092,33274.0,3.2525904203323557,17.0,0.0016617790811339198,18182.0,1.7773216031280548
RDU,70298.0,14.74061648144265,2284.0,0.4789263996644999,15898.0,3.3336129167540367,26146.0,5.482491088278465,13.0,0.002725938351855735,25957.0,5.442860138393793
BWI,69866.0,8.989449305198146,4374.0,0.5627895007720021,26320.0,3.386515697375193,19488.0,2.5074626865671643,170.0,0.021873391662377766,19514.0,2.51080802882141
BNA,69019.0,11.117751288659793,2091.0,0.33682345360824745,19581.0,3.1541559278350517,22076.0,3.556056701030928,24.0,0.003865979381443299,25247.0,4.066849226804123
SAN,65158.0,8.695849459495529,1104.0,0.14733751501401307,14833.0,1.979580942212732,21984.0,2.933938342452956,119.0,0.015881489390097425,27118.0,3.6191111704257306
TPA,63669.0,9.608964684575913,623.0,0.09402354361605796,18020.0,2.719589495925143,18892.0,2.8511922728644734,93.0,0.014035617265318443,26041.0,3.93012375490492
STL,63131.0,11.80239297064872,3311.0,0.6189942045242102,19204.0,3.590203776406805,19534.0,3.651897550944102,53.0,0.00990839409235371,21029.0,3.9313890446812487
CLE,61636.0,15.796002050230651,4779.0,1.2247565351101999,16128.0,4.133264992311635,21109.0,5.409789851358278,4.0,0.0010251153254741158,19616.0,5.027165556125064
CVG,57751.0,15.562112638102937,3317.0,0.8938291565615737,15648.0,4.216653193209377,23367.0,6.296685529506871,131.0,0.03530045809754783,15288.0,4.1196443007275665
PIT,55856.0,14.069521410579345,1579.0,0.3977329974811083,10705.0,2.6964735516372795,24290.0,6.1183879093199,402.0,0.10125944584382872,18880.0,4.755667506297229
RSW,54574.0,14.27517656290871,1114.0,0.2913941930421135,14179.0,3.7088673816374573,16190.0,4.2348940622547735,0.0,0.0,23091.0,6.040020925974366
CMH,50739.0,13.724371111712198,1753.0,0.4741682445225859,12552.0,3.395185285366513,21392.0,5.786313226940763,16.0,0.004327833378414931,15026.0,4.064376521503922
IND,47882.0,12.382208430307733,1223.0,0.31626583915179723,16335.0,4.224204809930178,16443.0,4.252133436772692,0.0,0.0,13881.0,3.5896043444530643
MCI,46198.0,10.36294302377748,1741.0,0.3905338716913414,10692.0,2.398384925975774,16677.0,3.7409152086137283,28.0,0.006280843427545985,17060.0,3.8268281740690893
PBI,41647.0,16.915922014622257,225.0,0.09138911454102355,6793.0,2.7591389114541025,16138.0,6.554833468724614,0.0,0.0,18491.0,7.510560519902518
AUS,40684.0,8.223974125732767,679.0,0.13725490196078433,12886.0,2.604810996563574,12265.0,2.4792803719425915,33.0,0.0066707095209217705,14821.0,2.995957145744896
PDX,39899.0,8.369834277323264,2594.0,0.5441577512062094,12765.0,2.6777847702957835,12762.0,2.6771554436752676,1.0,2.0977554017201594E-4,11777.0,2.4705265366058318
MKE,39553.0,15.852905811623247,5395.0,2.162324649298597,10090.0,4.044088176352705,10897.0,4.36753507014028,6.0,0.002404809619238477,13165.0,5.2765531062124245
MSY,38821.0,8.444855340439418,395.0,0.08592560365455731,6823.0,1.484228844898847,15208.0,3.308244507287361,49.0,0.010659125516641287,16346.0,3.55579725908201
SJU,35517.0,15.388648180242635,0.0,0.0,14955.0,6.479636048526863,4137.0,1.7924610051993068,63.0,0.02729636048526863,16362.0,7.089254766031196
ASE,34148.0,37.0770901194354,1937.0,2.1031487513572205,7751.0,8.41585233441911,7970.0,8.653637350705754,68.0,0.0738327904451683,16422.0,17.830618892508145
SJC,34010.0,6.905583756345178,1715.0,0.34822335025380713,9364.0,1.9013197969543147,8693.0,1.7650761421319796,41.0,0.008324873096446701,14197.0,2.8826395939086296
ORF,33626.0,17.440871369294605,1327.0,0.6882780082987552,6456.0,3.3485477178423237,12174.0,6.314315352697095,10.0,0.005186721991701245,13659.0,7.08454356846473
DAL,31507.0,5.068693693693693,364.0,0.05855855855855856,12545.0,2.0181788931788933,6325.0,1.0175353925353925,120.0,0.019305019305019305,12153.0,1.95511583011583
GRR,31308.0,20.788844621513945,4289.0,2.847941567065073,6584.0,4.371845949535192,9522.0,6.322709163346613,5.0,0.0033200531208499337,10908.0,7.243027888446215
BUF,30773.0,16.103087388801676,3159.0,1.653061224489796,7872.0,4.119309262166405,8757.0,4.582417582417582,0.0,0.0,10985.0,5.7482993197278915
HOU,30157.0,6.033813525410164,200.0,0.040016006402561026,13042.0,2.609443777511004,3191.0,0.6384553821528611,59.0,0.011804721888755502,13665.0,2.734093637454982
JAX,30156.0,11.164753794890782,1093.0,0.4046649389115142,8066.0,2.9863013698630136,9199.0,3.405775638652351,0.0,0.0,11798.0,4.368011847463903
OMA,29997.0,14.718842001962708,1468.0,0.7203140333660452,9163.0,4.496074582924436,9442.0,4.63297350343474,0.0,0.0,9924.0,4.869479882237488
RIC,29586.0,15.313664596273291,1926.0,0.9968944099378882,6064.0,3.1387163561076603,12202.0,6.315734989648033,0.0,0.0,9394.0,4.86231884057971
SDF,27829.0,15.573027420257414,2171.0,1.2148852825965304,8230.0,4.605484051482932,8321.0,4.65640738668159,29.0,0.016228315612758813,9078.0,5.080022383883604
OKC,27466.0,14.586298459904407,5380.0,2.857142857142857,6600.0,3.505045140732873,5235.0,2.780138077535847,64.0,0.033988316516197555,10187.0,5.409984067976633
SNA,26373.0,7.720433255269321,955.0,0.27956674473067916,5546.0,1.623536299765808,9646.0,2.8237704918032787,0.0,0.0,10226.0,2.993559718969555
BDL,25372.0,10.615899581589957,1358.0,0.5682008368200837,7362.0,3.0803347280334727,5548.0,2.3213389121338914,0.0,0.0,11104.0,4.6460251046025105
BUR,25055.0,10.540597391670172,326.0,0.137147665124106,8178.0,3.4404711821623897,7072.0,2.9751787968026924,7.0,0.002944888514934792,9472.0,3.9848548590660497
SMF,24647.0,6.18804920913884,562.0,0.14109967361285464,5247.0,1.3173487321114739,7050.0,1.7700225960331408,0.0,0.0,11788.0,2.959578207381371
HNL,24294.0,6.176964149504196,632.0,0.16069158403254513,11088.0,2.8192219679633865,1827.0,0.4645308924485126,1200.0,0.30511060259344014,9547.0,2.427409102466311
OAK,24036.0,5.741997133301481,394.0,0.09412326803631152,8974.0,2.1438127090301005,4518.0,1.0793119923554706,31.0,0.007405637840420449,10119.0,2.4173435260391782
SYR,23669.0,21.05782918149466,1008.0,0.896797153024911,7464.0,6.640569395017794,5684.0,5.056939501779359,0.0,0.0,9513.0,8.463523131672599
RNO,22840.0,14.783171521035598,1210.0,0.7831715210355987,6681.0,4.324271844660194,5824.0,3.76957928802589,0.0,0.0,9125.0,5.906148867313916
DSM,22416.0,16.506627393225333,1578.0,1.1620029455081002,9012.0,6.636229749631812,5687.0,4.187776141384389,0.0,0.0,6139.0,4.520618556701031
SAT,20425.0,6.269183548189073,13.0,0.003990178023327195,4857.0,1.4907918968692448,6288.0,1.9300184162062615,13.0,0.003990178023327195,9254.0,2.840392879066912
BTV,20128.0,28.07252440725244,2980.0,4.156206415620642,3946.0,5.503486750348675,5656.0,7.888423988842399,0.0,0.0,7546.0,10.524407252440724
HPN,19096.0,20.984615384615385,2849.0,3.1307692307692307,6385.0,7.016483516483516,1882.0,2.0681318681318683,6.0,0.006593406593406593,7974.0,8.762637362637363
ROC,18955.0,17.061206120612063,1417.0,1.2754275427542754,4274.0,3.846984698469847,6507.0,5.856885688568857,17.0,0.0153015301530153,6740.0,6.066606660666067
MEM,18803.0,9.712293388429751,1.0,5.165289256198347E-4,5102.0,2.635330578512397,6293.0,3.25051652892562,0.0,0.0,7407.0,3.8259297520661155
MSN,18600.0,18.111002921129504,2412.0,2.3485881207400197,5077.0,4.943524829600779,4519.0,4.400194741966894,0.0,0.0,6592.0,6.418695228821811
OGG,18256.0,8.718242597898758,384.0,0.1833810888252149,9727.0,4.645176695319962,1308.0,0.6246418338108882,0.0,0.0,6837.0,3.2650429799426934
PSP,17902.0,13.551854655563966,591.0,0.4473883421650265,3728.0,2.822104466313399,6446.0,4.879636638909917,0.0,0.0,7137.0,5.4027252081756245
SAV,17509.0,15.042096219931272,1378.0,1.1838487972508591,4524.0,3.88659793814433,5802.0,4.984536082474227,0.0,0.0,5805.0,4.987113402061856
JAC,17115.0,41.14182692307692,1577.0,3.7908653846153846,3037.0,7.300480769230769,3864.0,9.288461538461538,0.0,0.0,8637.0,20.76201923076923
XNA,15421.0,14.71469465648855,172.0,0.16412213740458015,5291.0,5.048664122137405,5139.0,4.903625954198473,42.0,0.04007633587786259,4777.0,4.558206106870229
TUS,15212.0,8.584650112866818,645.0,0.3639954853273138,4858.0,2.7415349887133185,4270.0,2.409706546275395,0.0,0.0,5439.0,3.06941309255079
TYS,14969.0,11.088148148148148,1337.0,0.9903703703703703,4550.0,3.3703703703703702,4101.0,3.037777777777778,29.0,0.02148148148148148,4952.0,3.668148148148148
FAT,14897.0,15.263319672131148,300.0,0.3073770491803279,5756.0,5.897540983606557,3245.0,3.324795081967213,0.0,0.0,5596.0,5.733606557377049
EGE,14705.0,30.508298755186722,932.0,1.933609958506224,2328.0,4.829875518672199,3167.0,6.570539419087137,36.0,0.07468879668049792,8242.0,17.099585062240664
BHM,14661.0,10.310126582278482,463.0,0.32559774964838256,4563.0,3.2088607594936707,2953.0,2.076652601969058,2.0,0.0014064697609001407,6680.0,4.6976090014064695
ALB,14419.0,14.957468879668049,1789.0,1.8558091286307055,3529.0,3.6607883817427385,4255.0,4.41390041493776,0.0,0.0,4846.0,5.026970954356846
PVD,14361.0,10.598523985239853,939.0,0.6929889298892989,2560.0,1.8892988929889298,3830.0,2.8265682656826567,87.0,0.06420664206642067,6945.0,5.125461254612546
CHS,14290.0,8.391074574280681,104.0,0.061068702290076333,3610.0,2.1197886083382267,4724.0,2.773928361714621,4.0,0.002348796241926013,5848.0,3.433940105695831
GSO,14252.0,11.558799675587997,534.0,0.43309002433090027,3096.0,2.510948905109489,4981.0,4.039740470397405,15.0,0.012165450121654502,5626.0,4.562854825628548
LEX,14229.0,18.289203084832906,1220.0,1.5681233933161953,4619.0,5.9370179948586115,4218.0,5.42159383033419,0.0,0.0,4172.0,5.362467866323907
ONT,13484.0,8.113116726835138,100.0,0.06016847172081829,3481.0,2.094464500601685,4124.0,2.4813477737665464,56.0,0.03369434416365824,5723.0,3.4434416365824307
CID,12862.0,17.814404432132964,1277.0,1.7686980609418284,4214.0,5.836565096952908,2844.0,3.9390581717451525,0.0,0.0,4527.0,6.270083102493075
BOI,12848.0,8.152284263959391,77.0,0.04885786802030457,3576.0,2.269035532994924,4353.0,2.7620558375634516,0.0,0.0,4842.0,3.0723350253807107
FAR,12841.0,29.79350348027842,2474.0,5.740139211136891,5911.0,13.71461716937355,1547.0,3.589327146171694,13.0,0.030162412993039442,2896.0,6.719257540603248
ABQ,12257.0,7.080878105141537,580.0,0.3350664355863663,3641.0,2.103408434430965,4242.0,2.4506065857885617,14.0,0.008087810514153668,3780.0,2.1837088388214903
FWA,12101.0,20.82788296041308,670.0,1.153184165232358,4486.0,7.721170395869191,2920.0,5.025817555938038,0.0,0.0,4025.0,6.927710843373494
SBN,11652.0,20.478031634446396,1017.0,1.7873462214411249,4962.0,8.720562390158172,2536.0,4.456942003514938,0.0,0.0,3137.0,5.513181019332162
MFR,11526.0,33.02578796561605,822.0,2.355300859598854,3302.0,9.461318051575931,2444.0,7.002865329512894,32.0,0.09169054441260745,4926.0,14.114613180515759
RDM,11102.0,41.11851851851852,2392.0,8.85925925925926,1590.0,5.888888888888889,3717.0,13.766666666666667,0.0,0.0,3403.0,12.603703703703705
FSD,11013.0,18.761499148211243,784.0,1.3356047700170357,3215.0,5.477001703577513,2089.0,3.5587734241908007,24.0,0.04088586030664395,4901.0,8.34923339011925
DAY,10955.0,10.325164938737041,238.0,0.22431668237511782,3091.0,2.9132893496701224,4074.0,3.8397737983034874,0.0,0.0,3552.0,3.347785108388313
GSP,10806.0,9.050251256281408,559.0,0.46817420435510887,3668.0,3.0720268006700167,2717.0,2.275544388609715,0.0,0.0,3862.0,3.234505862646566
BZN,10790.0,18.571428571428573,375.0,0.6454388984509466,1269.0,2.1841652323580036,5722.0,9.84853700516351,0.0,0.0,3424.0,5.89328743545611
LGB,10728.0,8.86611570247934,191.0,0.1578512396694215,2784.0,2.3008264462809915,3180.0,2.628099173553719,0.0,0.0,4573.0,3.7793388429752066
COS,10665.0,14.957924263674615,251.0,0.3520336605890603,5363.0,7.521739130434782,2778.0,3.8962131837307155,0.0,0.0,2273.0,3.1879382889200563
MLI,10546.0,24.75586854460094,2224.0,5.220657276995305,2811.0,6.598591549295775,2031.0,4.767605633802817,0.0,0.0,3480.0,8.169014084507042
SRQ,10508.0,15.521418020679468,40.0,0.059084194977843424,1424.0,2.103397341211226,4947.0,7.307237813884786,0.0,0.0,4097.0,6.051698670605613
ELP,10409.0,7.797003745318352,46.0,0.03445692883895131,4740.0,3.550561797752809,1359.0,1.0179775280898877,3.0,0.0022471910112359553,4261.0,3.1917602996254684
AVL,10187.0,16.45718901453958,173.0,0.27948303715670436,4061.0,6.560581583198708,1057.0,1.7075928917609047,0.0,0.0,4896.0,7.909531502423263
ICT,10186.0,12.513513513513514,244.0,0.29975429975429974,3107.0,3.8169533169533167,3000.0,3.6855036855036856,0.0,0.0,3835.0,4.711302211302211
SGF,9930.0,14.865269461077844,395.0,0.5913173652694611,3323.0,4.974550898203593,2906.0,4.350299401197605,20.0,0.029940119760479042,3286.0,4.919161676646707
GEG,9703.0,10.38865096359743,366.0,0.39186295503211993,3816.0,4.085653104925053,2589.0,2.771948608137045,0.0,0.0,2932.0,3.139186295503212
TUL,9643.0,6.848721590909091,64.0,0.045454545454545456,2801.0,1.9893465909090908,2196.0,1.5596590909090908,0.0,0.0,4582.0,3.2542613636363638
MDT,9559.0,19.1563126252505,407.0,0.8156312625250501,3767.0,7.5490981963927855,2339.0,4.687374749498998,5.0,0.01002004008016032,3041.0,6.094188376753507
CAK,9319.0,17.13051470588235,1298.0,2.386029411764706,3444.0,6.330882352941177,2697.0,4.957720588235294,21.0,0.03860294117647059,1859.0,3.417279411764706
BTR,9282.0,15.068181818181818,1815.0,2.9464285714285716,3545.0,5.75487012987013,1319.0,2.1412337662337664,0.0,0.0,2603.0,4.22564935064935
PWM,9082.0,12.322930800542741,494.0,0.6702849389416553,1915.0,2.598371777476255,2953.0,4.006784260515603,0.0,0.0,3720.0,5.047489823609227
SBA,8189.0,14.862068965517242,217.0,0.3938294010889292,1643.0,2.9818511796733214,3333.0,6.049001814882033,0.0,0.0,2996.0,5.437386569872959
EUG,7986.0,25.51437699680511,0.0,0.0,1019.0,3.2555910543130993,2964.0,9.46964856230032,0.0,0.0,4003.0,12.789137380191693
CHA,7975.0,10.4521625163827,457.0,0.598951507208388,3231.0,4.234600262123198,1431.0,1.875491480996068,0.0,0.0,2856.0,3.743119266055046
CHO,7939.0,16.927505330490405,138.0,0.2942430703624733,1776.0,3.786780383795309,2787.0,5.9424307036247335,0.0,0.0,3238.0,6.904051172707889
RAP,7880.0,29.62406015037594,1653.0,6.214285714285714,572.0,2.1503759398496243,641.0,2.4097744360902253,0.0,0.0,5014.0,18.849624060150376
LIT,7826.0,7.561352657004831,73.0,0.07053140096618357,2177.0,2.1033816425120775,1933.0,1.8676328502415458,0.0,0.0,3643.0,3.519806763285024
SBP,7714.0,18.768856447688563,261.0,0.635036496350365,2302.0,5.600973236009732,2043.0,4.970802919708029,0.0,0.0,3108.0,7.562043795620438
EYW,7691.0,14.269016697588127,153.0,0.28385899814471244,1041.0,1.9313543599257885,3226.0,5.9851576994434135,0.0,0.0,3271.0,6.0686456400742115
MYR,7442.0,13.033274956217163,68.0,0.1190893169877408,1789.0,3.1330998248686517,4064.0,7.117338003502627,0.0,0.0,1521.0,2.6637478108581436
SFB,7424.0,10.651362984218077,87.0,0.12482065997130559,2906.0,4.169296987087518,1353.0,1.9411764705882353,0.0,0.0,3078.0,4.416068866571019
ATW,7311.0,18.746153846153845,394.0,1.0102564102564102,2300.0,5.897435897435898,1190.0,3.051282051282051,0.0,0.0,3427.0,8.787179487179488
LIH,7177.0,6.317781690140845,299.0,0.2632042253521127,2950.0,2.596830985915493,546.0,0.48063380281690143,10.0,0.008802816901408451,3372.0,2.9683098591549295
GRB,7009.0,19.633053221288517,943.0,2.641456582633053,2305.0,6.456582633053221,1290.0,3.6134453781512605,0.0,0.0,2471.0,6.921568627450981
KOA,6830.0,5.710702341137123,8.0,0.006688963210702341,2178.0,1.8210702341137124,963.0,0.8051839464882943,21.0,0.017558528428093644,3660.0,3.060200668896321
PNS,6803.0,7.508830022075055,175.0,0.19315673289183222,1087.0,1.1997792494481236,2329.0,2.5706401766004414,32.0,0.03532008830022075,3180.0,3.5099337748344372
AZA,6366.0,14.022026431718063,308.0,0.6784140969162996,2085.0,4.592511013215859,2016.0,4.440528634361233,4.0,0.00881057268722467,1953.0,4.3017621145374445
PIA,6355.0,17.31607629427793,1219.0,3.321525885558583,1228.0,3.346049046321526,1409.0,3.8392370572207084,53.0,0.1444141689373297,2446.0,6.664850136239782
MAF,6258.0,8.679611650485437,152.0,0.21081830790568654,3233.0,4.484049930651873,1144.0,1.5866851595006934,0.0,0.0,1729.0,2.3980582524271843
JAN,6240.0,9.483282674772036,239.0,0.36322188449848025,2202.0,3.346504559270517,1066.0,1.6200607902735562,0.0,0.0,2733.0,4.1534954407294835
HSV,6081.0,8.540730337078651,33.0,0.046348314606741575,1371.0,1.925561797752809,1032.0,1.449438202247191,0.0,0.0,3645.0,5.11938202247191
HDN,5863.0,22.724806201550386,13.0,0.050387596899224806,2149.0,8.329457364341085,1054.0,4.0852713178294575,0.0,0.0,2647.0,10.25968992248062
ILM,5792.0,10.569343065693431,17.0,0.03102189781021898,2356.0,4.299270072992701,1667.0,3.041970802919708,0.0,0.0,1752.0,3.197080291970803
RST,5731.0,18.607142857142858,109.0,0.3538961038961039,1579.0,5.126623376623376,1421.0,4.613636363636363,0.0,0.0,2622.0,8.512987012987013
CRW,5626.0,16.644970414201183,1231.0,3.6420118343195265,1576.0,4.662721893491124,733.0,2.168639053254438,0.0,0.0,2086.0,6.171597633136095
MEI,5589.0,60.096774193548384,0.0,0.0,3391.0,36.46236559139785,153.0,1.6451612903225807,0.0,0.0,2045.0,21.989247311827956
ANC,5582.0,4.238420652999241,490.0,0.3720577069096431,2711.0,2.058466211085801,643.0,0.4882308276385725,0.0,0.0,1738.0,1.319665907365224
JMS,5524.0,65.76190476190476,911.0,10.845238095238095,1580.0,18.80952380952381,165.0,1.9642857142857142,0.0,0.0,2868.0,34.142857142857146
ABE,5440.0,16.047197640117993,348.0,1.0265486725663717,1881.0,5.548672566371682,1678.0,4.949852507374631,0.0,0.0,1533.0,4.522123893805309
BMI,5287.0,22.69098712446352,949.0,4.072961373390558,2748.0,11.793991416309012,435.0,1.8669527896995708,185.0,0.7939914163090128,970.0,4.163090128755365
LAN,5100.0,20.0,1218.0,4.776470588235294,1263.0,4.952941176470588,983.0,3.854901960784314,0.0,0.0,1636.0,6.415686274509804
ISP,5081.0,10.719409282700422,323.0,0.6814345991561181,2169.0,4.575949367088608,1426.0,3.0084388185654007,0.0,0.0,1163.0,2.4535864978902953
ACV,5064.0,39.25581395348837,0.0,0.0,1518.0,11.767441860465116,2353.0,18.24031007751938,0.0,0.0,1193.0,9.248062015503876
DLH,5040.0,28.0,1469.0,8.161111111111111,1298.0,7.211111111111111,687.0,3.816666666666667,0.0,0.0,1586.0,8.811111111111112
TVC,4975.0,21.536796536796537,333.0,1.4415584415584415,1494.0,6.467532467532467,573.0,2.4805194805194803,0.0,0.0,2575.0,11.147186147186147
PGD,4961.0,11.728132387706856,147.0,0.3475177304964539,1116.0,2.6382978723404253,906.0,2.141843971631206,0.0,0.0,2792.0,6.60047281323877
SWF,4860.0,40.84033613445378,0.0,0.0,1425.0,11.974789915966387,404.0,3.3949579831932772,0.0,0.0,3031.0,25.470588235294116
STT,4847.0,13.888252148997134,190.0,0.5444126074498568,833.0,2.3868194842406876,526.0,1.507163323782235,0.0,0.0,3298.0,9.449856733524355
SHV,4838.0,9.375968992248062,599.0,1.1608527131782946,1051.0,2.0368217054263567,1099.0,2.12984496124031,0.0,0.0,2089.0,4.0484496124031
CAE,4773.0,7.6368,21.0,0.0336,1128.0,1.8048,1080.0,1.728,0.0,0.0,2544.0,4.0704
BIS,4596.0,15.90311418685121,1048.0,3.6262975778546713,581.0,2.01038062283737,479.0,1.657439446366782,104.0,0.35986159169550175,2384.0,8.249134948096886
CMI,4566.0,22.38235294117647,1494.0,7.323529411764706,1807.0,8.857843137254902,482.0,2.3627450980392157,0.0,0.0,783.0,3.838235294117647
LFT,4433.0,10.605263157894736,151.0,0.361244019138756,791.0,1.8923444976076556,1081.0,2.5861244019138754,23.0,0.05502392344497608,2387.0,5.7105263157894735
MHT,4331.0,7.019448946515397,0.0,0.0,1109.0,1.7974068071312803,1297.0,2.1021069692058347,0.0,0.0,1925.0,3.119935170178282
VPS,4290.0,8.68421052631579,561.0,1.1356275303643724,342.0,0.6923076923076923,647.0,1.3097165991902835,0.0,0.0,2740.0,5.5465587044534415
MOB,4261.0,9.728310502283104,93.0,0.21232876712328766,1396.0,3.1872146118721463,907.0,2.0707762557077625,0.0,0.0,1865.0,4.257990867579909
MRY,4093.0,11.213698630136987,0.0,0.0,719.0,1.9698630136986301,1233.0,3.378082191780822,0.0,0.0,2141.0,5.865753424657535
JNU,4075.0,12.694704049844237,284.0,0.8847352024922118,983.0,3.0623052959501558,1064.0,3.3146417445482865,0.0,0.0,1744.0,5.433021806853582
BGR,3871.0,20.373684210526317,0.0,0.0,649.0,3.4157894736842107,1825.0,9.605263157894736,0.0,0.0,1397.0,7.352631578947369
TTN,3845.0,18.848039215686274,0.0,0.0,1338.0,6.5588235294117645,946.0,4.637254901960785,0.0,0.0,1561.0,7.651960784313726
MGM,3825.0,12.966101694915254,4.0,0.013559322033898305,1524.0,5.1661016949152545,774.0,2.623728813559322,2.0,0.006779661016949152,1521.0,5.15593220338983
AZO,3712.0,25.25170068027211,307.0,2.0884353741496597,1788.0,12.16326530612245,546.0,3.7142857142857144,0.0,0.0,1071.0,7.285714285714286
IMT,3675.0,63.36206896551724,0.0,0.0,2265.0,39.05172413793103,94.0,1.6206896551724137,0.0,0.0,1316.0,22.689655172413794
FNT,3661.0,13.075,13.0,0.04642857142857143,1042.0,3.7214285714285715,840.0,3.0,9.0,0.03214285714285714,1757.0,6.275
DRO,3640.0,15.294117647058824,354.0,1.4873949579831933,1099.0,4.617647058823529,949.0,3.9873949579831933,0.0,0.0,1238.0,5.201680672268908
ECP,3604.0,7.991130820399113,20.0,0.04434589800443459,1086.0,2.4079822616407984,546.0,1.2106430155210643,0.0,0.0,1952.0,4.328159645232816
COU,3593.0,19.317204301075268,179.0,0.9623655913978495,763.0,4.102150537634409,1038.0,5.580645161290323,0.0,0.0,1613.0,8.672043010752688
FAY,3561.0,13.387218045112782,0.0,0.0,2178.0,8.18796992481203,313.0,1.1766917293233083,1.0,0.0037593984962406013,1069.0,4.018796992481203
EVV,3324.0,9.579250720461095,216.0,0.622478386167147,853.0,2.4582132564841497,839.0,2.4178674351585014,0.0,0.0,1416.0,4.0806916426512965
BFL,3238.0,18.089385474860336,41.0,0.22905027932960895,1949.0,10.888268156424582,483.0,2.6983240223463687,0.0,0.0,765.0,4.273743016759776
GFK,3224.0,19.19047619047619,1552.0,9.238095238095237,872.0,5.190476190476191,291.0,1.7321428571428572,0.0,0.0,509.0,3.0297619047619047
HYS,3216.0,30.05607476635514,97.0,0.9065420560747663,687.0,6.420560747663552,437.0,4.08411214953271,0.0,0.0,1995.0,18.64485981308411
ITH,3211.0,45.871428571428574,662.0,9.457142857142857,2117.0,30.242857142857144,137.0,1.957142857142857,0.0,0.0,295.0,4.214285714285714
ROA,3187.0,15.248803827751196,8.0,0.03827751196172249,890.0,4.258373205741627,1077.0,5.15311004784689,0.0,0.0,1212.0,5.7990430622009566
MMH,3185.0,34.24731182795699,1116.0,12.0,15.0,0.16129032258064516,678.0,7.290322580645161,0.0,0.0,1376.0,14.795698924731182
GNV,3178.0,8.901960784313726,63.0,0.17647058823529413,1998.0,5.5966386554621845,381.0,1.0672268907563025,0.0,0.0,736.0,2.0616246498599438
MFE,3131.0,7.674019607843137,0.0,0.0,596.0,1.4607843137254901,383.0,0.9387254901960784,0.0,0.0,2152.0,5.2745098039215685
GJT,3129.0,10.902439024390244,0.0,0.0,1827.0,6.365853658536586,324.0,1.1289198606271778,0.0,0.0,978.0,3.407665505226481
TOL,3053.0,17.75,231.0,1.3430232558139534,1976.0,11.488372093023257,479.0,2.7848837209302326,0.0,0.0,367.0,2.133720930232558
PSC,3026.0,21.309859154929576,0.0,0.0,1526.0,10.746478873239436,246.0,1.732394366197183,27.0,0.19014084507042253,1227.0,8.640845070422536
SAF,3023.0,26.517543859649123,9.0,0.07894736842105263,2088.0,18.31578947368421,270.0,2.3684210526315788,0.0,0.0,656.0,5.754385964912281
MQT,3009.0,32.354838709677416,779.0,8.376344086021506,1090.0,11.720430107526882,934.0,10.043010752688172,0.0,0.0,206.0,2.21505376344086
TLH,3002.0,6.114052953156823,78.0,0.15885947046843177,452.0,0.9205702647657841,698.0,1.4215885947046842,0.0,0.0,1774.0,3.6130346232179225
MBS,2915.0,15.261780104712042,143.0,0.7486910994764397,682.0,3.5706806282722514,493.0,2.581151832460733,0.0,0.0,1597.0,8.361256544502618
AMA,2892.0,6.836879432624113,139.0,0.32860520094562645,750.0,1.7730496453900708,396.0,0.9361702127659575,0.0,0.0,1607.0,3.7990543735224587
SLN,2863.0,35.7875,172.0,2.15,851.0,10.6375,829.0,10.3625,0.0,0.0,1011.0,12.6375
MOT,2792.0,19.524475524475523,429.0,3.0,1562.0,10.923076923076923,227.0,1.5874125874125875,0.0,0.0,574.0,4.013986013986014
GTF,2694.0,23.025641025641026,629.0,5.3760683760683765,1279.0,10.931623931623932,183.0,1.564102564102564,0.0,0.0,603.0,5.153846153846154
AVP,2684.0,11.324894514767932,996.0,4.2025316455696204,570.0,2.4050632911392404,487.0,2.0548523206751055,0.0,0.0,631.0,2.6624472573839664
MHK,2639.0,18.985611510791365,0.0,0.0,1362.0,9.798561151079136,250.0,1.7985611510791366,0.0,0.0,1027.0,7.388489208633094
GPT,2636.0,7.301939058171745,6.0,0.01662049861495845,646.0,1.7894736842105263,754.0,2.0886426592797784,0.0,0.0,1230.0,3.407202216066482
CIU,2615.0,45.08620689655172,236.0,4.068965517241379,1598.0,27.551724137931036,40.0,0.6896551724137931,0.0,0.0,741.0,12.775862068965518
MTJ,2591.0,12.221698113207546,50.0,0.2358490566037736,395.0,1.8632075471698113,575.0,2.7122641509433962,0.0,0.0,1571.0,7.410377358490566
BQN,2537.0,12.943877551020408,15.0,0.07653061224489796,156.0,0.7959183673469388,527.0,2.688775510204082,0.0,0.0,1839.0,9.38265306122449
PLN,2523.0,33.19736842105263,58.0,0.7631578947368421,1020.0,13.421052631578947,93.0,1.2236842105263157,0.0,0.0,1352.0,17.789473684210527
DVL,2419.0,45.64150943396226,644.0,12.150943396226415,1377.0,25.9811320754717,217.0,4.09433962264151,0.0,0.0,181.0,3.4150943396226414
KTN,2415.0,13.64406779661017,67.0,0.3785310734463277,565.0,3.1920903954802258,249.0,1.4067796610169492,0.0,0.0,1534.0,8.666666666666666
ACY,2392.0,8.026845637583893,6.0,0.020134228187919462,800.0,2.684563758389262,655.0,2.197986577181208,0.0,0.0,931.0,3.1241610738255035
LBB,2370.0,4.397031539888682,0.0,0.0,239.0,0.44341372912801486,432.0,0.8014842300556586,0.0,0.0,1699.0,3.1521335807050095
SPI,2359.0,18.286821705426355,115.0,0.8914728682170543,465.0,3.604651162790698,628.0,4.868217054263566,0.0,0.0,1151.0,8.922480620155039
AGS,2310.0,6.814159292035399,58.0,0.1710914454277286,960.0,2.831858407079646,394.0,1.1622418879056047,0.0,0.0,898.0,2.6489675516224187
RFD,2285.0,47.604166666666664,70.0,1.4583333333333333,1493.0,31.104166666666668,331.0,6.895833333333333,0.0,0.0,391.0,8.145833333333334
TWF,2275.0,17.913385826771652,75.0,0.5905511811023622,264.0,2.078740157480315,1590.0,12.51968503937008,0.0,0.0,346.0,2.7244094488188977
FCA,2247.0,11.523076923076923,600.0,3.076923076923077,563.0,2.887179487179487,490.0,2.5128205128205128,0.0,0.0,594.0,3.046153846153846
TRI,2236.0,12.704545454545455,403.0,2.289772727272727,1185.0,6.732954545454546,162.0,0.9204545454545454,0.0,0.0,486.0,2.7613636363636362
BJI,2125.0,34.274193548387096,624.0,10.064516129032258,733.0,11.82258064516129,96.0,1.5483870967741935,0.0,0.0,672.0,10.838709677419354
CRP,2116.0,4.798185941043084,176.0,0.39909297052154197,325.0,0.7369614512471655,645.0,1.4625850340136055,0.0,0.0,970.0,2.199546485260771
PIE,2098.0,3.8284671532846715,108.0,0.19708029197080293,799.0,1.4580291970802919,326.0,0.5948905109489051,0.0,0.0,865.0,1.5784671532846715
LRD,2067.0,10.709844559585493,0.0,0.0,750.0,3.8860103626943006,525.0,2.7202072538860103,0.0,0.0,792.0,4.103626943005182
ORH,2057.0,22.118279569892472,0.0,0.0,1021.0,10.978494623655914,107.0,1.1505376344086022,11.0,0.11827956989247312,918.0,9.870967741935484
ESC,2046.0,37.888888888888886,10.0,0.18518518518518517,1025.0,18.98148148148148,302.0,5.592592592592593,0.0,0.0,709.0,13.12962962962963
MLU,2042.0,8.763948497854077,2.0,0.008583690987124463,930.0,3.9914163090128754,310.0,1.3304721030042919,0.0,0.0,800.0,3.4334763948497855
ROW,2038.0,18.69724770642202,0.0,0.0,1224.0,11.229357798165138,109.0,1.0,0.0,0.0,705.0,6.467889908256881
ABI,2036.0,11.976470588235294,470.0,2.764705882352941,697.0,4.1,475.0,2.7941176470588234,1.0,0.0058823529411764705,393.0,2.3117647058823527
GRK,2029.0,8.116,11.0,0.044,242.0,0.968,1113.0,4.452,0.0,0.0,663.0,2.652
PAH,1966.0,18.373831775700936,91.0,0.8504672897196262,222.0,2.074766355140187,284.0,2.6542056074766354,0.0,0.0,1369.0,12.794392523364486
BGM,1927.0,31.59016393442623,78.0,1.278688524590164,1705.0,27.950819672131146,47.0,0.7704918032786885,1.0,0.01639344262295082,96.0,1.5737704918032787
APN,1914.0,36.113207547169814,1074.0,20.264150943396228,80.0,1.509433962264151,137.0,2.5849056603773586,9.0,0.16981132075471697,614.0,11.584905660377359
HRL,1907.0,5.778787878787878,315.0,0.9545454545454546,189.0,0.5727272727272728,325.0,0.9848484848484849,0.0,0.0,1078.0,3.2666666666666666
CWA,1882.0,9.802083333333334,346.0,1.8020833333333333,488.0,2.5416666666666665,628.0,3.2708333333333335,0.0,0.0,420.0,2.1875
GCC,1812.0,31.24137931034483,0.0,0.0,1254.0,21.620689655172413,260.0,4.482758620689655,0.0,0.0,298.0,5.137931034482759
PBG,1779.0,15.883928571428571,16.0,0.14285714285714285,1154.0,10.303571428571429,368.0,3.2857142857142856,0.0,0.0,241.0,2.1517857142857144
RDD,1776.0,18.5,0.0,0.0,0.0,0.0,1129.0,11.760416666666666,0.0,0.0,647.0,6.739583333333333
BLI,1766.0,9.443850267379679,2.0,0.0106951871657754,105.0,0.5614973262032086,937.0,5.010695187165775,7.0,0.0374331550802139,715.0,3.823529411764706
AEX,1763.0,6.913725490196079,84.0,0.32941176470588235,241.0,0.9450980392156862,863.0,3.384313725490196,1.0,0.00392156862745098,574.0,2.2509803921568627
LSE,1755.0,11.546052631578947,108.0,0.7105263157894737,146.0,0.9605263157894737,683.0,4.493421052631579,0.0,0.0,818.0,5.381578947368421
SCE,1735.0,19.49438202247191,0.0,0.0,785.0,8.820224719101123,675.0,7.584269662921348,0.0,0.0,275.0,3.0898876404494384
CKB,1735.0,25.895522388059703,33.0,0.4925373134328358,581.0,8.671641791044776,509.0,7.597014925373134,0.0,0.0,612.0,9.134328358208956
CGI,1730.0,21.89873417721519,3.0,0.0379746835443038,285.0,3.607594936708861,413.0,5.227848101265823,0.0,0.0,1029.0,13.025316455696203
BLV,1716.0,29.586206896551722,980.0,16.896551724137932,114.0,1.9655172413793103,226.0,3.896551724137931,0.0,0.0,396.0,6.827586206896552
BRO,1714.0,9.117021276595745,0.0,0.0,436.0,2.3191489361702127,287.0,1.5265957446808511,0.0,0.0,991.0,5.2712765957446805
FAI,1698.0,4.810198300283286,242.0,0.6855524079320113,765.0,2.1671388101983005,200.0,0.56657223796034,0.0,0.0,491.0,1.3909348441926346
CLL,1686.0,9.418994413407821,7.0,0.03910614525139665,297.0,1.6592178770949721,468.0,2.6145251396648046,0.0,0.0,914.0,5.106145251396648
SGU,1635.0,5.431893687707642,15.0,0.04983388704318937,660.0,2.1926910299003324,407.0,1.3521594684385383,0.0,0.0,553.0,1.8372093023255813
IDA,1624.0,12.119402985074627,0.0,0.0,699.0,5.2164179104477615,389.0,2.9029850746268657,0.0,0.0,536.0,4.0
EAU,1585.0,25.56451612903226,0.0,0.0,331.0,5.338709677419355,599.0,9.661290322580646,0.0,0.0,655.0,10.564516129032258
JLN,1567.0,25.274193548387096,0.0,0.0,663.0,10.693548387096774,318.0,5.129032258064516,0.0,0.0,586.0,9.451612903225806
LWB,1565.0,30.096153846153847,339.0,6.519230769230769,255.0,4.903846153846154,259.0,4.980769230769231,0.0,0.0,712.0,13.692307692307692
SUN,1560.0,8.082901554404145,20.0,0.10362694300518134,466.0,2.4145077720207255,319.0,1.6528497409326426,0.0,0.0,755.0,3.911917098445596
BIL,1541.0,5.859315589353612,17.0,0.06463878326996197,454.0,1.726235741444867,463.0,1.7604562737642586,0.0,0.0,607.0,2.307984790874525
FSM,1531.0,9.167664670658683,37.0,0.2215568862275449,781.0,4.676646706586826,321.0,1.9221556886227544,0.0,0.0,392.0,2.3473053892215567
HVN,1435.0,20.797101449275363,160.0,2.318840579710145,556.0,8.057971014492754,188.0,2.7246376811594204,0.0,0.0,531.0,7.695652173913044
STS,1431.0,9.352941176470589,12.0,0.0784313725490196,706.0,4.61437908496732,104.0,0.6797385620915033,0.0,0.0,609.0,3.980392156862745
CYS,1421.0,45.83870967741935,0.0,0.0,481.0,15.516129032258064,120.0,3.870967741935484,0.0,0.0,820.0,26.451612903225808
VEL,1416.0,26.71698113207547,0.0,0.0,20.0,0.37735849056603776,197.0,3.7169811320754715,0.0,0.0,1199.0,22.62264150943396
DBQ,1395.0,15.5,148.0,1.6444444444444444,37.0,0.4111111111111111,419.0,4.655555555555556,0.0,0.0,791.0,8.78888888888889
UIN,1389.0,23.948275862068964,171.0,2.9482758620689653,180.0,3.103448275862069,179.0,3.086206896551724,0.0,0.0,859.0,14.810344827586206
LNK,1344.0,10.926829268292684,22.0,0.17886178861788618,641.0,5.211382113821138,293.0,2.3821138211382116,0.0,0.0,388.0,3.154471544715447
IAG,1335.0,27.8125,67.0,1.3958333333333333,265.0,5.520833333333333,740.0,15.416666666666666,0.0,0.0,263.0,5.479166666666667
BRD,1334.0,24.703703703703702,1114.0,20.62962962962963,16.0,0.2962962962962963,81.0,1.5,0.0,0.0,123.0,2.2777777777777777
FLG,1334.0,11.401709401709402,1.0,0.008547008547008548,355.0,3.034188034188034,121.0,1.0341880341880343,0.0,0.0,857.0,7.3247863247863245
DHN,1320.0,11.478260869565217,0.0,0.0,652.0,5.6695652173913045,180.0,1.565217391304348,0.0,0.0,488.0,4.243478260869566
GRI,1300.0,13.131313131313131,87.0,0.8787878787878788,269.0,2.717171717171717,289.0,2.919191919191919,0.0,0.0,655.0,6.616161616161616
SHD,1266.0,21.82758620689655,0.0,0.0,744.0,12.827586206896552,90.0,1.5517241379310345,0.0,0.0,432.0,7.448275862068965
PIB,1214.0,19.580645161290324,250.0,4.032258064516129,49.0,0.7903225806451613,84.0,1.3548387096774193,0.0,0.0,831.0,13.403225806451612
MSO,1213.0,5.694835680751174,94.0,0.4413145539906103,391.0,1.835680751173709,259.0,1.215962441314554,0.0,0.0,469.0,2.2018779342723005
ART,1212.0,19.548387096774192,105.0,1.6935483870967742,317.0,5.112903225806452,102.0,1.6451612903225807,0.0,0.0,688.0,11.096774193548388
WRG,1196.0,19.29032258064516,74.0,1.1935483870967742,630.0,10.161290322580646,110.0,1.7741935483870968,0.0,0.0,382.0,6.161290322580645
LCK,1191.0,29.048780487804876,0.0,0.0,160.0,3.902439024390244,183.0,4.463414634146342,0.0,0.0,848.0,20.682926829268293
RKS,1126.0,18.161290322580644,0.0,0.0,222.0,3.5806451612903225,155.0,2.5,0.0,0.0,749.0,12.080645161290322
OAJ,1115.0,4.255725190839694,0.0,0.0,142.0,0.5419847328244275,201.0,0.767175572519084,0.0,0.0,772.0,2.946564885496183
LAR,1085.0,20.471698113207548,0.0,0.0,572.0,10.79245283018868,163.0,3.0754716981132075,0.0,0.0,350.0,6.60377358490566
DAB,1063.0,4.088461538461538,67.0,0.25769230769230766,346.0,1.3307692307692307,85.0,0.3269230769230769,0.0,0.0,565.0,2.173076923076923
LCH,1061.0,6.27810650887574,105.0,0.621301775147929,331.0,1.9585798816568047,237.0,1.4023668639053255,0.0,0.0,388.0,2.2958579881656807
ALO,1054.0,19.51851851851852,0.0,0.0,405.0,7.5,394.0,7.296296296296297,0.0,0.0,255.0,4.722222222222222
CSG,1047.0,12.614457831325302,251.0,3.0240963855421685,192.0,2.3132530120481927,56.0,0.6746987951807228,0.0,0.0,548.0,6.602409638554217
DRT,1045.0,17.131147540983605,457.0,7.491803278688525,459.0,7.524590163934426,61.0,1.0,0.0,0.0,68.0,1.1147540983606556
ISN,1039.0,15.984615384615385,332.0,5.107692307692307,479.0,7.369230769230769,17.0,0.26153846153846155,0.0,0.0,211.0,3.246153846153846
LAW,1010.0,9.619047619047619,17.0,0.1619047619047619,159.0,1.5142857142857142,185.0,1.7619047619047619,0.0,0.0,649.0,6.180952380952381
PSE,1007.0,15.492307692307692,0.0,0.0,113.0,1.7384615384615385,116.0,1.7846153846153847,0.0,0.0,778.0,11.96923076923077
RHI,987.0,15.919354838709678,0.0,0.0,490.0,7.903225806451613,173.0,2.7903225806451615,0.0,0.0,324.0,5.225806451612903
EWN,956.0,5.281767955801105,0.0,0.0,559.0,3.088397790055249,51.0,0.281767955801105,0.0,0.0,346.0,1.9116022099447514
ERI,943.0,12.407894736842104,224.0,2.9473684210526314,17.0,0.2236842105263158,32.0,0.42105263157894735,0.0,0.0,670.0,8.81578947368421
ITO,929.0,1.9394572025052192,24.0,0.05010438413361169,111.0,0.23173277661795408,55.0,0.11482254697286012,0.0,0.0,739.0,1.5427974947807934
CMX,912.0,14.709677419354838,145.0,2.338709677419355,106.0,1.7096774193548387,496.0,8.0,0.0,0.0,165.0,2.661290322580645
MKG,861.0,13.887096774193548,0.0,0.0,258.0,4.161290322580645,164.0,2.6451612903225805,0.0,0.0,439.0,7.080645161290323
USA,825.0,11.301369863013699,0.0,0.0,59.0,0.8082191780821918,228.0,3.1232876712328768,0.0,0.0,538.0,7.36986301369863
SUX,824.0,7.103448275862069,107.0,0.9224137931034483,170.0,1.4655172413793103,270.0,2.3275862068965516,0.0,0.0,277.0,2.3879310344827585
SCK,808.0,15.538461538461538,31.0,0.5961538461538461,100.0,1.9230769230769231,72.0,1.3846153846153846,0.0,0.0,605.0,11.634615384615385
ABR,799.0,12.887096774193548,324.0,5.225806451612903,332.0,5.354838709677419,42.0,0.6774193548387096,0.0,0.0,101.0,1.6290322580645162
BET,795.0,11.357142857142858,2.0,0.02857142857142857,147.0,2.1,52.0,0.7428571428571429,38.0,0.5428571428571428,556.0,7.942857142857143
CNY,772.0,14.846153846153847,0.0,0.0,0.0,0.0,145.0,2.7884615384615383,0.0,0.0,627.0,12.057692307692308
GCK,761.0,12.274193548387096,520.0,8.387096774193548,47.0,0.7580645161290323,175.0,2.8225806451612905,0.0,0.0,19.0,0.3064516129032258
PVU,757.0,16.456521739130434,44.0,0.9565217391304348,37.0,0.8043478260869565,152.0,3.3043478260869565,0.0,0.0,524.0,11.391304347826088
BTM,707.0,12.189655172413794,405.0,6.982758620689655,162.0,2.793103448275862,5.0,0.08620689655172414,0.0,0.0,135.0,2.3275862068965516
CDV,699.0,11.65,0.0,0.0,24.0,0.4,60.0,1.0,0.0,0.0,615.0,10.25
LBE,677.0,8.358024691358025,0.0,0.0,31.0,0.38271604938271603,299.0,3.691358024691358,0.0,0.0,347.0,4.283950617283951
SPS,673.0,7.6477272727272725,16.0,0.18181818181818182,396.0,4.5,89.0,1.0113636363636365,0.0,0.0,172.0,1.9545454545454546
TYR,661.0,5.698275862068965,93.0,0.8017241379310345,11.0,0.09482758620689655,173.0,1.4913793103448276,1.0,0.008620689655172414,383.0,3.3017241379310347
SJT,645.0,4.813432835820896,4.0,0.029850746268656716,127.0,0.9477611940298507,134.0,1.0,0.0,0.0,380.0,2.8358208955223883
STC,644.0,35.77777777777778,0.0,0.0,609.0,33.833333333333336,10.0,0.5555555555555556,7.0,0.3888888888888889,18.0,1.0
SIT,642.0,7.379310344827586,101.0,1.160919540229885,416.0,4.781609195402299,48.0,0.5517241379310345,0.0,0.0,77.0,0.8850574712643678
PSG,620.0,10.0,57.0,0.9193548387096774,59.0,0.9516129032258065,163.0,2.629032258064516,0.0,0.0,341.0,5.5
BPT,609.0,7.518518518518518,106.0,1.308641975308642,33.0,0.4074074074074074,217.0,2.6790123456790123,0.0,0.0,253.0,3.123456790123457
HOB,605.0,10.431034482758621,0.0,0.0,48.0,0.8275862068965517,523.0,9.017241379310345,0.0,0.0,34.0,0.5862068965517241
OGS,604.0,54.90909090909091,0.0,0.0,0.0,0.0,191.0,17.363636363636363,0.0,0.0,413.0,37.54545454545455
HIB,600.0,11.11111111111111,195.0,3.611111111111111,161.0,2.9814814814814814,58.0,1.0740740740740742,0.0,0.0,186.0,3.4444444444444446
MLB,586.0,2.7772511848341233,0.0,0.0,175.0,0.8293838862559242,5.0,0.023696682464454975,0.0,0.0,406.0,1.9241706161137442
BQK,564.0,6.714285714285714,299.0,3.5595238095238093,0.0,0.0,68.0,0.8095238095238095,0.0,0.0,197.0,2.3452380952380953
EKO,561.0,9.672413793103448,526.0,9.068965517241379,0.0,0.0,9.0,0.15517241379310345,0.0,0.0,26.0,0.4482758620689655
STX,556.0,6.318181818181818,0.0,0.0,250.0,2.840909090909091,127.0,1.4431818181818181,0.0,0.0,179.0,2.034090909090909
VLD,552.0,6.344827586206897,330.0,3.793103448275862,0.0,0.0,39.0,0.4482758620689655,0.0,0.0,183.0,2.103448275862069
COD,539.0,8.983333333333333,0.0,0.0,0.0,0.0,112.0,1.8666666666666667,1.0,0.016666666666666666,426.0,7.1
HLN,539.0,4.9,0.0,0.0,299.0,2.7181818181818183,219.0,1.990909090909091,0.0,0.0,21.0,0.19090909090909092
YUM,538.0,4.678260869565217,0.0,0.0,271.0,2.356521739130435,140.0,1.2173913043478262,0.0,0.0,127.0,1.1043478260869566
PUB,535.0,6.6875,0.0,0.0,0.0,0.0,111.0,1.3875,0.0,0.0,424.0,5.3
ADQ,533.0,10.056603773584905,0.0,0.0,48.0,0.9056603773584906,23.0,0.4339622641509434,0.0,0.0,462.0,8.716981132075471
EAR,518.0,9.773584905660377,0.0,0.0,344.0,6.490566037735849,165.0,3.1132075471698113,0.0,0.0,9.0,0.16981132075471697
GUC,514.0,11.681818181818182,0.0,0.0,45.0,1.0227272727272727,47.0,1.0681818181818181,0.0,0.0,422.0,9.590909090909092
ABY,511.0,6.083333333333333,1.0,0.011904761904761904,139.0,1.6547619047619047,41.0,0.4880952380952381,0.0,0.0,330.0,3.9285714285714284
TXK,509.0,5.850574712643678,1.0,0.011494252873563218,215.0,2.471264367816092,85.0,0.9770114942528736,0.0,0.0,208.0,2.3908045977011496
LBL,493.0,9.30188679245283,0.0,0.0,85.0,1.6037735849056605,156.0,2.943396226415094,0.0,0.0,252.0,4.754716981132075
CDC,473.0,8.75925925925926,0.0,0.0,0.0,0.0,160.0,2.962962962962963,0.0,0.0,313.0,5.796296296296297
HHH,464.0,5.2727272727272725,0.0,0.0,7.0,0.07954545454545454,151.0,1.7159090909090908,0.0,0.0,306.0,3.477272727272727
PSM,413.0,12.515151515151516,20.0,0.6060606060606061,32.0,0.9696969696969697,256.0,7.757575757575758,0.0,0.0,105.0,3.1818181818181817
OTZ,378.0,6.096774193548387,70.0,1.1290322580645162,26.0,0.41935483870967744,0.0,0.0,0.0,0.0,282.0,4.548387096774194
GTR,374.0,4.506024096385542,0.0,0.0,243.0,2.927710843373494,18.0,0.21686746987951808,0.0,0.0,113.0,1.3614457831325302
YAK,369.0,6.15,24.0,0.4,0.0,0.0,64.0,1.0666666666666667,0.0,0.0,281.0,4.683333333333334
SPN,362.0,8.829268292682928,13.0,0.3170731707317073,84.0,2.048780487804878,77.0,1.8780487804878048,0.0,0.0,188.0,4.585365853658536
SMX,362.0,21.294117647058822,29.0,1.7058823529411764,139.0,8.176470588235293,67.0,3.9411764705882355,0.0,0.0,127.0,7.470588235294118
HTS,356.0,17.8,0.0,0.0,84.0,4.2,33.0,1.65,0.0,0.0,239.0,11.95
OWB,353.0,39.22222222222222,161.0,17.88888888888889,47.0,5.222222222222222,18.0,2.0,0.0,0.0,127.0,14.11111111111111
HGR,343.0,34.3,7.0,0.7,17.0,1.7,15.0,1.5,0.0,0.0,304.0,30.4
PHF,331.0,2.8290598290598292,0.0,0.0,159.0,1.358974358974359,35.0,0.29914529914529914,0.0,0.0,137.0,1.170940170940171
GUM,328.0,4.555555555555555,0.0,0.0,309.0,4.291666666666667,13.0,0.18055555555555555,0.0,0.0,6.0,0.08333333333333333
PIH,321.0,3.4516129032258065,22.0,0.23655913978494625,0.0,0.0,107.0,1.1505376344086022,0.0,0.0,192.0,2.064516129032258
PRC,318.0,5.129032258064516,0.0,0.0,60.0,0.967741935483871,156.0,2.5161290322580645,0.0,0.0,102.0,1.6451612903225807
ACT,288.0,2.4827586206896552,0.0,0.0,170.0,1.4655172413793103,53.0,0.45689655172413796,0.0,0.0,65.0,0.5603448275862069
OGD,287.0,35.875,9.0,1.125,8.0,1.0,38.0,4.75,0.0,0.0,232.0,29.0
OTH,279.0,9.0,0.0,0.0,0.0,0.0,97.0,3.129032258064516,0.0,0.0,182.0,5.870967741935484
INL,262.0,4.943396226415095,0.0,0.0,0.0,0.0,49.0,0.9245283018867925,0.0,0.0,213.0,4.018867924528302
GGG,214.0,3.6271186440677967,0.0,0.0,14.0,0.23728813559322035,100.0,1.694915254237288,0.0,0.0,100.0,1.694915254237288
LBF,194.0,3.660377358490566,0.0,0.0,0.0,0.0,123.0,2.3207547169811322,0.0,0.0,71.0,1.3396226415094339
OME,193.0,3.1129032258064515,0.0,0.0,0.0,0.0,0.0,0.0,0.0,0.0,193.0,3.1129032258064515
BFF,143.0,2.69811320754717,0.0,0.0,0.0,0.0,71.0,1.3396226415094339,0.0,0.0,72.0,1.3584905660377358
SCC,122.0,1.4352941176470588,27.0,0.3176470588235294,2.0,0.023529411764705882,32.0,0.3764705882352941,0.0,0.0,61.0,0.7176470588235294
LWS,111.0,1.734375,0.0,0.0,0.0,0.0,0.0,0.0,0.0,0.0,111.0,1.734375
ELM,78.0,2.2941176470588234,0.0,0.0,20.0,0.5882352941176471,51.0,1.5,0.0,0.0,7.0,0.20588235294117646
CPR,60.0,0.8571428571428571,20.0,0.2857142857142857,0.0,0.0,15.0,0.21428571428571427,0.0,0.0,25.0,0.35714285714285715
BRW,60.0,0.967741935483871,50.0,0.8064516129032258,0.0,0.0,10.0,0.16129032258064516,0.0,0.0,0.0,0.0
SWO,59.0,0.9516129032258065,0.0,0.0,0.0,0.0,59.0,0.9516129032258065,0.0,0.0,0.0,0.0
ADK,17.0,1.8888888888888888,0.0,0.0,0.0,0.0,0.0,0.0,0.0,0.0,17.0,1.8888888888888888
PPG,0.0,0.0,0.0,0.0,0.0,0.0,0.0,0.0,0.0,0.0,0.0,0.0
LYH,0.0,0.0,0.0,0.0,0.0,0.0,0.0,0.0,0.0,0.0,0.0,0.0
