YEAR,QUARTER,MONTH,DAY_OF_MONTH,DAY_OF_WEEK,FL_DATE,OP_UNIQUE_CARRIER,OP_CARRIER_AIRLINE_ID,TAIL_NUM,OP_CARRIER_FL_NUM,ORIGIN_AIRPORT_ID,ORIGIN_AIRPORT_SEQ_ID,ORIGIN,ORIGIN_CITY_NAME,ORIGIN_STATE_ABR,ORIGIN_STATE_NM,DEST_AIRPORT_ID,DEST_AIRPORT_SEQ_ID,DEST,DEST_CITY_NAME,DEST_STATE_ABR,DEST_STATE_NM,CRS_DEP_TIME,DEP_TIME,DEP_DELAY,TAXI_OUT,WHEELS_OFF,WHEELS_ON,TAXI_IN,CRS_ARR_TIME,ARR_TIME,ARR_DELAY,CANCELLED,CANCELLATION_CODE,DIVERTED,CRS_ELAPSED_TIME,ACTUAL_ELAPSED_TIME,AIR_TIME,DISTANCE,DISTANCE_GROUP,CARRIER_DELAY,WEATHER_DELAY,NAS_DELAY,SECURITY_DELAY,LATE_AIRCRAFT_DELAY,_c45,ROUTE_PATH
2019,1,3,8,5,2019-03-08T00:00:00.000Z,9E,20363,N8694A,5313,12953,1295304,LGA,"New York, NY",NY,New York,13931,1393102,ORF,"Norfolk, VA",VA,Virginia,1655,1646,-9.0,36.0,1722,1818,5.0,1824,1823,-1.0,0.0,"",0.0,89.0,97.0,56.0,296.0,2,"","","","","","",40.77722222|-73.8725|36.89472222|-76.20111111|OUTSIDE
2019,1,3,8,5,2019-03-08T00:00:00.000Z,9E,20363,N391CA,5348,10397,1039707,ATL,"Atlanta, GA",GA,Georgia,15919,1591904,XNA,"Fayetteville, AR",AR,Arkansas,1718,1718,0.0,18.0,1736,1806,5.0,1816,1811,-5.0,0.0,"",0.0,118.0,113.0,90.0,589.0,3,"","","","","","",33.63666667|-84.42777778|36.28166667|-94.30777778|OUTSIDE
2019,1,3,8,5,2019-03-08T00:00:00.000Z,9E,20363,N840AY,5354,12264,1226402,IAD,"Washington, DC",VA,Virginia,12478,1247805,JFK,"New York, NY",NY,New York,1658,1658,0.0,31.0,1729,1817,6.0,1835,1823,-12.0,0.0,"",0.0,97.0,85.0,48.0,228.0,1,"","","","","","",38.9475|-77.46|40.64|-73.77861111|OUTSIDE
2019,1,3,8,5,2019-03-08T00:00:00.000Z,9E,20363,N819AY,5356,12478,1247805,JFK,"New York, NY",NY,New York,10821,1082106,BWI,"Baltimore, MD",MD,Maryland,1730,1724,-6.0,30.0,1754,1833,4.0,1858,1837,-21.0,0.0,"",0.0,88.0,73.0,39.0,184.0,1,"","","","","","",40.64|-73.77861111|39.17583333|-76.66888889|OUTSIDE
2019,1,3,8,5,2019-03-08T00:00:00.000Z,9E,20363,N927XJ,5369,11066,1106606,CMH,"Columbus, OH",OH,Ohio,11433,1143302,DTW,"Detroit, MI",MI,Michigan,1727,1746,19.0,16.0,1802,1840,9.0,1834,1849,15.0,0.0,"",0.0,67.0,63.0,38.0,155.0,1,3.0,0.0,0.0,0.0,12.0,"",39.99694444|-82.89222222|42.2125|-83.35333333|OUTSIDE
2019,1,3,8,5,2019-03-08T00:00:00.000Z,9E,20363,N935XJ,5378,10397,1039707,ATL,"Atlanta, GA",GA,Georgia,15919,1591904,XNA,"Fayetteville, AR",AR,Arkansas,1553,1726,93.0,16.0,1742,1815,42.0,1650,1857,127.0,0.0,"",0.0,117.0,151.0,93.0,589.0,3,0.0,0.0,34.0,0.0,93.0,"",33.63666667|-84.42777778|36.28166667|-94.30777778|OUTSIDE
2019,1,3,8,5,2019-03-08T00:00:00.000Z,9E,20363,N147PQ,5438,11433,1143302,DTW,"Detroit, MI",MI,Michigan,11042,1104205,CLE,"Cleveland, OH",OH,Ohio,1750,1745,-5.0,18.0,1803,1826,7.0,1849,1833,-16.0,0.0,"",0.0,59.0,48.0,23.0,95.0,1,"","","","","","",42.2125|-83.35333333|41.40944444|-81.85472222|OUTSIDE
2019,1,3,8,5,2019-03-08T00:00:00.000Z,MQ,20398,N674RJ,3896,13930,1393006,ORD,"Chicago, IL",IL,Illinois,13367,1336705,MLI,"Moline, IL",IL,Illinois,1712,1708,-4.0,14.0,1722,1753,6.0,1806,1759,-7.0,0.0,"",0.0,54.0,51.0,31.0,139.0,1,"","","","","","",41.97722222|-87.90805556|41.44833333|-90.5075|OUTSIDE
2019,1,3,8,5,2019-03-08T00:00:00.000Z,MQ,20398,N819AE,3898,10136,1013603,ABI,"Abilene, TX",TX,Texas,11298,1129806,DFW,"Dallas/Fort Worth, TX",TX,Texas,1701,1700,-1.0,20.0,1720,1753,4.0,1757,1757,0.0,0.0,"",0.0,56.0,57.0,33.0,158.0,1,"","","","","","",32.41138889|-99.68194444|32.89722222|-97.03777778|OUTSIDE
2019,1,3,8,5,2019-03-08T00:00:00.000Z,MQ,20398,N622AE,3979,11042,1104205,CLE,"Cleveland, OH",OH,Ohio,13930,1393006,ORD,"Chicago, IL",IL,Illinois,1754,1802,8.0,13.0,1815,1821,16.0,1839,1837,-2.0,0.0,"",0.0,105.0,95.0,66.0,316.0,2,"","","","","","",41.40944444|-81.85472222|41.97722222|-87.90805556|OUTSIDE
2019,1,3,8,5,2019-03-08T00:00:00.000Z,MQ,20398,N696AE,3988,11423,1142306,DSM,"Des Moines, IA",IA,Iowa,13930,1393006,ORD,"Chicago, IL",IL,Illinois,1718,1728,10.0,10.0,1738,1827,13.0,1844,1840,-4.0,0.0,"",0.0,86.0,72.0,49.0,299.0,2,"","","","","","",41.53416667|-93.6575|41.97722222|-87.90805556|OUTSIDE
2019,1,3,8,5,2019-03-08T00:00:00.000Z,YV,20378,N911FJ,5971,11298,1129806,DFW,"Dallas/Fort Worth, TX",TX,Texas,15370,1537002,TUL,"Tulsa, OK",OK,Oklahoma,1645,1708,23.0,14.0,1722,1803,8.0,1756,1811,15.0,0.0,"",0.0,71.0,63.0,41.0,237.0,1,15.0,0.0,0.0,0.0,0.0,"",32.89722222|-97.03777778|36.19833333|-95.88805556|OUTSIDE
2019,1,3,8,5,2019-03-08T00:00:00.000Z,AA,19805,N767UW,2181,11057,1105703,CLT,"Charlotte, NC",NC,North Carolina,10693,1069302,BNA,"Nashville, TN",TN,Tennessee,1615,1658,43.0,24.0,1722,1726,7.0,1642,1733,51.0,0.0,"",0.0,87.0,95.0,64.0,328.0,2,2.0,0.0,8.0,0.0,41.0,"",35.21361111|-80.94916667|36.12444444|-86.67805556|OUTSIDE
2019,1,3,8,5,2019-03-08T00:00:00.000Z,AA,19805,N992AN,2232,13204,1320402,MCO,"Orlando, FL",FL,Florida,13303,1330303,MIA,"Miami, FL",FL,Florida,1742,1740,-2.0,13.0,1753,1829,9.0,1855,1838,-17.0,0.0,"",0.0,73.0,58.0,36.0,192.0,1,"","","","","","",28.42944444|-81.30888889|25.79527778|-80.29|OUTSIDE
2019,1,3,8,5,2019-03-08T00:00:00.000Z,MQ,20398,N612AE,3373,11298,1129806,DFW,"Dallas/Fort Worth, TX",TX,Texas,15411,1541105,TYR,"Tyler, TX",TX,Texas,1725,1725,0.0,26.0,1751,1813,6.0,1812,1819,7.0,0.0,"",0.0,47.0,54.0,22.0,102.0,1,"","","","","","",32.89722222|-97.03777778|32.35388889|-95.40277778|OUTSIDE
2019,1,3,8,5,2019-03-08T00:00:00.000Z,MQ,20398,N671AE,3437,11298,1129806,DFW,"Dallas/Fort Worth, TX",TX,Texas,10155,1015502,ACT,"Waco, TX",TX,Texas,1735,1733,-2.0,15.0,1748,1807,4.0,1815,1811,-4.0,0.0,"",0.0,40.0,38.0,19.0,89.0,1,"","","","","","",32.89722222|-97.03777778|31.61222222|-97.23027778|OUTSIDE
2019,1,3,8,5,2019-03-08T00:00:00.000Z,MQ,20398,N606AE,3453,11986,1198603,GRR,"Grand Rapids, MI",MI,Michigan,13930,1393006,ORD,"Chicago, IL",IL,Illinois,1729,1733,4.0,16.0,1749,1722,16.0,1734,1738,4.0,0.0,"",0.0,65.0,65.0,33.0,137.0,1,"","","","","","",42.88083333|-85.52277778|41.97722222|-87.90805556|OUTSIDE
2019,1,3,8,5,2019-03-08T00:00:00.000Z,MQ,20398,N849AE,3454,11298,1129806,DFW,"Dallas/Fort Worth, TX",TX,Texas,10136,1013603,ABI,"Abilene, TX",TX,Texas,1725,1719,-6.0,20.0,1739,1810,3.0,1817,1813,-4.0,0.0,"",0.0,52.0,54.0,31.0,158.0,1,"","","","","","",32.89722222|-97.03777778|32.41138889|-99.68194444|OUTSIDE
2019,1,3,8,5,2019-03-08T00:00:00.000Z,NK,20416,N638NK,1623,13204,1320402,MCO,"Orlando, FL",FL,Florida,13495,1349505,MSY,"New Orleans, LA",LA,Louisiana,1733,1734,1.0,16.0,1750,1817,26.0,1832,1843,11.0,0.0,"",0.0,119.0,129.0,87.0,551.0,3,"","","","","","",28.42944444|-81.30888889|29.99333333|-90.25916667|OUTSIDE
2019,1,3,8,5,2019-03-08T00:00:00.000Z,NK,20416,N617NK,207,11298,1129806,DFW,"Dallas/Fort Worth, TX",TX,Texas,12889,1288903,LAS,"Las Vegas, NV",NV,Nevada,1735,1729,-6.0,17.0,1746,1825,9.0,1840,1834,-6.0,0.0,"",0.0,185.0,185.0,159.0,1055.0,5,"","","","","","",32.89722222|-97.03777778|36.08|-115.15222222|OUTSIDE
2019,1,3,8,5,2019-03-08T00:00:00.000Z,AA,19805,N997NN,1414,12478,1247805,JFK,"New York, NY",NY,New York,13930,1393007,ORD,"Chicago, IL",IL,Illinois,1705,1709,4.0,19.0,1728,1834,24.0,1907,1858,-9.0,0.0,"",0.0,182.0,169.0,126.0,740.0,3,"","","","","","",40.64|-73.77861111|41.97444444|-87.90666667|OUTSIDE
2019,1,3,8,5,2019-03-08T00:00:00.000Z,DL,19790,N364NB,442,14869,1486903,SLC,"Salt Lake City, UT",UT,Utah,14908,1490803,SNA,"Santa Ana, CA",CA,California,1710,1706,-4.0,34.0,1740,1804,12.0,1807,1816,9.0,0.0,"",0.0,117.0,130.0,84.0,588.0,3,"","","","","","",40.78833333|-111.97777778|33.67555556|-117.86833333|OUTSIDE
2019,1,3,8,5,2019-03-08T00:00:00.000Z,DL,19790,N924DN,622,11433,1143302,DTW,"Detroit, MI",MI,Michigan,13930,1393007,ORD,"Chicago, IL",IL,Illinois,1556,1734,98.0,11.0,1745,1735,12.0,1619,1747,88.0,0.0,"",0.0,83.0,73.0,50.0,235.0,1,88.0,0.0,0.0,0.0,0.0,"",42.2125|-83.35333333|41.97444444|-87.90666667|OUTSIDE
2019,1,3,8,5,2019-03-08T00:00:00.000Z,DL,19790,N914DN,757,10397,1039707,ATL,"Atlanta, GA",GA,Georgia,11252,1125203,DAB,"Daytona Beach, FL",FL,Florida,1716,1711,-5.0,17.0,1728,1825,6.0,1836,1831,-5.0,0.0,"",0.0,80.0,80.0,57.0,366.0,2,"","","","","","",33.63666667|-84.42777778|29.18|-81.05805556|OUTSIDE
2019,1,3,8,5,2019-03-08T00:00:00.000Z,DL,19790,N326US,874,11433,1143302,DTW,"Detroit, MI",MI,Michigan,10693,1069302,BNA,"Nashville, TN",TN,Tennessee,1740,1802,22.0,13.0,1815,1820,11.0,1815,1831,16.0,0.0,"",0.0,95.0,89.0,65.0,456.0,2,2.0,0.0,0.0,0.0,14.0,"",42.2125|-83.35333333|36.12444444|-86.67805556|OUTSIDE
2019,1,3,8,5,2019-03-08T00:00:00.000Z,DL,19790,N935DN,1024,13342,1334207,MKE,"Milwaukee, WI",WI,Wisconsin,13487,1348702,MSP,"Minneapolis, MN",MN,Minnesota,1724,1719,-5.0,14.0,1733,1832,3.0,1848,1835,-13.0,0.0,"",0.0,84.0,76.0,59.0,297.0,2,"","","","","","",42.94694444|-87.89694444|44.88194444|-93.22166667|OUTSIDE
2019,1,3,8,5,2019-03-08T00:00:00.000Z,DL,19790,N972DL,1075,10397,1039707,ATL,"Atlanta, GA",GA,Georgia,10994,1099402,CHS,"Charleston, SC",SC,South Carolina,1710,1710,0.0,13.0,1723,1802,4.0,1821,1806,-15.0,0.0,"",0.0,71.0,56.0,39.0,259.0,2,"","","","","","",33.63666667|-84.42777778|32.89861111|-80.04055556|OUTSIDE
2019,1,3,8,5,2019-03-08T00:00:00.000Z,DL,19790,N552NW,1117,11697,1169706,FLL,"Fort Lauderdale, FL",FL,Florida,10397,1039707,ATL,"Atlanta, GA",GA,Georgia,1700,1657,-3.0,30.0,1727,1837,10.0,1900,1847,-13.0,0.0,"",0.0,120.0,110.0,70.0,581.0,3,"","","","","","",26.07166667|-80.14972222|33.63666667|-84.42777778|OUTSIDE
2019,1,3,8,5,2019-03-08T00:00:00.000Z,DL,19790,N925AT,1139,14869,1486903,SLC,"Salt Lake City, UT",UT,Utah,14893,1489302,SMF,"Sacramento, CA",CA,California,1125,1725,360.0,39.0,1804,1825,4.0,1215,1829,374.0,0.0,"",0.0,110.0,124.0,81.0,532.0,3,360.0,0.0,14.0,0.0,0.0,"",40.78833333|-111.97777778|38.69555556|-121.59083333|OUTSIDE
2019,1,3,8,5,2019-03-08T00:00:00.000Z,DL,19790,N370NB,1146,14869,1486903,SLC,"Salt Lake City, UT",UT,Utah,14831,1483106,SJC,"San Jose, CA",CA,California,1705,1700,-5.0,29.0,1729,1804,2.0,1808,1806,-2.0,0.0,"",0.0,123.0,126.0,95.0,584.0,3,"","","","","","",40.78833333|-111.97777778|37.36305556|-121.92861111|OUTSIDE
2019,1,3,8,5,2019-03-08T00:00:00.000Z,DL,19790,N880DN,1177,14869,1486903,SLC,"Salt Lake City, UT",UT,Utah,14057,1405702,PDX,"Portland, OR",OR,Oregon,1700,1720,20.0,42.0,1802,1838,5.0,1801,1843,42.0,0.0,"",0.0,121.0,143.0,96.0,630.0,3,0.0,0.0,22.0,0.0,20.0,"",40.78833333|-111.97777778|45.58861111|-122.59694444|OUTSIDE
2019,1,3,8,5,2019-03-08T00:00:00.000Z,DL,19790,N323NB,1187,14869,1486903,SLC,"Salt Lake City, UT",UT,Utah,12892,1289208,LAX,"Los Angeles, CA",CA,California,1713,1712,-1.0,44.0,1756,1822,10.0,1815,1832,17.0,0.0,"",0.0,122.0,140.0,86.0,590.0,3,0.0,0.0,17.0,0.0,0.0,"",40.78833333|-111.97777778|33.9425|-118.40805556|OUTSIDE
2019,1,3,8,5,2019-03-08T00:00:00.000Z,DL,19790,N919DU,1418,14869,1486903,SLC,"Salt Lake City, UT",UT,Utah,14679,1467903,SAN,"San Diego, CA",CA,California,1705,1709,4.0,27.0,1736,1803,3.0,1757,1806,9.0,0.0,"",0.0,112.0,117.0,87.0,626.0,3,"","","","","","",40.78833333|-111.97777778|32.73361111|-117.18972222|OUTSIDE
2019,1,3,8,5,2019-03-08T00:00:00.000Z,DL,19790,N960DN,1433,10397,1039707,ATL,"Atlanta, GA",GA,Georgia,13495,1349505,MSY,"New Orleans, LA",LA,Louisiana,1740,1744,4.0,10.0,1754,1758,6.0,1817,1804,-13.0,0.0,"",0.0,97.0,80.0,64.0,425.0,2,"","","","","","",33.63666667|-84.42777778|29.99333333|-90.25916667|OUTSIDE
2019,1,3,8,5,2019-03-08T00:00:00.000Z,DL,19790,N991AT,1440,12953,1295304,LGA,"New York, NY",NY,New York,13930,1393007,ORD,"Chicago, IL",IL,Illinois,1715,1723,8.0,16.0,1739,1837,11.0,1851,1848,-3.0,0.0,"",0.0,156.0,145.0,118.0,733.0,3,"","","","","","",40.77722222|-73.8725|41.97444444|-87.90666667|OUTSIDE
2019,1,3,8,5,2019-03-08T00:00:00.000Z,DL,19790,N989DN,1593,11433,1143302,DTW,"Detroit, MI",MI,Michigan,12339,1233904,IND,"Indianapolis, IN",IN,Indiana,1745,1740,-5.0,17.0,1757,1840,4.0,1854,1844,-10.0,0.0,"",0.0,69.0,64.0,43.0,231.0,1,"","","","","","",42.2125|-83.35333333|39.71722222|-86.29472222|OUTSIDE
2019,1,3,8,5,2019-03-08T00:00:00.000Z,DL,19790,N913DL,1617,10397,1039707,ATL,"Atlanta, GA",GA,Georgia,14685,1468502,SAV,"Savannah, GA",GA,Georgia,1712,1740,28.0,10.0,1750,1827,5.0,1817,1832,15.0,0.0,"",0.0,65.0,52.0,37.0,214.0,1,0.0,15.0,0.0,0.0,0.0,"",33.63666667|-84.42777778|32.1275|-81.20222222|OUTSIDE
2019,1,3,8,5,2019-03-08T00:00:00.000Z,DL,19790,N964DL,1739,10397,1039707,ATL,"Atlanta, GA",GA,Georgia,14193,1419306,PNS,"Pensacola, FL",FL,Florida,1817,1811,-6.0,14.0,1825,1812,4.0,1830,1816,-14.0,0.0,"",0.0,73.0,65.0,47.0,271.0,2,"","","","","","",33.63666667|-84.42777778|30.47333333|-87.18666667|OUTSIDE
2019,1,3,8,5,2019-03-08T00:00:00.000Z,DL,19790,N375DA,1745,14869,1486903,SLC,"Salt Lake City, UT",UT,Utah,14747,1474703,SEA,"Seattle, WA",WA,Washington,1705,1716,11.0,39.0,1755,1834,10.0,1821,1844,23.0,0.0,"",0.0,136.0,148.0,99.0,689.0,3,11.0,0.0,12.0,0.0,0.0,"",40.78833333|-111.97777778|47.45|-122.31166667|OUTSIDE
2019,1,3,8,5,2019-03-08T00:00:00.000Z,DL,19790,N905DE,1867,10397,1039707,ATL,"Atlanta, GA",GA,Georgia,13244,1324402,MEM,"Memphis, TN",TN,Tennessee,1730,1727,-3.0,13.0,1740,1736,2.0,1753,1738,-15.0,0.0,"",0.0,83.0,71.0,56.0,332.0,2,"","","","","","",33.63666667|-84.42777778|35.0425|-89.97666667|OUTSIDE
2019,1,3,8,5,2019-03-08T00:00:00.000Z,DL,19790,N347NW,1895,10397,1039707,ATL,"Atlanta, GA",GA,Georgia,11109,1110902,COS,"Colorado Springs, CO",CO,Colorado,1723,1720,-3.0,11.0,1731,1812,5.0,1845,1817,-28.0,0.0,"",0.0,202.0,177.0,161.0,1184.0,5,"","","","","","",33.63666667|-84.42777778|38.80583333|-104.70083333|INSIDE
2019,1,3,8,5,2019-03-08T00:00:00.000Z,DL,19790,N995DL,1930,10980,1098002,CHA,"Chattanooga, TN",TN,Tennessee,10397,1039707,ATL,"Atlanta, GA",GA,Georgia,1545,1744,119.0,11.0,1755,1821,6.0,1640,1827,107.0,0.0,"",0.0,55.0,43.0,26.0,106.0,1,0.0,0.0,0.0,0.0,107.0,"",35.03527778|-85.20361111|33.63666667|-84.42777778|OUTSIDE
2019,1,3,8,5,2019-03-08T00:00:00.000Z,DL,19790,N353NB,2008,11433,1143302,DTW,"Detroit, MI",MI,Michigan,13342,1334207,MKE,"Milwaukee, WI",WI,Wisconsin,1740,1739,-1.0,11.0,1750,1732,4.0,1745,1736,-9.0,0.0,"",0.0,65.0,57.0,42.0,237.0,1,"","","","","","",42.2125|-83.35333333|42.94694444|-87.89694444|OUTSIDE
2019,1,3,8,5,2019-03-08T00:00:00.000Z,DL,19790,N907DL,2012,10397,1039707,ATL,"Atlanta, GA",GA,Georgia,12448,1244807,JAN,"Jackson/Vicksburg, MS",MS,Mississippi,1752,1750,-2.0,9.0,1759,1753,4.0,1815,1757,-18.0,0.0,"",0.0,83.0,67.0,54.0,341.0,2,"","","","","","",33.63666667|-84.42777778|32.31111111|-90.07583333|OUTSIDE
2019,1,3,8,5,2019-03-08T00:00:00.000Z,DL,19790,N903DN,2239,10994,1099402,CHS,"Charleston, SC",SC,South Carolina,10397,1039707,ATL,"Atlanta, GA",GA,Georgia,1720,1713,-7.0,11.0,1724,1809,11.0,1846,1820,-26.0,0.0,"",0.0,86.0,67.0,45.0,259.0,2,"","","","","","",32.89861111|-80.04055556|33.63666667|-84.42777778|OUTSIDE
2019,1,3,8,5,2019-03-08T00:00:00.000Z,EV,20366,N903EV,4008,11995,1199502,GSO,"Greensboro/High Point, NC",NC,North Carolina,13930,1393007,ORD,"Chicago, IL",IL,Illinois,1725,1711,-14.0,17.0,1728,1815,36.0,1850,1851,1.0,0.0,"",0.0,145.0,160.0,107.0,589.0,3,"","","","","","",36.10138889|-79.94111111|41.97444444|-87.90666667|OUTSIDE
2019,1,3,8,5,2019-03-08T00:00:00.000Z,EV,20366,N25134,4040,11973,1197302,GPT,"Gulfport/Biloxi, MS",MS,Mississippi,12266,1226603,IAH,"Houston, TX",TX,Texas,1726,1716,-10.0,15.0,1731,1836,8.0,1900,1844,-16.0,0.0,"",0.0,94.0,88.0,65.0,376.0,2,"","","","","","",30.40722222|-89.07|29.98444444|-95.34138889|OUTSIDE
2019,1,3,8,5,2019-03-08T00:00:00.000Z,EV,20366,N16559,4282,14524,1452401,RIC,"Richmond, VA",VA,Virginia,13930,1393007,ORD,"Chicago, IL",IL,Illinois,1715,1714,-1.0,17.0,1731,1832,10.0,1842,1842,0.0,0.0,"",0.0,147.0,148.0,121.0,642.0,3,"","","","","","",37.50527778|-77.31972222|41.97444444|-87.90666667|OUTSIDE
2019,1,3,8,5,2019-03-08T00:00:00.000Z,EV,20366,N12540,4385,12915,1291503,LCH,"Lake Charles, LA",LA,Louisiana,12266,1226603,IAH,"Houston, TX",TX,Texas,1745,1731,-14.0,4.0,1735,1801,7.0,1840,1808,-32.0,0.0,"",0.0,55.0,37.0,26.0,127.0,1,"","","","","","",30.12611111|-93.22333333|29.98444444|-95.34138889|OUTSIDE
2019,1,3,8,5,2019-03-08T00:00:00.000Z,EV,20366,N14904,4389,11618,1161802,EWR,"Newark, NJ",NJ,New Jersey,11278,1127805,DCA,"Washington, DC",VA,Virginia,1643,1728,45.0,23.0,1751,1836,19.0,1759,1855,56.0,0.0,"",0.0,76.0,87.0,45.0,199.0,1,0.0,0.0,56.0,0.0,0.0,"",40.6925|-74.16861111|38.85138889|-77.03777778|OUTSIDE
2019,1,3,8,5,2019-03-08T00:00:00.000Z,EV,20366,N17196,4442,12266,1226603,IAH,"Houston, TX",TX,Texas,12177,1217705,HOB,"Hobbs, NM",NM,New Mexico,1820,1814,-6.0,16.0,1830,1822,39.0,1905,1901,-4.0,0.0,"",0.0,105.0,107.0,52.0,501.0,3,"","","","","","",29.98444444|-95.34138889|32.6875|-103.21722222|OUTSIDE
2019,1,3,8,5,2019-03-08T00:00:00.000Z,UA,19977,N12754,1990,13256,1325602,MFE,"Mission/McAllen/Edinburg, TX",TX,Texas,12266,1226603,IAH,"Houston, TX",TX,Texas,1726,1723,-3.0,15.0,1738,1828,10.0,1843,1838,-5.0,0.0,"",0.0,77.0,75.0,50.0,316.0,2,"","","","","","",26.17583333|-98.23861111|29.98444444|-95.34138889|OUTSIDE
2019,1,3,8,5,2019-03-08T00:00:00.000Z,UA,19977,N415UA,1894,13495,1349505,MSY,"New Orleans, LA",LA,Louisiana,12266,1226603,IAH,"Houston, TX",TX,Texas,1715,1712,-3.0,28.0,1740,1833,15.0,1842,1848,6.0,0.0,"",0.0,87.0,96.0,53.0,305.0,2,"","","","","","",29.99333333|-90.25916667|29.98444444|-95.34138889|OUTSIDE
2019,1,3,8,5,2019-03-08T00:00:00.000Z,UA,19977,N422UA,1840,13198,1319801,MCI,"Kansas City, MO",MO,Missouri,11292,1129202,DEN,"Denver, CO",CO,Colorado,1709,1708,-1.0,14.0,1722,1747,28.0,1803,1815,12.0,0.0,"",0.0,114.0,127.0,85.0,533.0,3,"","","","","","",39.2975|-94.71388889|39.86166667|-104.67305556|INSIDE
2019,1,3,8,5,2019-03-08T00:00:00.000Z,UA,19977,N808UA,1808,12264,1226402,IAD,"Washington, DC",VA,Virginia,10693,1069302,BNA,"Nashville, TN",TN,Tennessee,1705,1700,-5.0,35.0,1735,1757,8.0,1758,1805,7.0,0.0,"",0.0,113.0,125.0,82.0,542.0,3,"","","","","","",38.9475|-77.46|36.12444444|-86.67805556|OUTSIDE
2019,1,3,8,5,2019-03-08T00:00:00.000Z,UA,19977,N417UA,736,14679,1467903,SAN,"San Diego, CA",CA,California,14771,1477104,SFO,"San Francisco, CA",CA,California,1715,1716,1.0,12.0,1728,1838,7.0,1849,1845,-4.0,0.0,"",0.0,94.0,89.0,70.0,447.0,2,"","","","","","",32.73361111|-117.18972222|37.61888889|-122.37555556|OUTSIDE
2019,1,3,8,5,2019-03-08T00:00:00.000Z,UA,19977,N453UA,708,10423,1042302,AUS,"Austin, TX",TX,Texas,12892,1289208,LAX,"Los Angeles, CA",CA,California,1624,1713,49.0,13.0,1726,1837,6.0,1754,1843,49.0,0.0,"",0.0,210.0,210.0,191.0,1242.0,5,7.0,0.0,0.0,0.0,42.0,"",30.19444444|-97.67|33.9425|-118.40805556|OUTSIDE
2019,1,3,8,5,2019-03-08T00:00:00.000Z,UA,19977,N26208,630,10423,1042302,AUS,"Austin, TX",TX,Texas,12266,1226603,IAH,"Houston, TX",TX,Texas,1747,1739,-8.0,16.0,1755,1835,14.0,1850,1849,-1.0,0.0,"",0.0,63.0,70.0,40.0,140.0,1,"","","","","","",30.19444444|-97.67|29.98444444|-95.34138889|OUTSIDE
2019,1,3,8,5,2019-03-08T00:00:00.000Z,UA,19977,N25705,623,11278,1127805,DCA,"Washington, DC",VA,Virginia,13930,1393007,ORD,"Chicago, IL",IL,Illinois,1645,1703,18.0,45.0,1748,1836,18.0,1801,1854,53.0,0.0,"",0.0,136.0,171.0,108.0,612.0,3,0.0,18.0,35.0,0.0,0.0,"",38.85138889|-77.03777778|41.97444444|-87.90666667|OUTSIDE
2019,1,3,8,5,2019-03-08T00:00:00.000Z,UA,19977,N442UA,563,14100,1410005,PHL,"Philadelphia, PA",PA,Pennsylvania,13930,1393007,ORD,"Chicago, IL",IL,Illinois,1720,1720,0.0,11.0,1731,1825,18.0,1847,1843,-4.0,0.0,"",0.0,147.0,143.0,114.0,678.0,3,"","","","","","",39.87194444|-75.24055556|41.97444444|-87.90666667|OUTSIDE
2019,1,3,8,5,2019-03-08T00:00:00.000Z,UA,19977,N425UA,511,12264,1226402,IAD,"Washington, DC",VA,Virginia,13930,1393007,ORD,"Chicago, IL",IL,Illinois,1720,1723,3.0,29.0,1752,1839,17.0,1834,1856,22.0,0.0,"",0.0,134.0,153.0,107.0,588.0,3,0.0,0.0,22.0,0.0,0.0,"",38.9475|-77.46|41.97444444|-87.90666667|OUTSIDE
2019,1,3,8,5,2019-03-08T00:00:00.000Z,UA,19977,N75854,407,13930,1393007,ORD,"Chicago, IL",IL,Illinois,11292,1129202,DEN,"Denver, CO",CO,Colorado,1600,1715,75.0,12.0,1727,1838,25.0,1736,1903,87.0,0.0,"",0.0,156.0,168.0,131.0,888.0,4,0.0,15.0,12.0,0.0,60.0,"",41.97444444|-87.90666667|39.86166667|-104.67305556|INSIDE
2019,1,3,8,5,2019-03-08T00:00:00.000Z,UA,19977,N447UA,350,14492,1449202,RDU,"Raleigh/Durham, NC",NC,North Carolina,13930,1393007,ORD,"Chicago, IL",IL,Illinois,1715,1714,-1.0,21.0,1735,1840,18.0,1840,1858,18.0,0.0,"",0.0,145.0,164.0,125.0,646.0,3,0.0,0.0,18.0,0.0,0.0,"",35.87777778|-78.7875|41.97444444|-87.90666667|OUTSIDE
2019,1,3,8,5,2019-03-08T00:00:00.000Z,UA,19977,N77535,229,14771,1477104,SFO,"San Francisco, CA",CA,California,12892,1289208,LAX,"Los Angeles, CA",CA,California,1700,1653,-7.0,40.0,1733,1829,14.0,1844,1843,-1.0,0.0,"",0.0,104.0,110.0,56.0,337.0,2,"","","","","","",37.61888889|-122.37555556|33.9425|-118.40805556|OUTSIDE
2019,1,3,8,5,2019-03-08T00:00:00.000Z,DL,19790,N717JL,2451,11057,1105703,CLT,"Charlotte, NC",NC,North Carolina,10397,1039707,ATL,"Atlanta, GA",GA,Georgia,1735,1730,-5.0,16.0,1746,1830,10.0,1852,1840,-12.0,0.0,"",0.0,77.0,70.0,44.0,226.0,1,"","","","","","",35.21361111|-80.94916667|33.63666667|-84.42777778|OUTSIDE
2019,1,3,8,5,2019-03-08T00:00:00.000Z,DL,19790,N954AT,2480,11986,1198603,GRR,"Grand Rapids, MI",MI,Michigan,13487,1348702,MSP,"Minneapolis, MN",MN,Minnesota,1815,1808,-7.0,8.0,1816,1830,8.0,1854,1838,-16.0,0.0,"",0.0,99.0,90.0,74.0,408.0,2,"","","","","","",42.88083333|-85.52277778|44.88194444|-93.22166667|OUTSIDE
2019,1,3,8,5,2019-03-08T00:00:00.000Z,DL,19790,N987DN,2527,13487,1348702,MSP,"Minneapolis, MN",MN,Minnesota,13930,1393007,ORD,"Chicago, IL",IL,Illinois,1735,1733,-2.0,15.0,1748,1839,13.0,1911,1852,-19.0,0.0,"",0.0,96.0,79.0,51.0,334.0,2,"","","","","","",44.88194444|-93.22166667|41.97444444|-87.90666667|OUTSIDE
2019,1,3,8,5,2019-03-08T00:00:00.000Z,DL,19790,N933AT,2546,12892,1289208,LAX,"Los Angeles, CA",CA,California,14771,1477104,SFO,"San Francisco, CA",CA,California,1729,1724,-5.0,16.0,1740,1836,9.0,1901,1845,-16.0,0.0,"",0.0,92.0,81.0,56.0,337.0,2,"","","","","","",33.9425|-118.40805556|37.61888889|-122.37555556|OUTSIDE
2019,1,3,8,5,2019-03-08T00:00:00.000Z,DL,19790,N330NB,2570,11433,1143302,DTW,"Detroit, MI",MI,Michigan,13930,1393007,ORD,"Chicago, IL",IL,Illinois,1755,1759,4.0,16.0,1815,1802,23.0,1815,1825,10.0,0.0,"",0.0,80.0,86.0,47.0,235.0,1,"","","","","","",42.2125|-83.35333333|41.97444444|-87.90666667|OUTSIDE
2019,1,3,8,5,2019-03-08T00:00:00.000Z,DL,19790,N913DE,2728,14730,1473003,SDF,"Louisville, KY",KY,Kentucky,10397,1039707,ATL,"Atlanta, GA",GA,Georgia,1706,1714,8.0,10.0,1724,1820,6.0,1833,1826,-7.0,0.0,"",0.0,87.0,72.0,56.0,321.0,2,"","","","","","",38.17416667|-85.73638889|33.63666667|-84.42777778|OUTSIDE
2019,1,3,8,5,2019-03-08T00:00:00.000Z,DL,19790,N966AT,2897,11433,1143302,DTW,"Detroit, MI",MI,Michigan,15016,1501606,STL,"St. Louis, MO",MO,Missouri,1745,1741,-4.0,15.0,1756,1811,5.0,1826,1816,-10.0,0.0,"",0.0,101.0,95.0,75.0,440.0,2,"","","","","","",42.2125|-83.35333333|38.74861111|-90.37|OUTSIDE
2019,1,3,8,5,2019-03-08T00:00:00.000Z,DL,19790,N996DL,2937,10208,1020803,AGS,"Augusta, GA",GA,Georgia,10397,1039707,ATL,"Atlanta, GA",GA,Georgia,1742,1735,-7.0,18.0,1753,1823,8.0,1854,1831,-23.0,0.0,"",0.0,72.0,56.0,30.0,143.0,1,"","","","","","",33.37|-81.96444444|33.63666667|-84.42777778|OUTSIDE
2019,1,3,8,5,2019-03-08T00:00:00.000Z,DL,19790,N906AT,2947,14869,1486903,SLC,"Salt Lake City, UT",UT,Utah,11292,1129202,DEN,"Denver, CO",CO,Colorado,1700,1702,2.0,24.0,1726,1826,14.0,1830,1840,10.0,0.0,"",0.0,90.0,98.0,60.0,391.0,2,"","","","","","",40.78833333|-111.97777778|39.86166667|-104.67305556|INSIDE
2019,1,3,8,5,2019-03-08T00:00:00.000Z,DL,19790,N925DN,2970,10397,1039707,ATL,"Atlanta, GA",GA,Georgia,10693,1069302,BNA,"Nashville, TN",TN,Tennessee,1800,1759,-1.0,12.0,1811,1754,7.0,1809,1801,-8.0,0.0,"",0.0,69.0,62.0,43.0,214.0,1,"","","","","","",33.63666667|-84.42777778|36.12444444|-86.67805556|OUTSIDE
2019,1,3,8,5,2019-03-08T00:00:00.000Z,OO,20304,N873AS,4052,10431,1043105,AVL,"Asheville, NC",NC,North Carolina,10397,1039707,ATL,"Atlanta, GA",GA,Georgia,1524,1711,107.0,24.0,1735,1810,7.0,1630,1817,107.0,0.0,"",0.0,66.0,66.0,35.0,164.0,1,3.0,0.0,0.0,0.0,104.0,"",35.43444444|-82.54277778|33.63666667|-84.42777778|OUTSIDE
2019,1,3,8,5,2019-03-08T00:00:00.000Z,OO,20304,N979EV,4113,11267,1126702,DAY,"Dayton, OH",OH,Ohio,13487,1348702,MSP,"Minneapolis, MN",MN,Minnesota,1742,1735,-7.0,16.0,1751,1838,10.0,1844,1848,4.0,0.0,"",0.0,122.0,133.0,107.0,574.0,3,"","","","","","",39.90222222|-84.21944444|44.88194444|-93.22166667|OUTSIDE
2019,1,3,8,5,2019-03-08T00:00:00.000Z,OO,20304,N290SY,4197,12478,1247805,JFK,"New York, NY",NY,New York,10721,1072102,BOS,"Boston, MA",MA,Massachusetts,1730,1730,0.0,25.0,1755,1834,9.0,1856,1843,-13.0,0.0,"",0.0,86.0,73.0,39.0,187.0,1,"","","","","","",40.64|-73.77861111|42.36305556|-71.00638889|OUTSIDE
2019,1,3,8,5,2019-03-08T00:00:00.000Z,OO,20304,N269SY,4796,11066,1106606,CMH,"Columbus, OH",OH,Ohio,13487,1348702,MSP,"Minneapolis, MN",MN,Minnesota,1735,1727,-8.0,17.0,1744,1840,7.0,1849,1847,-2.0,0.0,"",0.0,134.0,140.0,116.0,626.0,3,"","","","","","",39.99694444|-82.89222222|44.88194444|-93.22166667|OUTSIDE
2019,1,3,8,5,2019-03-08T00:00:00.000Z,OO,20304,N433SW,4974,13487,1348702,MSP,"Minneapolis, MN",MN,Minnesota,14457,1445702,RAP,"Rapid City, SD",SD,South Dakota,1636,1723,47.0,13.0,1736,1755,4.0,1724,1759,35.0,0.0,"",0.0,108.0,96.0,79.0,489.0,2,0.0,0.0,0.0,0.0,35.0,"",44.88194444|-93.22166667|44.04527778|-103.05722222|OUTSIDE
2019,1,3,8,5,2019-03-08T00:00:00.000Z,OO,20304,N918SW,5121,15454,1545405,UIN,"Quincy, IL",IL,Illinois,13930,1393007,ORD,"Chicago, IL",IL,Illinois,1723,1721,-2.0,8.0,1729,1806,13.0,1843,1819,-24.0,0.0,"",0.0,80.0,58.0,37.0,222.0,1,"","","","","","",39.94305556|-91.19444444|41.97444444|-87.90666667|OUTSIDE
2019,1,3,8,5,2019-03-08T00:00:00.000Z,OO,20304,N946SW,5128,10431,1043105,AVL,"Asheville, NC",NC,North Carolina,13930,1393007,ORD,"Chicago, IL",IL,Illinois,1730,1720,-10.0,31.0,1751,1831,16.0,1850,1847,-3.0,0.0,"",0.0,140.0,147.0,100.0,536.0,3,"","","","","","",35.43444444|-82.54277778|41.97444444|-87.90666667|OUTSIDE
2019,1,3,8,5,2019-03-08T00:00:00.000Z,OO,20304,N938SW,5171,12899,1289902,LBF,"North Platte, NE",NE,Nebraska,11292,1129202,DEN,"Denver, CO",CO,Colorado,1620,1731,71.0,16.0,1747,1740,11.0,1628,1751,83.0,0.0,"",0.0,68.0,80.0,53.0,228.0,1,0.0,0.0,12.0,0.0,71.0,"",41.12611111|-100.68361111|39.86166667|-104.67305556|INSIDE
2019,1,3,8,5,2019-03-08T00:00:00.000Z,OO,20304,N965SW,5202,10627,1062702,BIS,"Bismarck/Mandan, ND",ND,North Dakota,11292,1129202,DEN,"Denver, CO",CO,Colorado,1707,1709,2.0,22.0,1731,1811,15.0,1800,1826,26.0,0.0,"",0.0,113.0,137.0,100.0,516.0,3,0.0,0.0,24.0,0.0,2.0,"",46.77277778|-100.74583333|39.86166667|-104.67305556|INSIDE
2019,1,3,8,5,2019-03-08T00:00:00.000Z,OO,20304,N146SY,5219,14122,1412202,PIT,"Pittsburgh, PA",PA,Pennsylvania,13930,1393007,ORD,"Chicago, IL",IL,Illinois,1800,1800,0.0,11.0,1811,1830,17.0,1850,1847,-3.0,0.0,"",0.0,110.0,107.0,79.0,413.0,2,"","","","","","",40.49138889|-80.23277778|41.97444444|-87.90666667|OUTSIDE
2019,1,3,8,5,2019-03-08T00:00:00.000Z,OO,20304,N206SY,5351,12339,1233904,IND,"Indianapolis, IN",IN,Indiana,13930,1393007,ORD,"Chicago, IL",IL,Illinois,1820,1820,0.0,14.0,1834,1820,18.0,1848,1838,-10.0,0.0,"",0.0,88.0,78.0,46.0,177.0,1,"","","","","","",39.71722222|-86.29472222|41.97444444|-87.90666667|OUTSIDE
2019,1,3,8,5,2019-03-08T00:00:00.000Z,OO,20304,N908SW,5395,11638,1163807,FAT,"Fresno, CA",CA,California,14771,1477104,SFO,"San Francisco, CA",CA,California,1751,1746,-5.0,18.0,1804,1835,7.0,1855,1842,-13.0,0.0,"",0.0,64.0,56.0,31.0,158.0,1,"","","","","","",36.77666667|-119.71888889|37.61888889|-122.37555556|OUTSIDE
2019,1,3,8,5,2019-03-08T00:00:00.000Z,OO,20304,N785SK,5457,13930,1393007,ORD,"Chicago, IL",IL,Illinois,13485,1348502,MSN,"Madison, WI",WI,Wisconsin,1750,1750,0.0,15.0,1805,1831,4.0,1843,1835,-8.0,0.0,"",0.0,53.0,45.0,26.0,109.0,1,"","","","","","",41.97444444|-87.90666667|43.14|-89.3375|OUTSIDE
2019,1,3,8,5,2019-03-08T00:00:00.000Z,OO,20304,N154SY,5463,14771,1477104,SFO,"San Francisco, CA",CA,California,14679,1467903,SAN,"San Diego, CA",CA,California,1705,1658,-7.0,37.0,1735,1838,4.0,1843,1842,-1.0,0.0,"",0.0,98.0,104.0,63.0,447.0,2,"","","","","","",37.61888889|-122.37555556|32.73361111|-117.18972222|OUTSIDE
2019,1,3,8,5,2019-03-08T00:00:00.000Z,OO,20304,N144SY,5702,15096,1509602,SYR,"Syracuse, NY",NY,New York,13930,1393007,ORD,"Chicago, IL",IL,Illinois,1730,1717,-13.0,21.0,1738,1818,17.0,1848,1835,-13.0,0.0,"",0.0,138.0,138.0,100.0,607.0,3,"","","","","","",43.11111111|-76.10638889|41.97444444|-87.90666667|OUTSIDE
2019,1,3,8,5,2019-03-08T00:00:00.000Z,OO,20304,N954SW,5712,11109,1110902,COS,"Colorado Springs, CO",CO,Colorado,11292,1129202,DEN,"Denver, CO",CO,Colorado,1710,1709,-1.0,26.0,1735,1752,32.0,1805,1824,19.0,0.0,"",0.0,55.0,75.0,17.0,73.0,1,0.0,0.0,19.0,0.0,0.0,"",38.80583333|-104.70083333|39.86166667|-104.67305556|INSIDE
2019,1,3,8,5,2019-03-08T00:00:00.000Z,OO,20304,N982SW,5715,12892,1289208,LAX,"Los Angeles, CA",CA,California,11638,1163807,FAT,"Fresno, CA",CA,California,1725,1722,-3.0,23.0,1745,1825,4.0,1838,1829,-9.0,0.0,"",0.0,73.0,67.0,40.0,209.0,1,"","","","","","",33.9425|-118.40805556|36.77666667|-119.71888889|OUTSIDE
2019,1,3,8,5,2019-03-08T00:00:00.000Z,OO,20304,N132SY,5741,11433,1143302,DTW,"Detroit, MI",MI,Michigan,13930,1393007,ORD,"Chicago, IL",IL,Illinois,1705,1706,1.0,21.0,1727,1720,14.0,1730,1734,4.0,0.0,"",0.0,85.0,88.0,53.0,235.0,1,"","","","","","",42.2125|-83.35333333|41.97444444|-87.90666667|OUTSIDE
2019,1,3,8,5,2019-03-08T00:00:00.000Z,OO,20304,N149SY,5750,10792,1079206,BUF,"Buffalo, NY",NY,New York,13930,1393007,ORD,"Chicago, IL",IL,Illinois,1745,1739,-6.0,20.0,1759,1825,15.0,1850,1840,-10.0,0.0,"",0.0,125.0,121.0,86.0,473.0,2,"","","","","","",42.94055556|-78.73055556|41.97444444|-87.90666667|OUTSIDE
2019,1,3,8,5,2019-03-08T00:00:00.000Z,OO,20304,N920SW,5753,14771,1477104,SFO,"San Francisco, CA",CA,California,14487,1448702,RDD,"Redding, CA",CA,California,1605,1738,93.0,25.0,1803,1839,4.0,1719,1843,84.0,0.0,"",0.0,74.0,65.0,36.0,199.0,1,84.0,0.0,0.0,0.0,0.0,"",37.61888889|-122.37555556|40.50888889|-122.29333333|OUTSIDE
2019,1,3,8,5,2019-03-08T00:00:00.000Z,OO,20304,N912SW,5791,14696,1469608,SBN,"South Bend, IN",IN,Indiana,13930,1393007,ORD,"Chicago, IL",IL,Illinois,1635,1753,78.0,8.0,1801,1733,35.0,1641,1808,87.0,0.0,"",0.0,66.0,75.0,32.0,84.0,1,0.0,0.0,9.0,0.0,78.0,"",41.70833333|-86.31722222|41.97444444|-87.90666667|OUTSIDE
2019,1,3,8,5,2019-03-08T00:00:00.000Z,OO,20304,N923SW,5848,11775,1177502,FSD,"Sioux Falls, SD",SD,South Dakota,11292,1129202,DEN,"Denver, CO",CO,Colorado,1700,1658,-2.0,23.0,1721,1755,6.0,1753,1801,8.0,0.0,"",0.0,113.0,123.0,94.0,483.0,2,"","","","","","",43.58194444|-96.74194444|39.86166667|-104.67305556|INSIDE
2019,1,3,8,5,2019-03-08T00:00:00.000Z,OO,20304,N792SK,5949,13388,1338801,MMH,"Mammoth Lakes, CA",CA,California,12892,1289208,LAX,"Los Angeles, CA",CA,California,1622,1704,42.0,17.0,1721,1810,14.0,1743,1824,41.0,0.0,"",0.0,81.0,80.0,49.0,256.0,2,4.0,0.0,0.0,0.0,37.0,"",37.63111111|-118.85138889|33.9425|-118.40805556|OUTSIDE
2019,1,3,8,5,2019-03-08T00:00:00.000Z,OO,20304,N8965E,7380,14869,1486903,SLC,"Salt Lake City, UT",UT,Utah,10918,1091802,CDC,"Cedar City, UT",UT,Utah,1710,1708,-2.0,23.0,1731,1808,4.0,1812,1812,0.0,0.0,"",0.0,62.0,64.0,37.0,221.0,1,"","","","","","",40.78833333|-111.97777778|37.70083333|-113.09888889|OUTSIDE
2019,1,3,8,5,2019-03-08T00:00:00.000Z,OO,20304,N430SW,7389,14869,1486903,SLC,"Salt Lake City, UT",UT,Utah,11921,1192102,GJT,"Grand Junction, CO",CO,Colorado,1700,1657,-3.0,28.0,1725,1811,5.0,1810,1816,6.0,0.0,"",0.0,70.0,79.0,46.0,216.0,1,"","","","","","",40.78833333|-111.97777778|39.1225|-108.52666667|INSIDE
2019,1,3,8,5,2019-03-08T00:00:00.000Z,OO,20304,N916EV,7395,14869,1486903,SLC,"Salt Lake City, UT",UT,Utah,14794,1479405,SGU,"St. George, UT",UT,Utah,1700,1656,-4.0,26.0,1722,1807,3.0,1811,1810,-1.0,0.0,"",0.0,71.0,74.0,45.0,272.0,2,"","","","","","",40.78833333|-111.97777778|37.03638889|-113.51027778|OUTSIDE
2019,1,3,8,5,2019-03-08T00:00:00.000Z,OO,20304,N455SW,7429,14869,1486903,SLC,"Salt Lake City, UT",UT,Utah,14113,1411302,PIH,"Pocatello, ID",ID,Idaho,1710,1704,-6.0,46.0,1750,1816,2.0,1815,1818,3.0,0.0,"",0.0,65.0,74.0,26.0,150.0,1,"","","","","","",40.78833333|-111.97777778|42.90972222|-112.59583333|OUTSIDE
2019,1,3,8,5,2019-03-08T00:00:00.000Z,OO,20304,N468CA,7434,12397,1239702,ITH,"Ithaca/Cortland, NY",NY,New York,11433,1143302,DTW,"Detroit, MI",MI,Michigan,1735,1726,-9.0,12.0,1738,1838,6.0,1918,1844,-34.0,0.0,"",0.0,103.0,78.0,60.0,353.0,2,"","","","","","",42.49138889|-76.45861111|42.2125|-83.35333333|OUTSIDE
2019,1,3,8,5,2019-03-08T00:00:00.000Z,OO,20304,N487CA,7439,12343,1234305,INL,"International Falls, MN",MN,Minnesota,13487,1348702,MSP,"Minneapolis, MN",MN,Minnesota,1741,1731,-10.0,5.0,1736,1824,5.0,1854,1829,-25.0,0.0,"",0.0,73.0,58.0,48.0,255.0,2,"","","","","","",48.56555556|-93.40222222|44.88194444|-93.22166667|OUTSIDE
2019,1,3,8,5,2019-03-08T00:00:00.000Z,9E,20363,N833AY,3422,11433,1143302,DTW,"Detroit, MI",MI,Michigan,13184,1318403,MBS,"Saginaw/Bay City/Midland, MI",MI,Michigan,1545,1731,106.0,21.0,1752,1820,3.0,1638,1823,105.0,0.0,"",0.0,53.0,52.0,28.0,98.0,1,0.0,0.0,0.0,0.0,105.0,"",42.2125|-83.35333333|43.53305556|-84.07972222|OUTSIDE
2019,1,3,8,5,2019-03-08T00:00:00.000Z,9E,20363,N8980A,3482,10397,1039707,ATL,"Atlanta, GA",GA,Georgia,14814,1481402,SHV,"Shreveport, LA",LA,Louisiana,1731,1730,-1.0,11.0,1741,1808,4.0,1830,1812,-18.0,0.0,"",0.0,119.0,102.0,87.0,551.0,3,"","","","","","",33.63666667|-84.42777778|32.44666667|-93.82555556|OUTSIDE
2019,1,3,8,5,2019-03-08T00:00:00.000Z,OH,20397,N257PS,5402,11278,1127805,DCA,"Washington, DC",VA,Virginia,14576,1457606,ROC,"Rochester, NY",NY,New York,1520,1625,65.0,66.0,1731,1821,3.0,1638,1824,106.0,0.0,"",0.0,78.0,119.0,50.0,296.0,2,0.0,0.0,41.0,0.0,65.0,"",38.85138889|-77.03777778|43.11916667|-77.67194444|OUTSIDE
2019,1,3,8,5,2019-03-08T00:00:00.000Z,NK,20416,N649NK,917,11298,1129806,DFW,"Dallas/Fort Worth, TX",TX,Texas,11292,1129202,DEN,"Denver, CO",CO,Colorado,1754,1747,-7.0,15.0,1802,1838,12.0,1903,1850,-13.0,0.0,"",0.0,129.0,123.0,96.0,641.0,3,"","","","","","",32.89722222|-97.03777778|39.86166667|-104.67305556|INSIDE
2019,1,3,8,5,2019-03-08T00:00:00.000Z,NK,20416,N693NK,975,11433,1143302,DTW,"Detroit, MI",MI,Michigan,11292,1129202,DEN,"Denver, CO",CO,Colorado,1734,1729,-5.0,8.0,1737,1836,14.0,1857,1850,-7.0,0.0,"",0.0,203.0,201.0,179.0,1123.0,5,"","","","","","",42.2125|-83.35333333|39.86166667|-104.67305556|INSIDE
2019,1,3,8,5,2019-03-08T00:00:00.000Z,AA,19805,N949UW,688,10721,1072102,BOS,"Boston, MA",MA,Massachusetts,14100,1410005,PHL,"Philadelphia, PA",PA,Pennsylvania,1658,1701,3.0,19.0,1720,1828,3.0,1844,1831,-13.0,0.0,"",0.0,106.0,90.0,68.0,280.0,2,"","","","","","",42.36305556|-71.00638889|39.87194444|-75.24055556|OUTSIDE
2019,1,3,8,5,2019-03-08T00:00:00.000Z,AA,19805,N984TW,2594,11298,1129806,DFW,"Dallas/Fort Worth, TX",TX,Texas,10423,1042302,AUS,"Austin, TX",TX,Texas,1745,1744,-1.0,10.0,1754,1827,9.0,1843,1836,-7.0,0.0,"",0.0,58.0,52.0,33.0,190.0,1,"","","","","","",32.89722222|-97.03777778|30.19444444|-97.67|OUTSIDE
2019,1,3,8,5,2019-03-08T00:00:00.000Z,G4,20368,307NV,15,11921,1192102,GJT,"Grand Junction, CO",CO,Colorado,12889,1288903,LAS,"Las Vegas, NV",NV,Nevada,1735,1727,-8.0,10.0,1737,1746,5.0,1759,1751,-8.0,0.0,"",0.0,84.0,84.0,69.0,420.0,2,"","","","","","",39.1225|-108.52666667|36.08|-115.15222222|INSIDE
2019,1,3,8,5,2019-03-08T00:00:00.000Z,OH,20397,N514AE,5196,11057,1105703,CLT,"Charlotte, NC",NC,North Carolina,13795,1379502,OAJ,"Jacksonville/Camp Lejeune, NC",NC,North Carolina,1750,1748,-2.0,9.0,1757,1830,2.0,1846,1832,-14.0,0.0,"",0.0,56.0,44.0,33.0,191.0,1,"","","","","","",35.21361111|-80.94916667|34.82916667|-77.61222222|OUTSIDE
2019,1,3,8,5,2019-03-08T00:00:00.000Z,OH,20397,N524EA,5210,11057,1105703,CLT,"Charlotte, NC",NC,North Carolina,10980,1098002,CHA,"Chattanooga, TN",TN,Tennessee,1719,1716,-3.0,15.0,1731,1821,5.0,1826,1826,0.0,0.0,"",0.0,67.0,70.0,50.0,241.0,1,"","","","","","",35.21361111|-80.94916667|35.03527778|-85.20361111|OUTSIDE
2019,1,3,8,5,2019-03-08T00:00:00.000Z,OH,20397,N570NN,5709,11057,1105703,CLT,"Charlotte, NC",NC,North Carolina,15624,1562404,VPS,"Valparaiso, FL",FL,Florida,1741,1746,5.0,15.0,1801,1815,7.0,1826,1822,-4.0,0.0,"",0.0,105.0,96.0,74.0,460.0,2,"","","","","","",35.21361111|-80.94916667|30.48333333|-86.52527778|OUTSIDE
2019,1,3,8,5,2019-03-08T00:00:00.000Z,B6,20409,N231JB,105,12478,1247805,JFK,"New York, NY",NY,New York,13930,1393006,ORD,"Chicago, IL",IL,Illinois,1600,1710,70.0,21.0,1731,1836,29.0,1800,1905,65.0,0.0,"",0.0,180.0,175.0,125.0,740.0,3,65.0,0.0,0.0,0.0,0.0,"",40.64|-73.77861111|41.97722222|-87.90805556|OUTSIDE
2019,1,3,8,5,2019-03-08T00:00:00.000Z,B6,20409,N651JB,1135,15024,1502403,STT,"Charlotte Amalie, VI",VI,U.S. Virgin Islands,14843,1484306,SJU,"San Juan, PR",PR,Puerto Rico,1745,1735,-10.0,7.0,1742,1800,7.0,1824,1807,-17.0,0.0,"",0.0,39.0,32.0,18.0,68.0,1,"","","","","","",18.33722222|-64.97333333|18.43944444|-66.00222222|OUTSIDE
2019,1,3,8,5,2019-03-08T00:00:00.000Z,B6,20409,N317JB,1232,12953,1295304,LGA,"New York, NY",NY,New York,10721,1072102,BOS,"Boston, MA",MA,Massachusetts,1735,1732,-3.0,21.0,1753,1834,26.0,1857,1900,3.0,0.0,"",0.0,82.0,88.0,41.0,184.0,1,"","","","","","",40.77722222|-73.8725|42.36305556|-71.00638889|OUTSIDE
2019,1,3,8,5,2019-03-08T00:00:00.000Z,B6,20409,N298JB,1331,10721,1072102,BOS,"Boston, MA",MA,Massachusetts,12953,1295304,LGA,"New York, NY",NY,New York,1710,1706,-4.0,17.0,1723,1809,3.0,1841,1812,-29.0,0.0,"",0.0,91.0,66.0,46.0,184.0,1,"","","","","","",42.36305556|-71.00638889|40.77722222|-73.8725|OUTSIDE
2019,1,3,8,5,2019-03-08T00:00:00.000Z,AA,19805,N193UW,501,12892,1289208,LAX,"Los Angeles, CA",CA,California,12889,1288903,LAS,"Las Vegas, NV",NV,Nevada,1655,1708,13.0,21.0,1729,1817,6.0,1809,1823,14.0,0.0,"",0.0,74.0,75.0,48.0,236.0,1,"","","","","","",33.9425|-118.40805556|36.08|-115.15222222|OUTSIDE
2019,1,3,8,5,2019-03-08T00:00:00.000Z,AA,19805,N711UW,1775,11057,1105703,CLT,"Charlotte, NC",NC,North Carolina,11278,1127805,DCA,"Washington, DC",VA,Virginia,1703,1714,11.0,19.0,1733,1824,4.0,1830,1828,-2.0,0.0,"",0.0,87.0,74.0,51.0,331.0,2,"","","","","","",35.21361111|-80.94916667|38.85138889|-77.03777778|OUTSIDE
2019,1,3,8,5,2019-03-08T00:00:00.000Z,AA,19805,N812NN,311,14683,1468305,SAT,"San Antonio, TX",TX,Texas,11298,1129806,DFW,"Dallas/Fort Worth, TX",TX,Texas,1744,1743,-1.0,12.0,1755,1836,6.0,1859,1842,-17.0,0.0,"",0.0,75.0,59.0,41.0,247.0,1,"","","","","","",29.53388889|-98.46916667|32.89722222|-97.03777778|OUTSIDE
2019,1,3,8,5,2019-03-08T00:00:00.000Z,AA,19805,N832AW,888,13303,1330303,MIA,"Miami, FL",FL,Florida,15304,1530402,TPA,"Tampa, FL",FL,Florida,1544,1722,98.0,13.0,1735,1818,4.0,1648,1822,94.0,0.0,"",0.0,64.0,60.0,43.0,204.0,1,2.0,0.0,0.0,0.0,92.0,"",25.79527778|-80.29|27.97555556|-82.53333333|OUTSIDE
2019,1,3,8,5,2019-03-08T00:00:00.000Z,YX,20452,N882RW,5907,14100,1410005,PHL,"Philadelphia, PA",PA,Pennsylvania,10721,1072102,BOS,"Boston, MA",MA,Massachusetts,1710,1706,-4.0,32.0,1738,1832,17.0,1835,1849,14.0,0.0,"",0.0,85.0,103.0,54.0,280.0,2,"","","","","","",39.87194444|-75.24055556|42.36305556|-71.00638889|OUTSIDE
2019,1,3,8,5,2019-03-08T00:00:00.000Z,YX,20452,N880RW,5944,12953,1295304,LGA,"New York, NY",NY,New York,11278,1127805,DCA,"Washington, DC",VA,Virginia,1659,1659,0.0,36.0,1735,1826,24.0,1827,1850,23.0,0.0,"",0.0,88.0,111.0,51.0,214.0,1,0.0,0.0,23.0,0.0,0.0,"",40.77722222|-73.8725|38.85138889|-77.03777778|OUTSIDE
2019,1,3,8,5,2019-03-08T00:00:00.000Z,YX,20452,N870RW,5966,11278,1127805,DCA,"Washington, DC",VA,Virginia,13485,1348502,MSN,"Madison, WI",WI,Wisconsin,1510,1638,88.0,42.0,1720,1810,5.0,1633,1815,102.0,0.0,"",0.0,143.0,157.0,110.0,707.0,3,8.0,11.0,14.0,0.0,69.0,"",38.85138889|-77.03777778|43.14|-89.3375|OUTSIDE
2019,1,3,8,5,2019-03-08T00:00:00.000Z,YX,20452,N202JQ,6004,10721,1072102,BOS,"Boston, MA",MA,Massachusetts,12953,1295304,LGA,"New York, NY",NY,New York,1559,1719,80.0,31.0,1750,1837,8.0,1716,1845,89.0,0.0,"",0.0,77.0,86.0,47.0,184.0,1,80.0,0.0,9.0,0.0,0.0,"",42.36305556|-71.00638889|40.77722222|-73.8725|OUTSIDE
2019,1,3,8,5,2019-03-08T00:00:00.000Z,YX,20452,N212JQ,6120,10721,1072102,BOS,"Boston, MA",MA,Massachusetts,12953,1295304,LGA,"New York, NY",NY,New York,1700,1713,13.0,27.0,1740,1825,8.0,1826,1833,7.0,0.0,"",0.0,86.0,80.0,45.0,184.0,1,"","","","","","",42.36305556|-71.00638889|40.77722222|-73.8725|OUTSIDE
2019,1,3,8,5,2019-03-08T00:00:00.000Z,YX,20452,N413YX,4413,11624,1162402,EYW,"Key West, FL",FL,Florida,13303,1330303,MIA,"Miami, FL",FL,Florida,1727,1725,-2.0,11.0,1736,1803,9.0,1815,1812,-3.0,0.0,"",0.0,48.0,47.0,27.0,125.0,1,"","","","","","",24.55611111|-81.75944444|25.79527778|-80.29|OUTSIDE
2019,1,3,8,5,2019-03-08T00:00:00.000Z,YX,20452,N406YX,4481,13303,1330303,MIA,"Miami, FL",FL,Florida,11624,1162402,EYW,"Key West, FL",FL,Florida,1744,1740,-4.0,20.0,1800,1832,3.0,1839,1835,-4.0,0.0,"",0.0,55.0,55.0,32.0,125.0,1,"","","","","","",25.79527778|-80.29|24.55611111|-81.75944444|OUTSIDE
2019,1,3,8,5,2019-03-08T00:00:00.000Z,YX,20452,N728YX,3469,10397,1039707,ATL,"Atlanta, GA",GA,Georgia,12266,1226603,IAH,"Houston, TX",TX,Texas,1740,1734,-6.0,12.0,1746,1838,8.0,1859,1846,-13.0,0.0,"",0.0,139.0,132.0,112.0,689.0,3,"","","","","","",33.63666667|-84.42777778|29.98444444|-95.34138889|OUTSIDE
2019,1,3,8,5,2019-03-08T00:00:00.000Z,YX,20452,N743YX,3646,11618,1161802,EWR,"Newark, NJ",NJ,New Jersey,13931,1393102,ORF,"Norfolk, VA",VA,Virginia,1715,1710,-5.0,33.0,1743,1837,7.0,1845,1844,-1.0,0.0,"",0.0,90.0,94.0,54.0,284.0,2,"","","","","","",40.6925|-74.16861111|36.89472222|-76.20111111|OUTSIDE
2019,1,3,8,5,2019-03-08T00:00:00.000Z,OO,20304,N764SK,3040,13930,1393007,ORD,"Chicago, IL",IL,Illinois,13076,1307605,LSE,"La Crosse, WI",WI,Wisconsin,1640,1739,59.0,17.0,1756,1838,2.0,1752,1840,48.0,0.0,"",0.0,72.0,61.0,42.0,215.0,1,0.0,0.0,0.0,0.0,48.0,"",41.97444444|-87.90666667|43.87916667|-91.25666667|OUTSIDE
2019,1,3,8,5,2019-03-08T00:00:00.000Z,OO,20304,N748SK,3055,14107,1410702,PHX,"Phoenix, AZ",AZ,Arizona,14262,1426204,PSP,"Palm Springs, CA",CA,California,1745,1749,4.0,14.0,1803,1749,5.0,1752,1754,2.0,0.0,"",0.0,67.0,65.0,46.0,261.0,2,"","","","","","",33.43416667|-112.01166667|33.82972222|-116.50666667|OUTSIDE
2019,1,3,8,5,2019-03-08T00:00:00.000Z,OO,20304,N760SK,3069,15376,1537604,TUS,"Tucson, AZ",AZ,Arizona,14107,1410702,PHX,"Phoenix, AZ",AZ,Arizona,1742,1741,-1.0,21.0,1802,1829,10.0,1845,1839,-6.0,0.0,"",0.0,63.0,58.0,27.0,110.0,1,"","","","","","",32.11611111|-110.94111111|33.43416667|-112.01166667|OUTSIDE
2019,1,3,8,5,2019-03-08T00:00:00.000Z,OO,20304,N594SW,3128,14109,1410902,PIB,"Hattiesburg/Laurel, MS",MS,Mississippi,13241,1324102,MEI,"Meridian, MS",MS,Mississippi,1725,1720,-5.0,23.0,1743,1807,7.0,1806,1814,8.0,0.0,"",0.0,41.0,54.0,24.0,69.0,1,"","","","","","",31.46722222|-89.33694444|32.3325|-88.75194444|OUTSIDE
2019,1,3,8,5,2019-03-08T00:00:00.000Z,OO,20304,N709SK,3141,12339,1233904,IND,"Indianapolis, IN",IN,Indiana,13930,1393007,ORD,"Chicago, IL",IL,Illinois,1731,1734,3.0,14.0,1748,1731,15.0,1745,1746,1.0,0.0,"",0.0,74.0,72.0,43.0,177.0,1,"","","","","","",39.71722222|-86.29472222|41.97444444|-87.90666667|OUTSIDE
2019,1,3,8,5,2019-03-08T00:00:00.000Z,OO,20304,N730SK,3163,11298,1129806,DFW,"Dallas/Fort Worth, TX",TX,Texas,14674,1467402,SAF,"Santa Fe, NM",NM,New Mexico,1456,1729,153.0,31.0,1800,1832,6.0,1550,1838,168.0,0.0,"",0.0,114.0,129.0,92.0,551.0,3,153.0,0.0,15.0,0.0,0.0,"",32.89722222|-97.03777778|35.61722222|-106.08944444|OUTSIDE
2019,1,3,8,5,2019-03-08T00:00:00.000Z,OO,20304,N753SK,3200,12891,1289102,LAW,"Lawton/Fort Sill, OK",OK,Oklahoma,11298,1129806,DFW,"Dallas/Fort Worth, TX",TX,Texas,1704,1700,-4.0,35.0,1735,1801,9.0,1800,1810,10.0,0.0,"",0.0,56.0,70.0,26.0,140.0,1,"","","","","","",34.56777778|-98.41666667|32.89722222|-97.03777778|OUTSIDE
2019,1,3,8,5,2019-03-08T00:00:00.000Z,OO,20304,N184SY,3372,15023,1502305,STS,"Santa Rosa, CA",CA,California,12892,1289208,LAX,"Los Angeles, CA",CA,California,1720,1707,-13.0,29.0,1736,1836,16.0,1855,1852,-3.0,0.0,"",0.0,95.0,105.0,60.0,400.0,2,"","","","","","",38.50972222|-122.81277778|33.9425|-118.40805556|OUTSIDE
2019,1,3,8,5,2019-03-08T00:00:00.000Z,OO,20304,N404SY,3411,14908,1490803,SNA,"Santa Ana, CA",CA,California,14831,1483106,SJC,"San Jose, CA",CA,California,1700,1647,-13.0,33.0,1720,1824,5.0,1825,1829,4.0,0.0,"",0.0,85.0,102.0,64.0,342.0,2,"","","","","","",33.67555556|-117.86833333|37.36305556|-121.92861111|OUTSIDE
2019,1,3,8,5,2019-03-08T00:00:00.000Z,OO,20304,N702BR,3505,10397,1039707,ATL,"Atlanta, GA",GA,Georgia,11308,1130802,DHN,"Dothan, AL",AL,Alabama,1754,1757,3.0,8.0,1805,1736,1.0,1753,1737,-16.0,0.0,"",0.0,59.0,40.0,31.0,170.0,1,"","","","","","",33.63666667|-84.42777778|31.32111111|-85.44944444|OUTSIDE
2019,1,3,8,5,2019-03-08T00:00:00.000Z,OO,20304,N494CA,3520,11433,1143302,DTW,"Detroit, MI",MI,Michigan,10469,1046902,AZO,"Kalamazoo, MI",MI,Michigan,1716,1713,-3.0,13.0,1726,1753,5.0,1803,1758,-5.0,0.0,"",0.0,47.0,45.0,27.0,113.0,1,"","","","","","",42.2125|-83.35333333|42.23444444|-85.55166667|OUTSIDE
2019,1,3,8,5,2019-03-08T00:00:00.000Z,OO,20304,N604SK,3526,13487,1348702,MSP,"Minneapolis, MN",MN,Minnesota,13871,1387102,OMA,"Omaha, NE",NE,Nebraska,1530,1705,95.0,17.0,1722,1811,3.0,1649,1814,85.0,0.0,"",0.0,79.0,69.0,49.0,282.0,2,6.0,0.0,0.0,0.0,79.0,"",44.88194444|-93.22166667|41.30305556|-95.89416667|OUTSIDE
2019,1,3,8,5,2019-03-08T00:00:00.000Z,OO,20304,N822SK,3542,14869,1486903,SLC,"Salt Lake City, UT",UT,Utah,13796,1379608,OAK,"Oakland, CA",CA,California,1705,1705,0.0,29.0,1734,1807,5.0,1809,1812,3.0,0.0,"",0.0,124.0,127.0,93.0,588.0,3,"","","","","","",40.78833333|-111.97777778|37.72111111|-122.22111111|OUTSIDE
2019,1,3,8,5,2019-03-08T00:00:00.000Z,OO,20304,N283SY,3550,12953,1295304,LGA,"New York, NY",NY,New York,10693,1069302,BNA,"Nashville, TN",TN,Tennessee,1639,1702,23.0,25.0,1727,1823,10.0,1820,1833,13.0,0.0,"",0.0,161.0,151.0,116.0,764.0,4,"","","","","","",40.77722222|-73.8725|36.12444444|-86.67805556|OUTSIDE
2019,1,3,8,5,2019-03-08T00:00:00.000Z,OO,20304,N256SY,3570,14057,1405702,PDX,"Portland, OR",OR,Oregon,14747,1474703,SEA,"Seattle, WA",WA,Washington,1655,1707,12.0,14.0,1721,1754,8.0,1753,1802,9.0,0.0,"",0.0,58.0,55.0,33.0,129.0,1,"","","","","","",45.58861111|-122.59694444|47.45|-122.31166667|OUTSIDE
2019,1,3,8,5,2019-03-08T00:00:00.000Z,OO,20304,N614SK,3648,15376,1537604,TUS,"Tucson, AZ",AZ,Arizona,12892,1289208,LAX,"Los Angeles, CA",CA,California,1800,1744,-16.0,32.0,1816,1836,9.0,1841,1845,4.0,0.0,"",0.0,101.0,121.0,80.0,451.0,2,"","","","","","",32.11611111|-110.94111111|33.9425|-118.40805556|OUTSIDE
2019,1,3,8,5,2019-03-08T00:00:00.000Z,OO,20304,N260SY,3662,12889,1288903,LAS,"Las Vegas, NV",NV,Nevada,14908,1490803,SNA,"Santa Ana, CA",CA,California,1730,1725,-5.0,21.0,1746,1828,5.0,1839,1833,-6.0,0.0,"",0.0,69.0,68.0,42.0,226.0,1,"","","","","","",36.08|-115.15222222|33.67555556|-117.86833333|OUTSIDE
2019,1,3,8,5,2019-03-08T00:00:00.000Z,OO,20304,N448SW,3724,11433,1143302,DTW,"Detroit, MI",MI,Michigan,12884,1288403,LAN,"Lansing, MI",MI,Michigan,1740,1740,0.0,17.0,1757,1818,6.0,1826,1824,-2.0,0.0,"",0.0,46.0,44.0,21.0,74.0,1,"","","","","","",42.2125|-83.35333333|42.77861111|-84.58611111|OUTSIDE
2019,1,3,8,5,2019-03-08T00:00:00.000Z,OO,20304,N815SK,3890,11433,1143302,DTW,"Detroit, MI",MI,Michigan,13485,1348502,MSN,"Madison, WI",WI,Wisconsin,1740,1800,20.0,11.0,1811,1804,4.0,1759,1808,9.0,0.0,"",0.0,79.0,68.0,53.0,311.0,2,"","","","","","",42.2125|-83.35333333|43.14|-89.3375|OUTSIDE
2019,1,3,8,5,2019-03-08T00:00:00.000Z,OO,20304,N8903A,3929,10627,1062702,BIS,"Bismarck/Mandan, ND",ND,North Dakota,13487,1348702,MSP,"Minneapolis, MN",MN,Minnesota,1712,1705,-7.0,19.0,1724,1828,7.0,1844,1835,-9.0,0.0,"",0.0,92.0,90.0,64.0,386.0,2,"","","","","","",46.77277778|-100.74583333|44.88194444|-93.22166667|OUTSIDE
2019,1,3,8,5,2019-03-08T00:00:00.000Z,OO,20304,N913EV,3957,14869,1486903,SLC,"Salt Lake City, UT",UT,Utah,12280,1228002,IDA,"Idaho Falls, ID",ID,Idaho,1700,1655,-5.0,39.0,1734,1816,3.0,1806,1819,13.0,0.0,"",0.0,66.0,84.0,42.0,188.0,1,"","","","","","",40.78833333|-111.97777778|43.51361111|-112.07083333|OUTSIDE
2019,1,3,8,5,2019-03-08T00:00:00.000Z,OH,20397,N591NN,5601,11252,1125203,DAB,"Daytona Beach, FL",FL,Florida,11057,1105703,CLT,"Charlotte, NC",NC,North Carolina,1659,1714,15.0,8.0,1722,1835,9.0,1845,1844,-1.0,0.0,"",0.0,106.0,90.0,73.0,416.0,2,"","","","","","",29.18|-81.05805556|35.21361111|-80.94916667|OUTSIDE
2019,1,3,8,5,2019-03-08T00:00:00.000Z,B6,20409,N339JB,2459,10721,1072102,BOS,"Boston, MA",MA,Massachusetts,14100,1410005,PHL,"Philadelphia, PA",PA,Pennsylvania,1616,1715,59.0,15.0,1730,1836,19.0,1802,1855,53.0,0.0,"",0.0,106.0,100.0,66.0,280.0,2,53.0,0.0,0.0,0.0,0.0,"",42.36305556|-71.00638889|39.87194444|-75.24055556|OUTSIDE
2019,1,3,8,5,2019-03-08T00:00:00.000Z,AA,19805,N758US,404,11057,1105703,CLT,"Charlotte, NC",NC,North Carolina,12339,1233904,IND,"Indianapolis, IN",IN,Indiana,1654,1700,6.0,20.0,1720,1836,5.0,1837,1841,4.0,0.0,"",0.0,103.0,101.0,76.0,427.0,2,"","","","","","",35.21361111|-80.94916667|39.71722222|-86.29472222|OUTSIDE
2019,1,3,8,5,2019-03-08T00:00:00.000Z,AA,19805,N197UW,2099,14107,1410702,PHX,"Phoenix, AZ",AZ,Arizona,12892,1289208,LAX,"Los Angeles, CA",CA,California,1810,1808,-2.0,19.0,1827,1832,13.0,1845,1845,0.0,0.0,"",0.0,95.0,97.0,65.0,370.0,2,"","","","","","",33.43416667|-112.01166667|33.9425|-118.40805556|OUTSIDE
2019,1,3,8,5,2019-03-08T00:00:00.000Z,9E,20363,N8688C,5460,11433,1143302,DTW,"Detroit, MI",MI,Michigan,11066,1106606,CMH,"Columbus, OH",OH,Ohio,1750,1745,-5.0,19.0,1804,1833,2.0,1848,1835,-13.0,0.0,"",0.0,58.0,50.0,29.0,155.0,1,"","","","","","",42.2125|-83.35333333|39.99694444|-82.89222222|OUTSIDE
2019,1,3,8,5,2019-03-08T00:00:00.000Z,9E,20363,N298PQ,5198,11433,1143302,DTW,"Detroit, MI",MI,Michigan,14122,1412202,PIT,"Pittsburgh, PA",PA,Pennsylvania,1750,1747,-3.0,15.0,1802,1839,21.0,1854,1900,6.0,0.0,"",0.0,64.0,73.0,37.0,201.0,1,"","","","","","",42.2125|-83.35333333|40.49138889|-80.23277778|OUTSIDE
2019,1,3,8,5,2019-03-08T00:00:00.000Z,9E,20363,N8837B,5242,11193,1119302,CVG,"Cincinnati, OH",KY,Kentucky,13930,1393006,ORD,"Chicago, IL",IL,Illinois,1822,1817,-5.0,13.0,1830,1827,20.0,1859,1847,-12.0,0.0,"",0.0,97.0,90.0,57.0,264.0,2,"","","","","","",39.04888889|-84.66777778|41.97722222|-87.90805556|OUTSIDE
2019,1,3,8,5,2019-03-08T00:00:00.000Z,WN,19393,N484WN,2066,10140,1014005,ABQ,"Albuquerque, NM",NM,New Mexico,14107,1410702,PHX,"Phoenix, AZ",AZ,Arizona,1710,1710,0.0,14.0,1724,1823,5.0,1830,1828,-2.0,0.0,"",0.0,80.0,78.0,59.0,328.0,2,"","","","","","",35.03888889|-106.60833333|33.43416667|-112.01166667|OUTSIDE
2019,1,3,8,5,2019-03-08T00:00:00.000Z,WN,19393,N461WN,1564,10257,1025702,ALB,"Albany, NY",NY,New York,13232,1323202,MDW,"Chicago, IL",IL,Illinois,1720,1723,3.0,8.0,1731,1825,2.0,1835,1827,-8.0,0.0,"",0.0,135.0,124.0,114.0,717.0,3,"","","","","","",42.74916667|-73.80194444|41.78583333|-87.7525|OUTSIDE
2019,1,3,8,5,2019-03-08T00:00:00.000Z,WN,19393,N558WN,2434,10397,1039707,ATL,"Atlanta, GA",GA,Georgia,13495,1349505,MSY,"New Orleans, LA",LA,Louisiana,1750,1813,23.0,11.0,1824,1834,2.0,1825,1836,11.0,0.0,"",0.0,95.0,83.0,70.0,425.0,2,"","","","","","",33.63666667|-84.42777778|29.99333333|-90.25916667|OUTSIDE
2019,1,3,8,5,2019-03-08T00:00:00.000Z,WN,19393,N726SW,2050,10423,1042302,AUS,"Austin, TX",TX,Texas,11259,1125903,DAL,"Dallas, TX",TX,Texas,1705,1730,25.0,8.0,1738,1815,3.0,1810,1818,8.0,0.0,"",0.0,65.0,48.0,37.0,189.0,1,"","","","","","",30.19444444|-97.67|32.84722222|-96.85166667|OUTSIDE
2019,1,3,8,5,2019-03-08T00:00:00.000Z,WN,19393,N417WN,864,10423,1042302,AUS,"Austin, TX",TX,Texas,11540,1154005,ELP,"El Paso, TX",TX,Texas,1730,1749,19.0,11.0,1800,1826,3.0,1810,1829,19.0,0.0,"",0.0,100.0,100.0,86.0,528.0,3,13.0,0.0,0.0,0.0,6.0,"",30.19444444|-97.67|31.80722222|-106.37638889|OUTSIDE
2019,1,3,8,5,2019-03-08T00:00:00.000Z,WN,19393,N446WN,2323,10529,1052906,BDL,"Hartford, CT",CT,Connecticut,10821,1082106,BWI,"Baltimore, MD",MD,Maryland,1720,1723,3.0,11.0,1734,1826,5.0,1840,1831,-9.0,0.0,"",0.0,80.0,68.0,52.0,283.0,2,"","","","","","",41.93916667|-72.68333333|39.17583333|-76.66888889|OUTSIDE
2019,1,3,8,5,2019-03-08T00:00:00.000Z,WN,19393,N286WN,376,10800,1080003,BUR,"Burbank, CA",CA,California,12889,1288903,LAS,"Las Vegas, NV",NV,Nevada,1605,1710,65.0,13.0,1723,1806,5.0,1710,1811,61.0,0.0,"",0.0,65.0,61.0,43.0,223.0,1,61.0,0.0,0.0,0.0,0.0,"",34.20055556|-118.35861111|36.08|-115.15222222|OUTSIDE
2019,1,3,8,5,2019-03-08T00:00:00.000Z,WN,19393,N799SW,1261,10821,1082106,BWI,"Baltimore, MD",MD,Maryland,11042,1104205,CLE,"Cleveland, OH",OH,Ohio,1710,1707,-3.0,19.0,1726,1821,3.0,1830,1824,-6.0,0.0,"",0.0,80.0,77.0,55.0,314.0,2,"","","","","","",39.17583333|-76.66888889|41.40944444|-81.85472222|OUTSIDE
2019,1,3,8,5,2019-03-08T00:00:00.000Z,WN,19393,N770SA,374,10821,1082106,BWI,"Baltimore, MD",MD,Maryland,13931,1393102,ORF,"Norfolk, VA",VA,Virginia,1625,1700,35.0,20.0,1720,1755,3.0,1725,1758,33.0,0.0,"",0.0,60.0,58.0,35.0,159.0,1,0.0,0.0,0.0,0.0,33.0,"",39.17583333|-76.66888889|36.89472222|-76.20111111|OUTSIDE
2019,1,3,8,5,2019-03-08T00:00:00.000Z,WN,19393,N570WN,904,11042,1104205,CLE,"Cleveland, OH",OH,Ohio,13232,1323202,MDW,"Chicago, IL",IL,Illinois,1810,1825,15.0,13.0,1838,1833,2.0,1830,1835,5.0,0.0,"",0.0,80.0,70.0,55.0,307.0,2,"","","","","","",41.40944444|-81.85472222|41.78583333|-87.7525|OUTSIDE
2019,1,3,8,5,2019-03-08T00:00:00.000Z,WN,19393,N761RR,358,11066,1106606,CMH,"Columbus, OH",OH,Ohio,11278,1127805,DCA,"Washington, DC",VA,Virginia,1745,1742,-3.0,10.0,1752,1840,32.0,1905,1912,7.0,0.0,"",0.0,80.0,90.0,48.0,323.0,2,"","","","","","",39.99694444|-82.89222222|38.85138889|-77.03777778|OUTSIDE
2019,1,3,8,5,2019-03-08T00:00:00.000Z,WN,19393,N8515X,2532,11193,1119302,CVG,"Cincinnati, OH",KY,Kentucky,13232,1323202,MDW,"Chicago, IL",IL,Illinois,1805,1808,3.0,9.0,1817,1805,9.0,1815,1814,-1.0,0.0,"",0.0,70.0,66.0,48.0,249.0,1,"","","","","","",39.04888889|-84.66777778|41.78583333|-87.7525|OUTSIDE
2019,1,3,8,5,2019-03-08T00:00:00.000Z,WN,19393,N466WN,360,11259,1125903,DAL,"Dallas, TX",TX,Texas,10279,1027903,AMA,"Amarillo, TX",TX,Texas,1720,1726,6.0,11.0,1737,1833,3.0,1835,1836,1.0,0.0,"",0.0,75.0,70.0,56.0,323.0,2,"","","","","","",32.84722222|-96.85166667|35.21944444|-101.70583333|OUTSIDE
2019,1,3,8,5,2019-03-08T00:00:00.000Z,WN,19393,N729SW,2485,11259,1125903,DAL,"Dallas, TX",TX,Texas,11540,1154005,ELP,"El Paso, TX",TX,Texas,1630,1719,49.0,9.0,1728,1756,2.0,1715,1758,43.0,0.0,"",0.0,105.0,99.0,88.0,562.0,3,32.0,0.0,0.0,0.0,11.0,"",32.84722222|-96.85166667|31.80722222|-106.37638889|OUTSIDE
2019,1,3,8,5,2019-03-08T00:00:00.000Z,WN,19393,N8534Z,45,11259,1125903,DAL,"Dallas, TX",TX,Texas,12191,1219102,HOU,"Houston, TX",TX,Texas,1730,1735,5.0,12.0,1747,1829,6.0,1840,1835,-5.0,0.0,"",0.0,70.0,60.0,42.0,239.0,1,"","","","","","",32.84722222|-96.85166667|29.64555556|-95.27888889|OUTSIDE
2019,1,3,8,5,2019-03-08T00:00:00.000Z,WN,19393,N297WN,763,11292,1129202,DEN,"Denver, CO",CO,Colorado,12889,1288903,LAS,"Las Vegas, NV",NV,Nevada,1710,1746,36.0,12.0,1758,1833,7.0,1805,1840,35.0,0.0,"",0.0,115.0,114.0,95.0,628.0,3,14.0,0.0,0.0,0.0,21.0,"",39.86166667|-104.67305556|36.08|-115.15222222|INSIDE
2019,1,3,8,5,2019-03-08T00:00:00.000Z,WN,19393,N8577Z,101,11433,1143302,DTW,"Detroit, MI",MI,Michigan,13232,1323202,MDW,"Chicago, IL",IL,Illinois,1810,1822,12.0,16.0,1838,1823,4.0,1825,1827,2.0,0.0,"",0.0,75.0,65.0,45.0,228.0,1,"","","","","","",42.2125|-83.35333333|41.78583333|-87.7525|OUTSIDE
2019,1,3,8,5,2019-03-08T00:00:00.000Z,WN,19393,N730SW,255,11697,1169706,FLL,"Fort Lauderdale, FL",FL,Florida,13204,1320402,MCO,"Orlando, FL",FL,Florida,1730,1734,4.0,18.0,1752,1833,7.0,1835,1840,5.0,0.0,"",0.0,65.0,66.0,41.0,177.0,1,"","","","","","",26.07166667|-80.14972222|28.42944444|-81.30888889|OUTSIDE
2019,1,3,8,5,2019-03-08T00:00:00.000Z,WN,19393,N789SW,2399,11697,1169706,FLL,"Fort Lauderdale, FL",FL,Florida,13495,1349505,MSY,"New Orleans, LA",LA,Louisiana,1735,1733,-2.0,15.0,1748,1836,3.0,1850,1839,-11.0,0.0,"",0.0,135.0,126.0,108.0,674.0,3,"","","","","","",26.07166667|-80.14972222|29.99333333|-90.25916667|OUTSIDE
2019,1,3,8,5,2019-03-08T00:00:00.000Z,WN,19393,N7818L,449,11996,1199603,GSP,"Greer, SC",SC,South Carolina,10397,1039707,ATL,"Atlanta, GA",GA,Georgia,1745,1747,2.0,8.0,1755,1827,7.0,1850,1834,-16.0,0.0,"",0.0,65.0,47.0,32.0,153.0,1,"","","","","","",34.89555556|-82.21888889|33.63666667|-84.42777778|OUTSIDE
2019,1,3,8,5,2019-03-08T00:00:00.000Z,WN,19393,N771SA,46,12191,1219102,HOU,"Houston, TX",TX,Texas,11259,1125903,DAL,"Dallas, TX",TX,Texas,1730,1725,-5.0,12.0,1737,1821,11.0,1835,1832,-3.0,0.0,"",0.0,65.0,67.0,44.0,239.0,1,"","","","","","",29.64555556|-95.27888889|32.84722222|-96.85166667|OUTSIDE
2019,1,3,8,5,2019-03-08T00:00:00.000Z,WN,19393,N7716A,1405,12191,1219102,HOU,"Houston, TX",TX,Texas,12889,1288903,LAS,"Las Vegas, NV",NV,Nevada,1705,1710,5.0,12.0,1722,1832,4.0,1825,1836,11.0,0.0,"",0.0,200.0,206.0,190.0,1235.0,5,"","","","","","",29.64555556|-95.27888889|36.08|-115.15222222|OUTSIDE
2019,1,3,8,5,2019-03-08T00:00:00.000Z,WN,19393,N464WN,1497,12191,1219102,HOU,"Houston, TX",TX,Texas,13495,1349505,MSY,"New Orleans, LA",LA,Louisiana,1700,1734,34.0,11.0,1745,1831,3.0,1805,1834,29.0,0.0,"",0.0,65.0,60.0,46.0,302.0,2,1.0,0.0,0.0,0.0,28.0,"",29.64555556|-95.27888889|29.99333333|-90.25916667|OUTSIDE
2019,1,3,8,5,2019-03-08T00:00:00.000Z,WN,19393,N468WN,486,12278,1227805,ICT,"Wichita, KS",KS,Kansas,15016,1501606,STL,"St. Louis, MO",MO,Missouri,1720,1714,-6.0,9.0,1723,1818,3.0,1835,1821,-14.0,0.0,"",0.0,75.0,67.0,55.0,392.0,2,"","","","","","",37.65|-97.43305556|38.74861111|-90.37|OUTSIDE
2019,1,3,8,5,2019-03-08T00:00:00.000Z,WN,19393,N788SA,1719,12889,1288903,LAS,"Las Vegas, NV",NV,Nevada,12954,1295406,LGB,"Long Beach, CA",CA,California,1710,1738,28.0,9.0,1747,1832,3.0,1815,1835,20.0,0.0,"",0.0,65.0,57.0,45.0,231.0,1,20.0,0.0,0.0,0.0,0.0,"",36.08|-115.15222222|33.81777778|-118.15138889|OUTSIDE
2019,1,3,8,5,2019-03-08T00:00:00.000Z,WN,19393,N7882B,516,12889,1288903,LAS,"Las Vegas, NV",NV,Nevada,14570,1457002,RNO,"Reno, NV",NV,Nevada,1630,1728,58.0,11.0,1739,1839,4.0,1750,1843,53.0,0.0,"",0.0,80.0,75.0,60.0,345.0,2,3.0,0.0,0.0,0.0,50.0,"",36.08|-115.15222222|39.49916667|-119.76805556|OUTSIDE
2019,1,3,8,5,2019-03-08T00:00:00.000Z,WN,19393,N923WN,404,12889,1288903,LAS,"Las Vegas, NV",NV,Nevada,14679,1467903,SAN,"San Diego, CA",CA,California,1700,1721,21.0,12.0,1733,1816,2.0,1810,1818,8.0,0.0,"",0.0,70.0,57.0,43.0,258.0,2,"","","","","","",36.08|-115.15222222|32.73361111|-117.18972222|OUTSIDE
2019,1,3,8,5,2019-03-08T00:00:00.000Z,WN,19393,N7859B,853,12889,1288903,LAS,"Las Vegas, NV",NV,Nevada,14908,1490803,SNA,"Santa Ana, CA",CA,California,1700,1723,23.0,12.0,1735,1816,3.0,1805,1819,14.0,0.0,"",0.0,65.0,56.0,41.0,226.0,1,"","","","","","",36.08|-115.15222222|33.67555556|-117.86833333|OUTSIDE
2019,1,3,8,5,2019-03-08T00:00:00.000Z,WN,19393,N465WN,669,12892,1289208,LAX,"Los Angeles, CA",CA,California,14893,1489302,SMF,"Sacramento, CA",CA,California,1610,1709,59.0,11.0,1720,1829,3.0,1735,1832,57.0,0.0,"",0.0,85.0,83.0,69.0,373.0,2,22.0,0.0,0.0,0.0,35.0,"",33.9425|-118.40805556|38.69555556|-121.59083333|OUTSIDE
2019,1,3,8,5,2019-03-08T00:00:00.000Z,WN,19393,N728SW,1819,13232,1323202,MDW,"Chicago, IL",IL,Illinois,13198,1319801,MCI,"Kansas City, MO",MO,Missouri,1650,1713,23.0,9.0,1722,1834,4.0,1820,1838,18.0,0.0,"",0.0,90.0,85.0,72.0,405.0,2,18.0,0.0,0.0,0.0,0.0,"",41.78583333|-87.7525|39.2975|-94.71388889|OUTSIDE
2019,1,3,8,5,2019-03-08T00:00:00.000Z,WN,19393,N8632A,2295,13244,1324402,MEM,"Memphis, TN",TN,Tennessee,12191,1219102,HOU,"Houston, TX",TX,Texas,1720,1714,-6.0,8.0,1722,1838,5.0,1900,1843,-17.0,0.0,"",0.0,100.0,89.0,76.0,484.0,2,"","","","","","",35.0425|-89.97666667|29.64555556|-95.27888889|OUTSIDE
2019,1,3,8,5,2019-03-08T00:00:00.000Z,WN,19393,N7862A,1958,13796,1379608,OAK,"Oakland, CA",CA,California,10800,1080003,BUR,"Burbank, CA",CA,California,1720,1722,2.0,8.0,1730,1819,4.0,1830,1823,-7.0,0.0,"",0.0,70.0,61.0,49.0,325.0,2,"","","","","","",37.72111111|-122.22111111|34.20055556|-118.35861111|OUTSIDE
2019,1,3,8,5,2019-03-08T00:00:00.000Z,WN,19393,N930WN,2187,13871,1387102,OMA,"Omaha, NE",NE,Nebraska,15016,1501606,STL,"St. Louis, MO",MO,Missouri,1725,1719,-6.0,7.0,1726,1814,3.0,1840,1817,-23.0,0.0,"",0.0,75.0,58.0,48.0,342.0,2,"","","","","","",41.30305556|-95.89416667|38.74861111|-90.37|OUTSIDE
2019,1,3,8,5,2019-03-08T00:00:00.000Z,WN,19393,N8329B,1467,14100,1410005,PHL,"Philadelphia, PA",PA,Pennsylvania,13232,1323202,MDW,"Chicago, IL",IL,Illinois,1705,1709,4.0,12.0,1721,1807,2.0,1820,1809,-11.0,0.0,"",0.0,135.0,120.0,106.0,668.0,3,"","","","","","",39.87194444|-75.24055556|41.78583333|-87.7525|OUTSIDE
2019,1,3,8,5,2019-03-08T00:00:00.000Z,WN,19393,N708SW,2068,14107,1410702,PHX,"Phoenix, AZ",AZ,Arizona,14679,1467903,SAN,"San Diego, CA",CA,California,1710,1736,26.0,7.0,1743,1736,3.0,1715,1739,24.0,0.0,"",0.0,65.0,63.0,53.0,304.0,2,9.0,0.0,0.0,0.0,15.0,"",33.43416667|-112.01166667|32.73361111|-117.18972222|OUTSIDE
2019,1,3,8,5,2019-03-08T00:00:00.000Z,WN,19393,N756SA,1669,14107,1410702,PHX,"Phoenix, AZ",AZ,Arizona,14831,1483106,SJC,"San Jose, CA",CA,California,1630,1738,68.0,7.0,1745,1829,3.0,1720,1832,72.0,0.0,"",0.0,110.0,114.0,104.0,621.0,3,0.0,0.0,4.0,0.0,68.0,"",33.43416667|-112.01166667|37.36305556|-121.92861111|OUTSIDE
2019,1,3,8,5,2019-03-08T00:00:00.000Z,WN,19393,N200WN,320,14107,1410702,PHX,"Phoenix, AZ",AZ,Arizona,14869,1486903,SLC,"Salt Lake City, UT",UT,Utah,1650,1714,24.0,6.0,1720,1833,4.0,1820,1837,17.0,0.0,"",0.0,90.0,83.0,73.0,507.0,3,6.0,0.0,0.0,0.0,11.0,"",33.43416667|-112.01166667|40.78833333|-111.97777778|OUTSIDE
2019,1,3,8,5,2019-03-08T00:00:00.000Z,WN,19393,N8522P,1885,14122,1412202,PIT,"Pittsburgh, PA",PA,Pennsylvania,10821,1082106,BWI,"Baltimore, MD",MD,Maryland,1755,1752,-3.0,7.0,1759,1839,10.0,1900,1849,-11.0,0.0,"",0.0,65.0,57.0,40.0,210.0,1,"","","","","","",40.49138889|-80.23277778|39.17583333|-76.66888889|OUTSIDE
2019,1,3,8,5,2019-03-08T00:00:00.000Z,WN,19393,N563WN,511,14122,1412202,PIT,"Pittsburgh, PA",PA,Pennsylvania,13232,1323202,MDW,"Chicago, IL",IL,Illinois,1745,1758,13.0,17.0,1815,1827,2.0,1815,1829,14.0,0.0,"",0.0,90.0,91.0,72.0,402.0,2,"","","","","","",40.49138889|-80.23277778|41.78583333|-87.7525|OUTSIDE
2019,1,3,8,5,2019-03-08T00:00:00.000Z,WN,19393,N7707C,762,14683,1468305,SAT,"San Antonio, TX",TX,Texas,11259,1125903,DAL,"Dallas, TX",TX,Texas,1715,1727,12.0,9.0,1736,1825,2.0,1825,1827,2.0,0.0,"",0.0,70.0,60.0,49.0,248.0,1,"","","","","","",29.53388889|-98.46916667|32.84722222|-96.85166667|OUTSIDE
2019,1,3,8,5,2019-03-08T00:00:00.000Z,WN,19393,N562WN,1074,14730,1473003,SDF,"Louisville, KY",KY,Kentucky,12889,1288903,LAS,"Las Vegas, NV",NV,Nevada,1725,1724,-1.0,8.0,1732,1829,4.0,1835,1833,-2.0,0.0,"",0.0,250.0,249.0,237.0,1624.0,7,"","","","","","",38.17416667|-85.73638889|36.08|-115.15222222|INSIDE
2019,1,3,8,5,2019-03-08T00:00:00.000Z,WN,19393,N969WN,1971,14771,1477104,SFO,"San Francisco, CA",CA,California,10800,1080003,BUR,"Burbank, CA",CA,California,1640,1713,33.0,8.0,1721,1809,4.0,1805,1813,8.0,0.0,"",0.0,85.0,60.0,48.0,326.0,2,"","","","","","",37.61888889|-122.37555556|34.20055556|-118.35861111|OUTSIDE
2019,1,3,8,5,2019-03-08T00:00:00.000Z,WN,19393,N423WN,783,14831,1483106,SJC,"San Jose, CA",CA,California,10800,1080003,BUR,"Burbank, CA",CA,California,1715,1734,19.0,14.0,1748,1833,4.0,1820,1837,17.0,0.0,"",0.0,65.0,63.0,45.0,296.0,2,4.0,0.0,0.0,0.0,13.0,"",37.36305556|-121.92861111|34.20055556|-118.35861111|OUTSIDE
2019,1,3,8,5,2019-03-08T00:00:00.000Z,WN,19393,N769SW,435,14831,1483106,SJC,"San Jose, CA",CA,California,12892,1289208,LAX,"Los Angeles, CA",CA,California,1645,1720,35.0,15.0,1735,1827,7.0,1805,1834,29.0,0.0,"",0.0,80.0,74.0,52.0,308.0,2,0.0,0.0,17.0,0.0,12.0,"",37.36305556|-121.92861111|33.9425|-118.40805556|OUTSIDE
2019,1,3,8,5,2019-03-08T00:00:00.000Z,WN,19393,N732SW,6518,14893,1489302,SMF,"Sacramento, CA",CA,California,14679,1467903,SAN,"San Diego, CA",CA,California,1710,1721,11.0,8.0,1729,1834,3.0,1840,1837,-3.0,0.0,"",0.0,90.0,76.0,65.0,480.0,2,"","","","","","",38.69555556|-121.59083333|32.73361111|-117.18972222|OUTSIDE
2019,1,3,8,5,2019-03-08T00:00:00.000Z,WN,19393,N412WN,796,14908,1490803,SNA,"Santa Ana, CA",CA,California,12889,1288903,LAS,"Las Vegas, NV",NV,Nevada,1645,1710,25.0,18.0,1728,1814,4.0,1750,1818,28.0,0.0,"",0.0,65.0,68.0,46.0,226.0,1,2.0,0.0,3.0,0.0,23.0,"",33.67555556|-117.86833333|36.08|-115.15222222|OUTSIDE
2019,1,3,8,5,2019-03-08T00:00:00.000Z,WN,19393,N910WN,343,15304,1530402,TPA,"Tampa, FL",FL,Florida,10599,1059904,BHM,"Birmingham, AL",AL,Alabama,1730,1801,31.0,14.0,1815,1834,4.0,1800,1838,38.0,0.0,"",0.0,90.0,97.0,79.0,459.0,2,20.0,0.0,7.0,0.0,11.0,"",27.97555556|-82.53333333|33.56388889|-86.75222222|OUTSIDE
2019,1,3,8,5,2019-03-08T00:00:00.000Z,WN,19393,N258WN,2549,15370,1537002,TUL,"Tulsa, OK",OK,Oklahoma,15016,1501606,STL,"St. Louis, MO",MO,Missouri,1730,1725,-5.0,9.0,1734,1834,3.0,1840,1837,-3.0,0.0,"",0.0,70.0,72.0,60.0,351.0,2,"","","","","","",36.19833333|-95.88805556|38.74861111|-90.37|OUTSIDE
2019,1,3,8,5,2019-03-08T00:00:00.000Z,WN,19393,N421LV,2019,15376,1537603,TUS,"Tucson, AZ",AZ,Arizona,12889,1288903,LAS,"Las Vegas, NV",NV,Nevada,1805,1758,-7.0,9.0,1807,1808,8.0,1820,1816,-4.0,0.0,"",0.0,75.0,78.0,61.0,364.0,2,"","","","","","",32.11888889|-110.94444444|36.08|-115.15222222|OUTSIDE
2019,1,3,8,5,2019-03-08T00:00:00.000Z,MQ,20398,N854AE,3728,12223,1222305,HTS,"Ashland, WV",WV,West Virginia,11057,1105703,CLT,"Charlotte, NC",NC,North Carolina,1619,1725,66.0,8.0,1733,1819,23.0,1739,1842,63.0,0.0,"",0.0,80.0,77.0,46.0,235.0,1,0.0,0.0,0.0,0.0,63.0,"",38.36861111|-82.56027778|35.21361111|-80.94916667|OUTSIDE
2019,1,3,8,5,2019-03-08T00:00:00.000Z,MQ,20398,N825AE,3815,14122,1412202,PIT,"Pittsburgh, PA",PA,Pennsylvania,12953,1295304,LGA,"New York, NY",NY,New York,1724,1713,-11.0,18.0,1731,1831,14.0,1900,1845,-15.0,0.0,"",0.0,96.0,92.0,60.0,335.0,2,"","","","","","",40.49138889|-80.23277778|40.77722222|-73.8725|OUTSIDE
2019,1,3,8,5,2019-03-08T00:00:00.000Z,OH,20397,N597NN,5551,11996,1199603,GSP,"Greer, SC",SC,South Carolina,11057,1105703,CLT,"Charlotte, NC",NC,North Carolina,1743,1806,23.0,8.0,1814,1838,15.0,1850,1853,3.0,0.0,"",0.0,67.0,47.0,24.0,75.0,1,"","","","","","",34.89555556|-82.21888889|35.21361111|-80.94916667|OUTSIDE
2019,1,3,8,5,2019-03-08T00:00:00.000Z,OH,20397,N596NN,5574,11995,1199502,GSO,"Greensboro/High Point, NC",NC,North Carolina,11057,1105703,CLT,"Charlotte, NC",NC,North Carolina,1745,1750,5.0,8.0,1758,1832,8.0,1850,1840,-10.0,0.0,"",0.0,65.0,50.0,34.0,83.0,1,"","","","","","",36.10138889|-79.94111111|35.21361111|-80.94916667|OUTSIDE
2019,1,3,8,5,2019-03-08T00:00:00.000Z,OH,20397,N500AE,5124,13931,1393102,ORF,"Norfolk, VA",VA,Virginia,14100,1410005,PHL,"Philadelphia, PA",PA,Pennsylvania,1715,1713,-2.0,10.0,1723,1807,12.0,1834,1819,-15.0,0.0,"",0.0,79.0,66.0,44.0,212.0,1,"","","","","","",36.89472222|-76.20111111|39.87194444|-75.24055556|OUTSIDE
2019,1,3,8,5,2019-03-08T00:00:00.000Z,OH,20397,N218PS,5176,11146,1114606,CRW,"Charleston/Dunbar, WV",WV,West Virginia,11057,1105703,CLT,"Charlotte, NC",NC,North Carolina,1719,1712,-7.0,26.0,1738,1831,22.0,1845,1853,8.0,0.0,"",0.0,86.0,101.0,53.0,221.0,1,"","","","","","",38.37583333|-81.59305556|35.21361111|-80.94916667|OUTSIDE
2019,1,3,8,5,2019-03-08T00:00:00.000Z,HA,19690,N492HA,356,12173,1217305,HNL,"Honolulu, HI",HI,Hawaii,13830,1383002,OGG,"Kahului, HI",HI,Hawaii,1531,1713,102.0,25.0,1738,1759,10.0,1613,1809,116.0,0.0,"",0.0,42.0,56.0,21.0,100.0,1,102.0,0.0,14.0,0.0,0.0,"",21.31777778|-157.92027778|20.89861111|-156.43055556|OUTSIDE
2019,1,3,8,5,2019-03-08T00:00:00.000Z,HA,19690,N484HA,360,13830,1383002,OGG,"Kahului, HI",HI,Hawaii,12402,1240203,ITO,"Hilo, HI",HI,Hawaii,1721,1721,0.0,9.0,1730,1754,5.0,1800,1759,-1.0,0.0,"",0.0,39.0,38.0,24.0,121.0,1,"","","","","","",20.89861111|-156.43055556|19.72027778|-155.04833333|OUTSIDE
2019,1,3,8,5,2019-03-08T00:00:00.000Z,HA,19690,N476HA,364,12982,1298202,LIH,"Lihue, HI",HI,Hawaii,12173,1217305,HNL,"Honolulu, HI",HI,Hawaii,1730,1726,-4.0,8.0,1734,1756,10.0,1806,1806,0.0,0.0,"",0.0,36.0,40.0,22.0,102.0,1,"","","","","","",21.97611111|-159.33888889|21.31777778|-157.92027778|OUTSIDE
2019,1,3,8,5,2019-03-08T00:00:00.000Z,HA,19690,N481HA,371,12402,1240203,ITO,"Hilo, HI",HI,Hawaii,12173,1217305,HNL,"Honolulu, HI",HI,Hawaii,1756,1757,1.0,8.0,1805,1839,16.0,1851,1855,4.0,0.0,"",0.0,55.0,58.0,34.0,216.0,1,"","","","","","",19.72027778|-155.04833333|21.31777778|-157.92027778|OUTSIDE
2019,1,3,8,5,2019-03-08T00:00:00.000Z,HA,19690,N488HA,377,12758,1275804,KOA,"Kona, HI",HI,Hawaii,12173,1217305,HNL,"Honolulu, HI",HI,Hawaii,1753,1753,0.0,9.0,1802,1830,19.0,1842,1849,7.0,0.0,"",0.0,49.0,56.0,28.0,163.0,1,"","","","","","",19.73888889|-156.04555556|21.31777778|-157.92027778|OUTSIDE
2019,1,3,8,5,2019-03-08T00:00:00.000Z,HA,19690,N480HA,385,13830,1383002,OGG,"Kahului, HI",HI,Hawaii,12173,1217305,HNL,"Honolulu, HI",HI,Hawaii,1809,1805,-4.0,9.0,1814,1837,15.0,1848,1852,4.0,0.0,"",0.0,39.0,47.0,23.0,100.0,1,"","","","","","",20.89861111|-156.43055556|21.31777778|-157.92027778|OUTSIDE
2019,1,3,8,5,2019-03-08T00:00:00.000Z,HA,19690,N490HA,386,12173,1217305,HNL,"Honolulu, HI",HI,Hawaii,13830,1383002,OGG,"Kahului, HI",HI,Hawaii,1636,1704,28.0,25.0,1729,1752,5.0,1718,1757,39.0,0.0,"",0.0,42.0,53.0,23.0,100.0,1,8.0,0.0,11.0,0.0,20.0,"",21.31777778|-157.92027778|20.89861111|-156.43055556|OUTSIDE
2019,1,3,8,5,2019-03-08T00:00:00.000Z,HA,19690,N493HA,393,12173,1217305,HNL,"Honolulu, HI",HI,Hawaii,12982,1298202,LIH,"Lihue, HI",HI,Hawaii,1714,1713,-1.0,26.0,1739,1801,4.0,1755,1805,10.0,0.0,"",0.0,41.0,52.0,22.0,102.0,1,"","","","","","",21.31777778|-157.92027778|21.97611111|-159.33888889|OUTSIDE
2019,1,3,8,5,2019-03-08T00:00:00.000Z,HA,19690,N478HA,398,12173,1217305,HNL,"Honolulu, HI",HI,Hawaii,12758,1275804,KOA,"Kona, HI",HI,Hawaii,1710,1709,-1.0,23.0,1732,1759,6.0,1757,1805,8.0,0.0,"",0.0,47.0,56.0,27.0,163.0,1,"","","","","","",21.31777778|-157.92027778|19.73888889|-156.04555556|OUTSIDE
2019,1,3,8,5,2019-03-08T00:00:00.000Z,HA,19690,N489HA,513,12173,1217305,HNL,"Honolulu, HI",HI,Hawaii,12982,1298202,LIH,"Lihue, HI",HI,Hawaii,1757,1800,3.0,8.0,1808,1831,5.0,1838,1836,-2.0,0.0,"",0.0,41.0,36.0,23.0,102.0,1,"","","","","","",21.31777778|-157.92027778|21.97611111|-159.33888889|OUTSIDE
2019,1,3,8,5,2019-03-08T00:00:00.000Z,HA,19690,N491HA,516,12173,1217305,HNL,"Honolulu, HI",HI,Hawaii,13830,1383002,OGG,"Kahului, HI",HI,Hawaii,1806,1805,-1.0,12.0,1817,1839,5.0,1847,1844,-3.0,0.0,"",0.0,41.0,39.0,22.0,100.0,1,"","","","","","",21.31777778|-157.92027778|20.89861111|-156.43055556|OUTSIDE
2019,1,3,8,5,2019-03-08T00:00:00.000Z,AA,19805,N814AW,1691,10397,1039707,ATL,"Atlanta, GA",GA,Georgia,13930,1393007,ORD,"Chicago, IL",IL,Illinois,1736,1729,-7.0,18.0,1747,1837,20.0,1904,1857,-7.0,0.0,"",0.0,148.0,148.0,110.0,606.0,3,"","","","","","",33.63666667|-84.42777778|41.97444444|-87.90666667|OUTSIDE
2019,1,3,8,5,2019-03-08T00:00:00.000Z,AA,19805,N819NN,2441,15016,1501606,STL,"St. Louis, MO",MO,Missouri,13930,1393007,ORD,"Chicago, IL",IL,Illinois,1649,1711,22.0,11.0,1722,1808,14.0,1810,1822,12.0,0.0,"",0.0,81.0,71.0,46.0,258.0,2,"","","","","","",38.74861111|-90.37|41.97444444|-87.90666667|OUTSIDE
2019,1,3,8,5,2019-03-08T00:00:00.000Z,AA,19805,N853NN,2471,11298,1129806,DFW,"Dallas/Fort Worth, TX",TX,Texas,13891,1389101,ONT,"Ontario, CA",CA,California,1647,1717,30.0,15.0,1732,1822,8.0,1757,1830,33.0,0.0,"",0.0,190.0,193.0,170.0,1188.0,5,30.0,0.0,3.0,0.0,0.0,"",32.89722222|-97.03777778|34.05611111|-117.60111111|OUTSIDE
2019,1,3,8,5,2019-03-08T00:00:00.000Z,AA,19805,N962NN,2490,14107,1410702,PHX,"Phoenix, AZ",AZ,Arizona,14908,1490803,SNA,"Santa Ana, CA",CA,California,1820,1822,2.0,15.0,1837,1834,7.0,1840,1841,1.0,0.0,"",0.0,80.0,79.0,57.0,338.0,2,"","","","","","",33.43416667|-112.01166667|33.67555556|-117.86833333|OUTSIDE
2019,1,3,8,5,2019-03-08T00:00:00.000Z,AS,19930,N838VA,1491,12889,1288903,LAS,"Las Vegas, NV",NV,Nevada,12892,1289208,LAX,"Los Angeles, CA",CA,California,1720,1718,-2.0,20.0,1738,1824,19.0,1835,1843,8.0,0.0,"",0.0,75.0,85.0,46.0,236.0,1,"","","","","","",36.08|-115.15222222|33.9425|-118.40805556|OUTSIDE
2019,1,3,8,5,2019-03-08T00:00:00.000Z,YX,20452,N437YX,4327,11278,1127805,DCA,"Washington, DC",VA,Virginia,12953,1295304,LGA,"New York, NY",NY,New York,1700,1655,-5.0,34.0,1729,1812,7.0,1823,1819,-4.0,0.0,"",0.0,83.0,84.0,43.0,214.0,1,"","","","","","",38.85138889|-77.03777778|40.77722222|-73.8725|OUTSIDE
2019,1,3,8,5,2019-03-08T00:00:00.000Z,AA,19805,N903AN,1194,13303,1330303,MIA,"Miami, FL",FL,Florida,13204,1320402,MCO,"Orlando, FL",FL,Florida,1734,1731,-3.0,19.0,1750,1831,8.0,1845,1839,-6.0,0.0,"",0.0,71.0,68.0,41.0,192.0,1,"","","","","","",25.79527778|-80.29|28.42944444|-81.30888889|OUTSIDE
2019,1,3,8,5,2019-03-08T00:00:00.000Z,9E,20363,N927EV,3280,10397,1039707,ATL,"Atlanta, GA",GA,Georgia,11150,1115005,CSG,"Columbus, GA",GA,Georgia,1711,1706,-5.0,15.0,1721,1739,3.0,1753,1742,-11.0,0.0,"",0.0,42.0,36.0,18.0,83.0,1,"","","","","","",33.63666667|-84.42777778|32.51638889|-84.93888889|OUTSIDE
2019,1,3,8,5,2019-03-08T00:00:00.000Z,9E,20363,N600LR,3303,11433,1143302,DTW,"Detroit, MI",MI,Michigan,11986,1198603,GRR,"Grand Rapids, MI",MI,Michigan,1745,1747,2.0,22.0,1809,1834,3.0,1837,1837,0.0,0.0,"",0.0,52.0,50.0,25.0,120.0,1,"","","","","","",42.2125|-83.35333333|42.88083333|-85.52277778|OUTSIDE
2019,1,3,8,5,2019-03-08T00:00:00.000Z,OH,20397,N537EA,5242,12451,1245102,JAX,"Jacksonville, FL",FL,Florida,11057,1105703,CLT,"Charlotte, NC",NC,North Carolina,1712,1716,4.0,11.0,1727,1823,18.0,1850,1841,-9.0,0.0,"",0.0,98.0,85.0,56.0,328.0,2,"","","","","","",30.49416667|-81.68777778|35.21361111|-80.94916667|OUTSIDE
2019,1,3,8,5,2019-03-08T00:00:00.000Z,OH,20397,N592NN,5281,10868,1086803,CAE,"Columbia, SC",SC,South Carolina,11057,1105703,CLT,"Charlotte, NC",NC,North Carolina,1714,1718,4.0,17.0,1735,1804,17.0,1830,1821,-9.0,0.0,"",0.0,76.0,63.0,29.0,88.0,1,"","","","","","",33.93888889|-81.11944444|35.21361111|-80.94916667|OUTSIDE
2019,1,3,8,5,2019-03-08T00:00:00.000Z,OH,20397,N519AE,5295,12478,1247805,JFK,"New York, NY",NY,New York,11278,1127805,DCA,"Washington, DC",VA,Virginia,1715,1712,-3.0,15.0,1727,1819,6.0,1844,1825,-19.0,0.0,"",0.0,89.0,73.0,52.0,213.0,1,"","","","","","",40.64|-73.77861111|38.85138889|-77.03777778|OUTSIDE
2019,1,3,8,5,2019-03-08T00:00:00.000Z,NK,20416,N619NK,680,12266,1226603,IAH,"Houston, TX",TX,Texas,13495,1349505,MSY,"New Orleans, LA",LA,Louisiana,1747,1743,-4.0,13.0,1756,1840,18.0,1853,1858,5.0,0.0,"",0.0,66.0,75.0,44.0,305.0,2,"","","","","","",29.98444444|-95.34138889|29.99333333|-90.25916667|OUTSIDE
2019,1,3,8,5,2019-03-08T00:00:00.000Z,YV,20378,N923FJ,5794,14107,1410702,PHX,"Phoenix, AZ",AZ,Arizona,14689,1468902,SBA,"Santa Barbara, CA",CA,California,1808,1804,-4.0,16.0,1820,1835,4.0,1843,1839,-4.0,0.0,"",0.0,95.0,95.0,75.0,455.0,2,"","","","","","",33.43416667|-112.01166667|34.42611111|-119.84138889|OUTSIDE
2019,1,3,8,5,2019-03-08T00:00:00.000Z,YV,20378,N928LR,5832,14107,1410702,PHX,"Phoenix, AZ",AZ,Arizona,14698,1469802,SBP,"San Luis Obispo, CA",CA,California,1800,1754,-6.0,12.0,1806,1826,3.0,1840,1829,-11.0,0.0,"",0.0,100.0,95.0,80.0,509.0,3,"","","","","","",33.43416667|-112.01166667|35.23722222|-120.6425|OUTSIDE
2019,1,3,8,5,2019-03-08T00:00:00.000Z,YV,20378,N909FJ,5845,14107,1410702,PHX,"Phoenix, AZ",AZ,Arizona,13891,1389101,ONT,"Ontario, CA",CA,California,1815,1812,-3.0,14.0,1826,1820,6.0,1830,1826,-4.0,0.0,"",0.0,75.0,74.0,54.0,325.0,2,"","","","","","",33.43416667|-112.01166667|34.05611111|-117.60111111|OUTSIDE
2019,1,3,8,5,2019-03-08T00:00:00.000Z,YV,20378,N942LR,5858,11298,1129806,DFW,"Dallas/Fort Worth, TX",TX,Texas,10140,1014005,ABQ,"Albuquerque, NM",NM,New Mexico,1705,1712,7.0,12.0,1724,1759,6.0,1758,1805,7.0,0.0,"",0.0,113.0,113.0,95.0,569.0,3,"","","","","","",32.89722222|-97.03777778|35.03888889|-106.60833333|OUTSIDE
2019,1,3,8,5,2019-03-08T00:00:00.000Z,YV,20378,N241LR,5885,14107,1410702,PHX,"Phoenix, AZ",AZ,Arizona,11638,1163807,FAT,"Fresno, CA",CA,California,1755,1748,-7.0,17.0,1805,1828,4.0,1837,1832,-5.0,0.0,"",0.0,102.0,104.0,83.0,493.0,2,"","","","","","",33.43416667|-112.01166667|36.77666667|-119.71888889|OUTSIDE
2019,1,3,8,5,2019-03-08T00:00:00.000Z,YV,20378,N954LR,5887,14107,1410702,PHX,"Phoenix, AZ",AZ,Arizona,15376,1537603,TUS,"Tucson, AZ",AZ,Arizona,1752,1748,-4.0,8.0,1756,1821,2.0,1840,1823,-17.0,0.0,"",0.0,48.0,35.0,25.0,110.0,1,"","","","","","",33.43416667|-112.01166667|32.11888889|-110.94444444|OUTSIDE
2019,1,3,8,5,2019-03-08T00:00:00.000Z,YV,20378,N948LR,5899,14107,1410702,PHX,"Phoenix, AZ",AZ,Arizona,12954,1295406,LGB,"Long Beach, CA",CA,California,1752,1754,2.0,14.0,1808,1809,4.0,1815,1813,-2.0,0.0,"",0.0,83.0,79.0,61.0,355.0,2,"","","","","","",33.43416667|-112.01166667|33.81777778|-118.15138889|OUTSIDE
2019,1,3,8,5,2019-03-08T00:00:00.000Z,AA,19805,N9004F,2764,12892,1289208,LAX,"Los Angeles, CA",CA,California,14771,1477104,SFO,"San Francisco, CA",CA,California,1700,1659,-1.0,30.0,1729,1829,7.0,1827,1836,9.0,0.0,"",0.0,87.0,97.0,60.0,337.0,2,"","","","","","",33.9425|-118.40805556|37.61888889|-122.37555556|OUTSIDE
2019,1,3,8,5,2019-03-08T00:00:00.000Z,9E,20363,N314PQ,5022,11423,1142306,DSM,"Des Moines, IA",IA,Iowa,13487,1348702,MSP,"Minneapolis, MN",MN,Minnesota,1723,1723,0.0,11.0,1734,1825,6.0,1839,1831,-8.0,0.0,"",0.0,76.0,68.0,51.0,232.0,1,"","","","","","",41.53416667|-93.6575|44.88194444|-93.22166667|OUTSIDE
2019,1,3,8,5,2019-03-08T00:00:00.000Z,9E,20363,N902XJ,5080,12953,1295304,LGA,"New York, NY",NY,New York,14122,1412202,PIT,"Pittsburgh, PA",PA,Pennsylvania,1707,1702,-5.0,31.0,1733,1835,3.0,1850,1838,-12.0,0.0,"",0.0,103.0,96.0,62.0,335.0,2,"","","","","","",40.77722222|-73.8725|40.49138889|-80.23277778|OUTSIDE
2019,1,3,8,5,2019-03-08T00:00:00.000Z,9E,20363,N836AY,5144,14576,1457606,ROC,"Rochester, NY",NY,New York,12953,1295304,LGA,"New York, NY",NY,New York,1727,1725,-2.0,18.0,1743,1829,26.0,1850,1855,5.0,0.0,"",0.0,83.0,90.0,46.0,254.0,2,"","","","","","",43.11916667|-77.67194444|40.77722222|-73.8725|OUTSIDE
2019,1,3,8,5,2019-03-08T00:00:00.000Z,9E,20363,N936XJ,5158,10792,1079206,BUF,"Buffalo, NY",NY,New York,12478,1247805,JFK,"New York, NY",NY,New York,1719,1723,4.0,9.0,1732,1827,9.0,1859,1836,-23.0,0.0,"",0.0,100.0,73.0,55.0,301.0,2,"","","","","","",42.94055556|-78.73055556|40.64|-73.77861111|OUTSIDE
2019,1,3,8,5,2019-03-08T00:00:00.000Z,MQ,20398,N694AE,4075,11066,1106606,CMH,"Columbus, OH",OH,Ohio,13930,1393006,ORD,"Chicago, IL",IL,Illinois,1714,1751,37.0,18.0,1809,1816,13.0,1745,1829,44.0,0.0,"",0.0,91.0,98.0,67.0,296.0,2,10.0,0.0,7.0,0.0,27.0,"",39.99694444|-82.89222222|41.97722222|-87.90805556|OUTSIDE
2019,1,3,8,5,2019-03-08T00:00:00.000Z,YV,20378,N85351,6044,12992,1299206,LIT,"Little Rock, AR",AR,Arkansas,12266,1226603,IAH,"Houston, TX",TX,Texas,1700,1717,17.0,13.0,1730,1833,14.0,1833,1847,14.0,0.0,"",0.0,93.0,90.0,63.0,374.0,2,"","","","","","",34.72944444|-92.22472222|29.98444444|-95.34138889|OUTSIDE
2019,1,3,8,5,2019-03-08T00:00:00.000Z,YV,20378,N85354,6059,12266,1226603,IAH,"Houston, TX",TX,Texas,12206,1220605,HRL,"Harlingen/San Benito, TX",TX,Texas,1713,1706,-7.0,21.0,1727,1818,2.0,1826,1820,-6.0,0.0,"",0.0,73.0,74.0,51.0,295.0,2,"","","","","","",29.98444444|-95.34138889|26.22722222|-97.65527778|OUTSIDE
2019,1,3,8,5,2019-03-08T00:00:00.000Z,AA,19805,N840AW,775,14107,1410702,PHX,"Phoenix, AZ",AZ,Arizona,13796,1379608,OAK,"Oakland, CA",CA,California,1735,1731,-4.0,8.0,1739,1817,5.0,1833,1822,-11.0,0.0,"",0.0,118.0,111.0,98.0,646.0,3,"","","","","","",33.43416667|-112.01166667|37.72111111|-122.22111111|OUTSIDE
2019,1,3,8,5,2019-03-08T00:00:00.000Z,AA,19805,N750UW,838,11057,1105703,CLT,"Charlotte, NC",NC,North Carolina,10693,1069302,BNA,"Nashville, TN",TN,Tennessee,1757,1811,14.0,13.0,1824,1833,7.0,1823,1840,17.0,0.0,"",0.0,86.0,89.0,69.0,328.0,2,0.0,0.0,3.0,0.0,14.0,"",35.21361111|-80.94916667|36.12444444|-86.67805556|OUTSIDE
2019,1,3,8,5,2019-03-08T00:00:00.000Z,AS,19930,N622AS,50,14709,1470904,SCC,"Deadhorse, AK",AK,Alaska,10754,1075405,BRW,"Barrow, AK",AK,Alaska,1730,1714,-16.0,6.0,1720,1756,4.0,1815,1800,-15.0,0.0,"",0.0,45.0,46.0,36.0,204.0,1,"","","","","","",70.19472222|-148.46527778|71.28472222|-156.76861111|OUTSIDE
2019,1,3,8,5,2019-03-08T00:00:00.000Z,AS,19930,N618AS,64,14256,1425605,PSG,"Petersburg, AK",AK,Alaska,15841,1584102,WRG,"Wrangell, AK",AK,Alaska,1520,1757,157.0,11.0,1808,1816,3.0,1545,1819,154.0,0.0,"",0.0,25.0,22.0,8.0,31.0,1,0.0,0.0,0.0,0.0,154.0,"",56.80138889|-132.94611111|56.48444444|-132.36972222|OUTSIDE
2019,1,3,8,5,2019-03-08T00:00:00.000Z,AS,19930,N553AS,67,12819,1281902,KTN,"Ketchikan, AK",AK,Alaska,14828,1482805,SIT,"Sitka, AK",AK,Alaska,1735,1739,4.0,9.0,1748,1821,4.0,1830,1825,-5.0,0.0,"",0.0,55.0,46.0,33.0,183.0,1,"","","","","","",55.35416667|-131.71111111|57.04694444|-135.36111111|OUTSIDE
2019,1,3,8,5,2019-03-08T00:00:00.000Z,AS,19930,N419AS,533,11884,1188402,GEG,"Spokane, WA",WA,Washington,14747,1474703,SEA,"Seattle, WA",WA,Washington,1725,1738,13.0,20.0,1758,1836,11.0,1835,1847,12.0,0.0,"",0.0,70.0,69.0,38.0,224.0,1,"","","","","","",47.61916667|-117.53527778|47.45|-122.31166667|OUTSIDE
2019,1,3,8,5,2019-03-08T00:00:00.000Z,UA,19977,N37287,2343,11057,1105703,CLT,"Charlotte, NC",NC,North Carolina,13930,1393007,ORD,"Chicago, IL",IL,Illinois,1715,1710,-5.0,16.0,1726,1810,17.0,1836,1827,-9.0,0.0,"",0.0,141.0,137.0,104.0,599.0,3,"","","","","","",35.21361111|-80.94916667|41.97444444|-87.90666667|OUTSIDE
2019,1,3,8,5,2019-03-08T00:00:00.000Z,UA,19977,N17753,2340,14122,1412202,PIT,"Pittsburgh, PA",PA,Pennsylvania,11618,1161802,EWR,"Newark, NJ",NJ,New Jersey,1716,1712,-4.0,9.0,1721,1817,9.0,1900,1826,-34.0,0.0,"",0.0,104.0,74.0,56.0,319.0,2,"","","","","","",40.49138889|-80.23277778|40.6925|-74.16861111|OUTSIDE
2019,1,3,8,5,2019-03-08T00:00:00.000Z,UA,19977,N14704,2238,13487,1348702,MSP,"Minneapolis, MN",MN,Minnesota,13930,1393007,ORD,"Chicago, IL",IL,Illinois,1655,1704,9.0,17.0,1721,1815,11.0,1833,1826,-7.0,0.0,"",0.0,98.0,82.0,54.0,334.0,2,"","","","","","",44.88194444|-93.22166667|41.97444444|-87.90666667|OUTSIDE
2019,1,3,8,5,2019-03-08T00:00:00.000Z,UA,19977,N850UA,2088,13871,1387102,OMA,"Omaha, NE",NE,Nebraska,11292,1129202,DEN,"Denver, CO",CO,Colorado,1718,1719,1.0,13.0,1732,1802,9.0,1806,1811,5.0,0.0,"",0.0,108.0,112.0,90.0,472.0,2,"","","","","","",41.30305556|-95.89416667|39.86166667|-104.67305556|INSIDE
