ORIGIN,SUM OF ALL DELAYS,AVERAGE OF ALL DELAYS,MIN OF ALL DELAYS,MAX OF ALL DELAYS,SUM OF WEATHER DELAY,AVERAGE OF WEATHER DELAY,MIN OF WEATHER DELAY,MAX OF WEATHER DELAY,SUM OF CARRIER DELAY,AVERAGE OF CARRIER DELAY,MIN OF CARRIER DELAY,MAX OF CARRIER DELAY,SUM OF NAS DELAY,AVERAGE OF NAS DELAY,MIN OF NAS DELAY,MAX OF NAS DELAY,SUM OF SECURITY DELAY,AVERAGE OF SECURITY DELAY,MIN OF SECURITY DELAY,MAX OF SECURITY DELAY,SUM OF LATE AIRCRAFT DELAY,AVERAGE OF LATE AIRCRAFT DELAY,MIN OF LATE AIRCRAFT DELAY,MAX OF LATE AIRCRAFT DELAY
ORD,5880169.0,17.314679363733266,0.0,1556.0,398836.0,1.1744079904359759,0.0,1167.0,1653736.0,4.869572386824732,0.0,1324.0,1420842.0,4.183795339304959,0.0,1288.0,1482.0,0.00436388049681101,0.0,172.0,2405273.0,7.082539766670789,0.0,1514.0
DFW,4419086.0,14.520036537602188,0.0,1627.0,323553.0,1.0631160791735668,0.0,1264.0,1459904.0,4.79688773230292,0.0,1619.0,807090.0,2.6519004810346187,0.0,1073.0,1761.0,0.005786215598138948,0.0,192.0,1826778.0,6.0023460294929425,0.0,1173.0
ATL,3693902.0,9.351437562182127,0.0,1461.0,254586.0,0.6445068340215033,0.0,1161.0,1360297.0,3.4437114091071344,0.0,1444.0,885994.0,2.2429716791262986,0.0,1215.0,3666.0,0.009280801196934753,0.0,286.0,1189359.0,3.0109668387302566,0.0,1046.0
DEN,3654332.0,14.499821446993565,0.0,1624.0,217401.0,0.8626133811590868,0.0,1111.0,1117132.0,4.432606159681938,0.0,1594.0,799294.0,3.1714743716918097,0.0,923.0,2150.0,0.008530865863045876,0.0,336.0,1518355.0,6.024596668597685,0.0,1227.0
LGA,3121800.0,18.1854192759153,0.0,1654.0,127630.0,0.7434829464363731,0.0,1203.0,688980.0,4.01351469431742,0.0,1556.0,797337.0,4.644726647831533,0.0,1523.0,2603.0,0.015163254012174875,0.0,816.0,1505250.0,8.768531733317799,0.0,1248.0
CLT,2912683.0,12.368290756530897,0.0,1467.0,183164.0,0.7777796650473894,0.0,1080.0,836627.0,3.5526166049529504,0.0,1467.0,578506.0,2.4565427862893636,0.0,1160.0,8979.0,0.0381280361449876,0.0,560.0,1305407.0,5.543223664096206,0.0,982.0
EWR,2855069.0,20.98065857834672,0.0,1400.0,145215.0,1.0671217877587613,0.0,1239.0,699046.0,5.136984590060332,0.0,1202.0,670106.0,4.924317134647747,0.0,952.0,2311.0,0.016982532462283494,0.0,288.0,1338391.0,9.835252533417597,0.0,1365.0
IAH,2718027.0,15.12636903966876,0.0,1596.0,238160.0,1.3254084858198656,0.0,1103.0,919218.0,5.115633765193001,0.0,1596.0,581831.0,3.2380069898935933,0.0,1000.0,1026.0,0.005709897155068786,0.0,156.0,977792.0,5.44160990160723,0.0,1021.0
SFO,2516050.0,14.720801787991903,0.0,1724.0,37460.0,0.21916942627458783,0.0,906.0,780907.0,4.5688985361401375,0.0,1690.0,499985.0,2.9252916603283445,0.0,1138.0,2951.0,0.0172655893469383,0.0,176.0,1194747.0,6.990176575901894,0.0,1437.0
BOS,2456189.0,16.313255492680852,0.0,1558.0,106412.0,0.7067559310326506,0.0,935.0,741524.0,4.924975425732579,0.0,1538.0,654739.0,4.348576020828352,0.0,1237.0,1735.0,0.011523338912356207,0.0,107.0,951779.0,6.321424776174916,0.0,1247.0
LAX,2363305.0,10.744639739579545,0.0,2041.0,24636.0,0.11200625591038045,0.0,1521.0,855332.0,3.888721175529206,0.0,2041.0,547449.0,2.488947588564778,0.0,894.0,5360.0,0.024368953226158434,0.0,306.0,930528.0,4.230595766349022,0.0,1390.0
MCO,2144704.0,14.988077767062212,0.0,1726.0,138408.0,0.9672522956937398,0.0,1026.0,631579.0,4.413735027324695,0.0,1523.0,538686.0,3.7645603589249026,0.0,1051.0,12064.0,0.08430821697625338,0.0,419.0,823967.0,5.75822186814262,0.0,1716.0
DCA,1981037.0,14.212392745430023,0.0,1933.0,105363.0,0.7558972077940712,0.0,1055.0,480317.0,3.445899216575315,0.0,1933.0,495489.0,3.5547464631101673,0.0,1428.0,1418.0,0.010173042155709243,0.0,134.0,898450.0,6.44567681579476,0.0,1368.0
DTW,1964328.0,12.142871272439542,0.0,2649.0,206317.0,1.2753882102764453,0.0,1211.0,700381.0,4.329539834825182,0.0,2592.0,520043.0,3.2147458088126206,0.0,1207.0,3439.0,0.02125883981998912,0.0,475.0,534148.0,3.301938578705306,0.0,1370.0
JFK,1957133.0,15.392921467615714,0.0,1507.0,106230.0,0.8355027724251839,0.0,1223.0,657134.0,5.168382555350191,0.0,1507.0,615127.0,4.837995988831649,0.0,1106.0,3041.0,0.023917574422902984,0.0,434.0,575601.0,4.527122576585788,0.0,853.0
MSP,1859290.0,11.551254970178926,0.0,1780.0,236440.0,1.4689363817097416,0.0,1196.0,565452.0,3.512997017892644,0.0,1780.0,525354.0,3.2638792246520874,0.0,1195.0,3310.0,0.020564115308151092,0.0,1047.0,528734.0,3.284878230616302,0.0,1456.0
LAS,1809698.0,11.03339836605292,0.0,1910.0,44770.0,0.2729545177417388,0.0,1280.0,614399.0,3.745878551396171,0.0,1910.0,386539.0,2.3566577246677234,0.0,1375.0,1565.0,0.009541519326911352,0.0,136.0,762425.0,4.648366052920376,0.0,1609.0
PHX,1776781.0,10.134040198941413,0.0,1566.0,23682.0,0.13507254973535315,0.0,870.0,661075.0,3.7705044259901443,0.0,1566.0,325280.0,1.8552655594086511,0.0,488.0,3818.0,0.021776327797043256,0.0,226.0,762926.0,4.351421336010221,0.0,1018.0
PHL,1641142.0,13.773631778163843,0.0,1546.0,55815.0,0.46843920739230055,0.0,1082.0,482448.0,4.0490470075786185,0.0,1546.0,446851.0,3.7502916467339764,0.0,862.0,1839.0,0.015434196943374374,0.0,178.0,654189.0,5.490419719515573,0.0,1046.0
FLL,1489613.0,15.136959017975999,0.0,1440.0,77083.0,0.7832921785609039,0.0,1237.0,458493.0,4.659055574185288,0.0,1421.0,438742.0,4.458352386468717,0.0,1188.0,5026.0,0.05107256450121432,0.0,278.0,510269.0,5.185186314259875,0.0,1217.0
SEA,1420668.0,9.944685944685945,0.0,1587.0,73804.0,0.5166285166285166,0.0,1259.0,454588.0,3.182119182119182,0.0,1587.0,424975.0,2.9748279748279747,0.0,920.0,1865.0,0.013055013055013056,0.0,133.0,465436.0,3.258055258055258,0.0,1396.0
MIA,1176629.0,13.188838074741632,0.0,1350.0,73835.0,0.8276167417669873,0.0,946.0,411363.0,4.610969130405541,0.0,1350.0,319485.0,3.581108346223687,0.0,1075.0,1730.0,0.019391575313291637,0.0,187.0,370216.0,4.149752281032125,0.0,951.0
BWI,1136312.0,10.858005580399801,0.0,1431.0,54697.0,0.5226560409738944,0.0,906.0,409089.0,3.909041394335512,0.0,1396.0,264838.0,2.5306539769904064,0.0,1078.0,4566.0,0.04363031762412568,0.0,387.0,403122.0,3.852023850475863,0.0,807.0
IAD,1047703.0,15.135186282016093,0.0,1407.0,94971.0,1.371957297430045,0.0,1083.0,343872.0,4.9675974748277305,0.0,1401.0,235955.0,3.4086214119584533,0.0,1128.0,872.0,0.012596969215434177,0.0,77.0,372033.0,5.37441312858443,0.0,1407.0
SLC,1037458.0,9.01118735342656,0.0,1756.0,88232.0,0.7663684530530704,0.0,1091.0,397225.0,3.4502301745852515,0.0,1756.0,237423.0,2.0622166246851386,0.0,1447.0,392.0,0.003404846695040389,0.0,71.0,314186.0,2.7289672544080603,0.0,1072.0
BNA,985992.0,11.929150434340746,0.0,1501.0,27510.0,0.33283325670868924,0.0,979.0,257027.0,3.1096740629612603,0.0,1501.0,280625.0,3.3951774868729885,0.0,1243.0,894.0,0.010816173445931231,0.0,442.0,419936.0,5.080649454351876,0.0,852.0
TPA,931280.0,12.157861068682358,0.0,1453.0,46265.0,0.6039896082194285,0.0,925.0,235556.0,3.0751837491351064,0.0,1433.0,246401.0,3.216765231922088,0.0,1081.0,506.0,0.00660583036332067,0.0,29.0,402552.0,5.255316649042416,0.0,1188.0
MDW,931182.0,11.11686544178217,0.0,1322.0,37363.0,0.44605613457015625,0.0,912.0,395554.0,4.722299822117164,0.0,1305.0,154888.0,1.8491219273426214,0.0,439.0,1822.0,0.02175184747442188,0.0,339.0,341555.0,4.077635710277808,0.0,457.0
RDU,911338.0,14.205031485753477,0.0,1628.0,30850.0,0.4808591558077187,0.0,1077.0,234005.0,3.6474374961032483,0.0,1628.0,288519.0,4.497147577779163,0.0,1268.0,570.0,0.008884593802606148,0.0,47.0,357394.0,5.570702662260739,0.0,981.0
SAN,871047.0,9.319000748903392,0.0,1779.0,13999.0,0.14976997967262223,0.0,586.0,242427.0,2.5936343211725688,0.0,1337.0,235636.0,2.520979993580828,0.0,874.0,1361.0,0.014560821654006633,0.0,84.0,377624.0,4.040055632823366,0.0,1778.0
STL,813079.0,11.88694609727928,0.0,1658.0,32076.0,0.46894051256560576,0.0,1320.0,241941.0,3.5370974108565663,0.0,1551.0,206975.0,3.025906054005058,0.0,1250.0,493.0,0.0072074969664186195,0.0,60.0,331594.0,4.847794622885631,0.0,1137.0
AUS,793481.0,11.876502372363833,0.0,1570.0,41096.0,0.6151082905509572,0.0,1338.0,231867.0,3.4704913861489874,0.0,1570.0,201589.0,3.017302540000898,0.0,1020.0,1014.0,0.015177141488677014,0.0,51.0,317915.0,4.758423014174313,0.0,1387.0
DAL,715451.0,9.68042269338493,0.0,1129.0,28364.0,0.38377961492145535,0.0,580.0,257062.0,3.478182039590296,0.0,1129.0,119415.0,1.6157468169456208,0.0,423.0,1230.0,0.016642537242751027,0.0,63.0,309380.0,4.186071684684807,0.0,436.0
MSY,700227.0,12.038838456777388,0.0,1226.0,24952.0,0.4289938793755588,0.0,937.0,171443.0,2.947579258647961,0.0,1142.0,192734.0,3.3136304243174473,0.0,1226.0,2009.0,0.03454026545629599,0.0,265.0,309089.0,5.314094628980125,0.0,1116.0
CVG,676422.0,14.019980516923331,0.0,1842.0,28394.0,0.5885132754368148,0.0,1196.0,190156.0,3.9413020498683857,0.0,1842.0,221714.0,4.595394532302526,0.0,1567.0,433.0,0.00897465127365432,0.0,85.0,235725.0,4.885796008041951,0.0,1447.0
CLE,651229.0,13.125647485639423,0.0,1561.0,19832.0,0.39971782726997884,0.0,1431.0,170342.0,3.4332762269474957,0.0,1561.0,223400.0,4.5026705633377,0.0,1119.0,373.0,0.007517887735563842,0.0,44.0,237282.0,4.782464980348685,0.0,1228.0
HOU,608376.0,10.069949515848712,0.0,1428.0,31776.0,0.525962095506083,0.0,774.0,255558.0,4.230042208060912,0.0,1143.0,89931.0,1.4885541670115037,0.0,1427.0,3181.0,0.05265248696515766,0.0,366.0,227930.0,3.7727385583050568,0.0,914.0
PIT,603150.0,11.967024463800321,0.0,1473.0,16562.0,0.32860459117874646,0.0,872.0,136651.0,2.711275569929168,0.0,1444.0,203340.0,4.034443761036488,0.0,1101.0,562.0,0.011150572409277594,0.0,279.0,246035.0,4.881549969246642,0.0,814.0
IND,588332.0,11.973786506563549,0.0,1397.0,19152.0,0.38978325022896104,0.0,880.0,157615.0,3.207794850920932,0.0,1397.0,195683.0,3.9825582578609953,0.0,1283.0,611.0,0.012435127709372138,0.0,195.0,215271.0,4.381215019843289,0.0,1334.0
MCI,567726.0,10.333187725237524,0.0,1423.0,25759.0,0.4688398674966328,0.0,1422.0,148581.0,2.704324560445561,0.0,1394.0,162880.0,2.9645808306941865,0.0,1070.0,368.0,0.006697972407265844,0.0,84.0,230138.0,4.188744494193878,0.0,644.0
CMH,538171.0,11.236006430465373,0.0,1638.0,17263.0,0.36041923293734474,0.0,1438.0,144898.0,3.025199908136209,0.0,1622.0,181755.0,3.7947053051339332,0.0,1016.0,206.0,0.0043008956719627536,0.0,68.0,194049.0,4.051381088585924,0.0,934.0
PDX,491274.0,7.867811213785814,0.0,1489.0,12206.0,0.19548053362374082,0.0,1398.0,143548.0,2.2989381976585896,0.0,1489.0,148130.0,2.3723194695792826,0.0,836.0,703.0,0.01125862814496885,0.0,135.0,186687.0,2.9898143847792316,0.0,805.0
SJC,476247.0,7.565961300162043,0.0,1561.0,5373.0,0.08535887903917644,0.0,306.0,163046.0,2.590251961999174,0.0,1561.0,94378.0,1.4993486480475329,0.0,382.0,1104.0,0.017538842817653225,0.0,141.0,212346.0,3.373462968258507,0.0,702.0
RSW,461635.0,13.388874387308217,0.0,1313.0,18111.0,0.5252762551118072,0.0,1139.0,109888.0,3.187099393833928,0.0,1313.0,125632.0,3.6437251660430987,0.0,1152.0,102.0,0.002958322457147829,0.0,58.0,207902.0,6.029815249862235,0.0,845.0
OAK,445515.0,8.39501403832746,0.0,1170.0,3397.0,0.0640110045412576,0.0,287.0,193756.0,3.651020369707362,0.0,1142.0,58992.0,1.1116094141589252,0.0,295.0,2837.0,0.05345870470519512,0.0,156.0,186533.0,3.5149145452147206,0.0,930.0
SJU,423307.0,15.778552258834054,0.0,1473.0,3185.0,0.11871924854629491,0.0,1036.0,150402.0,5.6061577456388845,0.0,1473.0,52861.0,1.9703667809751007,0.0,944.0,650.0,0.02422841807067243,0.0,245.0,216209.0,8.059080065603101,0.0,1213.0
PBI,419384.0,16.090546347452424,0.0,1187.0,8474.0,0.32512277470841006,0.0,914.0,104397.0,4.005409760589319,0.0,1180.0,143190.0,5.4937845303867405,0.0,1065.0,321.0,0.012315837937384898,0.0,57.0,163002.0,6.253913443830571,0.0,637.0
JAX,408181.0,12.029382293999765,0.0,1449.0,18683.0,0.5506012024048096,0.0,911.0,107138.0,3.1574325120829894,0.0,1445.0,107850.0,3.17841565483909,0.0,1424.0,531.0,0.01564894494872097,0.0,119.0,173979.0,5.1272839797241545,0.0,1199.0
SAT,407533.0,10.008915195127342,0.0,1353.0,13734.0,0.33730382886754917,0.0,1141.0,127293.0,3.126286317754255,0.0,1336.0,91204.0,2.239948915686323,0.0,1024.0,235.0,0.005771545054891077,0.0,44.0,175067.0,4.299604587764325,0.0,877.0
SMF,396154.0,7.695000194242648,0.0,1155.0,5086.0,0.09879181072996387,0.0,419.0,118386.0,2.2995610116157104,0.0,1155.0,78739.0,1.5294471854240317,0.0,452.0,721.0,0.014004894914727478,0.0,196.0,193222.0,3.7531952915582147,0.0,954.0
SNA,359352.0,8.817588457574717,0.0,1596.0,11639.0,0.2855915983707121,0.0,650.0,89017.0,2.184251852578888,0.0,1596.0,101490.0,2.4903076998576825,0.0,912.0,190.0,0.004662119055798204,0.0,60.0,157016.0,3.852775187711636,0.0,1053.0
ORF,356709.0,14.413649587845482,0.0,1569.0,11752.0,0.47486665589138516,0.0,1226.0,95969.0,3.877848715047681,0.0,1564.0,106608.0,4.307742039760789,0.0,1322.0,30.0,0.001212219169225796,0.0,10.0,142350.0,5.751979957976402,0.0,711.0
MKE,356542.0,11.540443437449426,0.0,1209.0,19715.0,0.6381291471111831,0.0,1132.0,92490.0,2.9936882990775207,0.0,1209.0,99069.0,3.206635377892863,0.0,822.0,304.0,0.00983977989966014,0.0,121.0,144964.0,4.692150833468199,0.0,933.0
RIC,345228.0,13.915994840374072,0.0,1795.0,13121.0,0.5289019671073847,0.0,1123.0,86606.0,3.491051273782651,0.0,1784.0,116445.0,4.693848758465012,0.0,964.0,407.0,0.016405998065140277,0.0,120.0,128649.0,5.185786842953886,0.0,1198.0
BDL,338770.0,11.803832752613241,0.0,1459.0,17341.0,0.6042160278745644,0.0,1440.0,95236.0,3.3183275261324043,0.0,1458.0,84647.0,2.9493728222996514,0.0,907.0,216.0,0.007526132404181185,0.0,98.0,141330.0,4.924390243902439,0.0,1007.0
MEM,328931.0,12.745311531308122,0.0,1737.0,10196.0,0.3950712957222567,0.0,1196.0,84968.0,3.2923124612523247,0.0,1214.0,94095.0,3.6459624922504648,0.0,1711.0,141.0,0.0054634221946683196,0.0,19.0,139531.0,5.406501859888406,0.0,857.0
BUF,326537.0,13.138207129637081,0.0,1609.0,11090.0,0.44620584211796893,0.0,490.0,74912.0,3.0140822402832543,0.0,1303.0,98211.0,3.9515168584533678,0.0,995.0,229.0,0.009213808642472036,0.0,110.0,142095.0,5.717188380140017,0.0,1122.0
CHS,315933.0,12.285942057165078,0.0,1467.0,9699.0,0.37717285630954694,0.0,1174.0,78590.0,3.056192883531013,0.0,1443.0,95397.0,3.7097802838810034,0.0,1084.0,205.0,0.007972000777756174,0.0,42.0,132042.0,5.134824032665759,0.0,964.0
OKC,314231.0,13.024039457868778,0.0,1571.0,23958.0,0.992995399345132,0.0,1151.0,99562.0,4.1265801798814605,0.0,1571.0,64931.0,2.6912173084096653,0.0,1082.0,301.0,0.012475649687072574,0.0,51.0,125479.0,5.200770920545447,0.0,1071.0
OMA,313890.0,12.091294298921417,0.0,1553.0,18360.0,0.7072419106317411,0.0,1203.0,83862.0,3.230431432973806,0.0,1553.0,88728.0,3.417873651771957,0.0,879.0,1130.0,0.04352850539291217,0.0,1048.0,121810.0,4.692218798151002,0.0,1001.0
HNL,312587.0,5.9952626632655015,0.0,1928.0,4845.0,0.09292468209977177,0.0,182.0,178318.0,3.4200502502924874,0.0,1928.0,24815.0,0.47593931605899614,0.0,112.0,8917.0,0.1710236099656687,0.0,1078.0,95692.0,1.8353248048485777,0.0,1040.0
SDF,311902.0,12.8149061177534,0.0,2034.0,13891.0,0.5707301039483956,0.0,1416.0,90337.0,3.7116151033321008,0.0,1601.0,88015.0,3.6162126628045526,0.0,1215.0,154.0,0.006327293643945931,0.0,70.0,119505.0,4.9100209540244055,0.0,2010.0
BUR,298675.0,9.3613853627958,0.0,1267.0,4608.0,0.14442877291960507,0.0,360.0,71782.0,2.2498667920388655,0.0,1267.0,78582.0,2.4629995298542546,0.0,404.0,187.0,0.0058611502899232094,0.0,46.0,143516.0,4.4982291176931515,0.0,563.0
GRR,275119.0,14.331353857373548,0.0,1792.0,19679.0,1.0251080898056988,0.0,1575.0,74734.0,3.8930041152263373,0.0,1792.0,79891.0,4.161639839558264,0.0,971.0,134.0,0.006980257331874772,0.0,48.0,100681.0,5.244621555451372,0.0,620.0
SAV,258933.0,14.67874149659864,0.0,1335.0,10107.0,0.5729591836734694,0.0,1332.0,66815.0,3.7876984126984126,0.0,1087.0,76841.0,4.356065759637188,0.0,1191.0,68.0,0.003854875283446712,0.0,30.0,105102.0,5.958163265306123,0.0,1269.0
ABQ,258409.0,10.889090219544057,0.0,1608.0,14219.0,0.5991740761029877,0.0,1552.0,80046.0,3.3730563398086892,0.0,1533.0,54136.0,2.2812355147275714,0.0,1068.0,1933.0,0.08145463739412583,0.0,277.0,108075.0,4.554169651510683,0.0,1276.0
BHM,257252.0,13.209345314505777,0.0,1467.0,9362.0,0.4807188703465982,0.0,864.0,68039.0,3.493658536585366,0.0,1449.0,62495.0,3.2089858793324777,0.0,1218.0,416.0,0.021360718870346598,0.0,262.0,116940.0,6.004621309370989,0.0,564.0
TYS,254925.0,14.13658293129263,0.0,1418.0,16899.0,0.9371152886374979,0.0,806.0,86608.0,4.802750512948483,0.0,1394.0,58609.0,3.2500970443076582,0.0,1043.0,124.0,0.00687628237120834,0.0,29.0,92685.0,5.139743803027782,0.0,1357.0
HPN,230766.0,19.886763185108585,0.0,1282.0,15908.0,1.3709065839365735,0.0,1270.0,81830.0,7.051878662530162,0.0,1267.0,36621.0,3.155894519131334,0.0,402.0,231.0,0.019906928645294725,0.0,64.0,96176.0,8.288176490865219,0.0,579.0
PVD,230163.0,12.674871964315216,0.0,1660.0,6897.0,0.3798116636378655,0.0,817.0,63227.0,3.4818547276832423,0.0,1660.0,57736.0,3.179470235145107,0.0,982.0,477.0,0.02626796629770362,0.0,165.0,101826.0,5.607467371551297,0.0,544.0
GSP,228487.0,14.262609238451935,0.0,1508.0,10312.0,0.6436953807740324,0.0,1072.0,68175.0,4.25561797752809,0.0,1500.0,59651.0,3.723533083645443,0.0,1298.0,49.0,0.0030586766541822723,0.0,23.0,90300.0,5.6367041198501875,0.0,571.0
XNA,220262.0,15.583840384887505,0.0,1486.0,19446.0,1.3758313287109099,0.0,921.0,51059.0,3.6124946936465263,0.0,1304.0,73033.0,5.167185510117447,0.0,1486.0,44.0,0.0031130607046837414,0.0,35.0,76680.0,5.425215791707938,0.0,673.0
ROC,219589.0,15.052714559912257,0.0,1461.0,8549.0,0.586029613380861,0.0,1302.0,55289.0,3.7900329037565124,0.0,1459.0,70106.0,4.805730737592542,0.0,1251.0,56.0,0.003838771593090211,0.0,19.0,85589.0,5.867082533589252,0.0,615.0
DSM,214694.0,12.665565453365582,0.0,1647.0,12402.0,0.731638251430594,0.0,820.0,60038.0,3.5418559377027905,0.0,1647.0,61630.0,3.6357737006666273,0.0,1020.0,60.0,0.003539614182054156,0.0,19.0,80564.0,4.7527579493835175,0.0,877.0
MSN,212920.0,15.154448398576513,0.0,1540.0,16441.0,1.1701779359430604,0.0,1388.0,55773.0,3.969608540925267,0.0,1505.0,61832.0,4.40085409252669,0.0,1157.0,72.0,0.005124555160142348,0.0,25.0,78802.0,5.608683274021352,0.0,1032.0
SYR,210827.0,14.895223964956903,0.0,2695.0,8156.0,0.576232867034054,0.0,1165.0,63675.0,4.498728274692667,0.0,2695.0,59967.0,4.236752861381942,0.0,1055.0,11.0,7.771654655927653E-4,0.0,11.0,79018.0,5.582732796382648,0.0,1115.0
OGG,210795.0,7.714081826831589,0.0,2350.0,8038.0,0.2941520895850106,0.0,990.0,95123.0,3.481043694649784,0.0,2315.0,18648.0,0.6824269926077728,0.0,156.0,76.0,0.0027812339896069677,0.0,14.0,88910.0,3.2536778159994144,0.0,981.0
RNO,210766.0,10.526720607331935,0.0,1442.0,8416.0,0.42033762860853063,0.0,1097.0,63985.0,3.195734691838977,0.0,1408.0,49213.0,2.4579462591149737,0.0,385.0,267.0,0.013335331135750673,0.0,91.0,88885.0,4.439366696633703,0.0,1274.0
TUS,203672.0,10.548580899109178,0.0,1576.0,9571.0,0.4957012637248809,0.0,1194.0,66694.0,3.4542158690698157,0.0,1558.0,52981.0,2.7439921276154964,0.0,551.0,192.0,0.009944064636420136,0.0,49.0,74234.0,3.844727574062565,0.0,1460.0
ONT,202899.0,8.97465498938429,0.0,1422.0,5992.0,0.2650389242745931,0.0,341.0,51584.0,2.2816702052370843,0.0,1381.0,48307.0,2.136721514508139,0.0,429.0,56.0,0.0024769992922859165,0.0,56.0,96960.0,4.288747346072187,0.0,552.0
TUL,197195.0,11.541995902838748,0.0,1589.0,10883.0,0.6369915130231197,0.0,416.0,61498.0,3.5995317529997073,0.0,1546.0,47317.0,2.7695054141059408,0.0,1080.0,55.0,0.003219198127011999,0.0,31.0,77442.0,4.532748024582967,0.0,689.0
GSO,196784.0,13.447041137078038,0.0,1768.0,10281.0,0.7025420254202542,0.0,900.0,53694.0,3.6691266912669125,0.0,1768.0,56045.0,3.8297799644663115,0.0,1317.0,40.0,0.0027333606669400026,0.0,25.0,76724.0,5.242859095257619,0.0,1651.0
COS,191872.0,19.025483391175012,0.0,1447.0,13738.0,1.3622211204759545,0.0,1086.0,86390.0,8.56618740704016,0.0,1433.0,41128.0,4.078135845314824,0.0,1070.0,5.0,4.957858205255329E-4,0.0,4.0,50611.0,5.01844323252355,0.0,573.0
BTV,191817.0,19.904223306008095,0.0,1511.0,11103.0,1.1521220296772854,0.0,1194.0,43736.0,4.5383418076164785,0.0,1239.0,70660.0,7.332157310366297,0.0,1144.0,18.0,0.0018678011829407492,0.0,15.0,66300.0,6.879734357165093,0.0,1413.0
DAY,187714.0,13.569032817695533,0.0,1015.0,7458.0,0.539106549081972,0.0,549.0,58095.0,4.199436171750759,0.0,1015.0,45653.0,3.3000578285383835,0.0,511.0,47.0,0.0033974266300419256,0.0,32.0,76461.0,5.527034841694376,0.0,582.0
PWM,181335.0,16.261770244821093,0.0,1185.0,10169.0,0.9119361492242848,0.0,1074.0,38428.0,3.4461483275042597,0.0,1056.0,64903.0,5.820374854273159,0.0,1185.0,115.0,0.01031297641467133,0.0,24.0,67720.0,6.072997937404717,0.0,658.0
ASE,181293.0,27.51449385339202,0.0,1631.0,19055.0,2.891941113977842,0.0,1389.0,44274.0,6.71938078615875,0.0,1431.0,39250.0,5.956897860069813,0.0,1418.0,78.0,0.011837911670966763,0.0,32.0,78636.0,11.934436181514645,0.0,1627.0
BOI,179893.0,9.430825688073394,0.0,1174.0,3736.0,0.19585845347313238,0.0,366.0,66609.0,3.4919528178243775,0.0,1155.0,54946.0,2.880524246395806,0.0,573.0,124.0,0.0065006553079947575,0.0,51.0,54478.0,2.8559895150720838,0.0,470.0
LIT,177423.0,12.437644584647739,0.0,1370.0,9922.0,0.6955485453908167,0.0,1234.0,46429.0,3.254749386610585,0.0,1370.0,49932.0,3.500315457413249,0.0,940.0,106.0,0.007430774623203645,0.0,25.0,71034.0,4.979600420609884,0.0,714.0
ELP,176726.0,10.36516129032258,0.0,1519.0,9063.0,0.5315542521994134,0.0,540.0,57132.0,3.350850439882698,0.0,1519.0,31322.0,1.837067448680352,0.0,1110.0,12.0,7.038123167155425E-4,0.0,9.0,79197.0,4.644985337243401,0.0,515.0
PSP,174404.0,14.25801177240026,0.0,1510.0,5089.0,0.41603989535644215,0.0,902.0,52107.0,4.259892086330935,0.0,1501.0,50198.0,4.103826030085023,0.0,1299.0,37.0,0.00302485284499673,0.0,22.0,66973.0,5.475228907782864,0.0,1177.0
ALB,171846.0,13.673297262889879,0.0,1422.0,8604.0,0.6845957988542329,0.0,1198.0,50012.0,3.979312539783577,0.0,1236.0,43214.0,3.4384150222788032,0.0,728.0,109.0,0.008672819859961808,0.0,53.0,69907.0,5.562301082113303,0.0,949.0
FAT,170134.0,13.763773157511528,0.0,1638.0,4385.0,0.35474476175066744,0.0,1486.0,73746.0,5.966022166491384,0.0,1638.0,36023.0,2.914246420192541,0.0,414.0,71.0,0.005743871855027911,0.0,29.0,55909.0,4.523015937221907,0.0,1082.0
MYR,165104.0,14.00373197625106,0.0,1381.0,10169.0,0.8625106022052587,0.0,1169.0,32148.0,2.7267175572519085,0.0,1379.0,59997.0,5.08880407124682,0.0,1091.0,41.0,0.003477523324851569,0.0,20.0,62749.0,5.322222222222222,0.0,575.0
ICT,157871.0,14.819393598047498,0.0,1508.0,9336.0,0.8763728527175444,0.0,429.0,50272.0,4.719046278043743,0.0,1506.0,36973.0,3.4706655402234112,0.0,1096.0,25.0,0.0023467567821271003,0.0,25.0,61265.0,5.750962170280672,0.0,494.0
CID,150218.0,15.834088753030462,0.0,1297.0,17733.0,1.8691894170970802,0.0,1292.0,39319.0,4.144513544850849,0.0,1007.0,35616.0,3.7541899441340782,0.0,864.0,101.0,0.01064614735954464,0.0,25.0,57449.0,6.055549699588911,0.0,555.0
PNS,149460.0,11.852498017446472,0.0,1376.0,7930.0,0.6288659793814433,0.0,1102.0,34187.0,2.7111022997620937,0.0,1321.0,39700.0,3.148295003965107,0.0,1275.0,101.0,0.008009516256938937,0.0,37.0,67542.0,5.356225218080888,0.0,1161.0
SGF,147185.0,17.057017035577704,0.0,1461.0,14232.0,1.649322053540387,0.0,772.0,38075.0,4.412446401668792,0.0,1359.0,33673.0,3.9023061768455207,0.0,409.0,177.0,0.02051222621392977,0.0,44.0,61028.0,7.072430177309074,0.0,965.0
AVL,145234.0,15.209341292281914,0.0,1269.0,9219.0,0.9654414074772227,0.0,846.0,38570.0,4.039166404859148,0.0,1113.0,31243.0,3.271860927845848,0.0,1039.0,32.0,0.003351136244632946,0.0,16.0,66170.0,6.9295214158550635,0.0,1184.0
LGB,137368.0,8.684283727399166,0.0,731.0,2564.0,0.1620938171703123,0.0,717.0,47960.0,3.031988873435327,0.0,616.0,25532.0,1.614110507017322,0.0,500.0,63.0,0.0039828044000505755,0.0,42.0,61249.0,3.8721077253761536,0.0,525.0
LEX,127046.0,13.880257838959905,0.0,1966.0,11319.0,1.236643723369387,0.0,1410.0,38521.0,4.208565497651043,0.0,1966.0,29367.0,3.208456243854474,0.0,707.0,62.0,0.006773735387304709,0.0,29.0,47777.0,5.219818638697695,0.0,1027.0
SRQ,122346.0,14.520056966532163,0.0,1239.0,3287.0,0.3901020650367909,0.0,277.0,31823.0,3.7767624020887727,0.0,1230.0,38158.0,4.528601946356516,0.0,1202.0,24.0,0.0028483266081177306,0.0,24.0,49054.0,5.821742226441965,0.0,498.0
FSD,121094.0,16.959943977591035,0.0,1321.0,10608.0,1.4857142857142858,0.0,1273.0,32906.0,4.608683473389355,0.0,1066.0,30320.0,4.246498599439776,0.0,680.0,159.0,0.02226890756302521,0.0,32.0,47101.0,6.5967787114845935,0.0,1128.0
GEG,120189.0,9.987452218713644,0.0,1615.0,3331.0,0.2767990693036397,0.0,454.0,41824.0,3.4754861226524847,0.0,1615.0,30897.0,2.5674754861226523,0.0,466.0,139.0,0.01155060661459199,0.0,30.0,43998.0,3.656140934020276,0.0,1454.0
JAN,120172.0,14.656909379192584,0.0,1369.0,10851.0,1.3234540797658252,0.0,1236.0,34618.0,4.222222222222222,0.0,1369.0,23575.0,2.8753506525185997,0.0,1008.0,139.0,0.01695328698621783,0.0,29.0,50989.0,6.218929137699719,0.0,522.0
HSV,120171.0,12.3798289893891,0.0,1179.0,7858.0,0.8095189038837952,0.0,875.0,28684.0,2.9549809415885444,0.0,989.0,29819.0,3.071906871329968,0.0,1179.0,61.0,0.006284124858349644,0.0,22.0,53749.0,5.537138147728443,0.0,650.0
FAR,119639.0,19.827477626781572,0.0,2075.0,16575.0,2.746934040437521,0.0,1277.0,41101.0,6.811567782565462,0.0,1256.0,23170.0,3.839907192575406,0.0,1058.0,261.0,0.043254888962545576,0.0,64.0,38532.0,6.385813722240637,0.0,2014.0
CHA,118239.0,13.231759176365264,0.0,1453.0,7528.0,0.8424350940017905,0.0,493.0,39331.0,4.401410026857654,0.0,1453.0,17021.0,1.9047672336615935,0.0,497.0,14.0,0.001566696508504924,0.0,14.0,54345.0,6.081580125335721,0.0,833.0
SBA,116182.0,15.768458197611292,0.0,1460.0,2610.0,0.3542345276872964,0.0,467.0,31112.0,4.2225841476655805,0.0,1460.0,33887.0,4.599212812160695,0.0,1194.0,23.0,0.0031216069489685126,0.0,18.0,48550.0,6.589305103148751,0.0,597.0
VPS,114384.0,12.999659052165018,0.0,1458.0,7940.0,0.902375269917036,0.0,383.0,31425.0,3.5714285714285716,0.0,1458.0,21601.0,2.4549380611433116,0.0,1109.0,87.0,0.009887487214456188,0.0,20.0,53331.0,6.061029662461643,0.0,875.0
FWA,113336.0,16.0146954924403,0.0,1405.0,7110.0,1.0046629927935566,0.0,859.0,48038.0,6.787904479299138,0.0,880.0,22954.0,3.2434647449484246,0.0,1170.0,15.0,0.00211954217888936,0.0,15.0,35219.0,4.976543733220291,0.0,1381.0
SFB,112385.0,10.449558344955834,0.0,788.0,12167.0,1.1312877731287774,0.0,658.0,48290.0,4.490004649000465,0.0,773.0,14881.0,1.3836355183635518,0.0,290.0,127.0,0.011808461180846119,0.0,26.0,36920.0,3.4328219432821943,0.0,419.0
MAF,112090.0,11.654190060303597,0.0,1426.0,7470.0,0.7766687461010605,0.0,1166.0,26337.0,2.7383031815346226,0.0,1426.0,20239.0,2.1042836348513205,0.0,921.0,92.0,0.009565398211686421,0.0,38.0,57952.0,6.025369099604908,0.0,881.0
CAK,109817.0,17.381608103830327,0.0,1847.0,6610.0,1.0462171573282684,0.0,1847.0,40571.0,6.421494143716366,0.0,994.0,30906.0,4.8917378917378915,0.0,1066.0,21.0,0.0033238366571699905,0.0,16.0,31709.0,5.01883507439063,0.0,1207.0
ANC,107822.0,5.678428481145987,0.0,1259.0,2981.0,0.15699389087844956,0.0,362.0,45090.0,2.374657678533811,0.0,1152.0,19601.0,1.0322835475036864,0.0,115.0,107.0,0.005635137981883294,0.0,39.0,40043.0,2.1088582262481568,0.0,1240.0
CHO,106297.0,18.007284431644926,0.0,1183.0,7257.0,1.2293748941216331,0.0,984.0,25848.0,4.378790445536168,0.0,1130.0,28295.0,4.793325427748602,0.0,918.0,29.0,0.004912756225647976,0.0,29.0,44868.0,7.600880908012875,0.0,895.0
SBN,105697.0,15.134163802978236,0.0,1123.0,8626.0,1.2351088201603666,0.0,1105.0,44988.0,6.441580756013746,0.0,1093.0,18841.0,2.697737686139748,0.0,1058.0,211.0,0.030211912943871707,0.0,138.0,33031.0,4.729524627720504,0.0,1107.0
SHV,103890.0,14.642706131078224,0.0,1364.0,5576.0,0.7859055673009161,0.0,516.0,30564.0,4.307822410147992,0.0,1015.0,22671.0,3.1953488372093024,0.0,835.0,95.0,0.013389711064129669,0.0,31.0,44984.0,6.340239605355884,0.0,1317.0
BTR,103278.0,13.419698544698544,0.0,1390.0,10043.0,1.3049636174636174,0.0,1390.0,30617.0,3.978300415800416,0.0,943.0,25360.0,3.2952182952182953,0.0,947.0,54.0,0.007016632016632017,0.0,18.0,37204.0,4.834199584199585,0.0,378.0
BZN,102920.0,15.093122158674293,0.0,1527.0,3518.0,0.5159114239624578,0.0,314.0,27026.0,3.9633377328053965,0.0,1473.0,35231.0,5.166593342132278,0.0,849.0,4.0,5.86596275113653E-4,0.0,4.0,37141.0,5.446693063499047,0.0,1079.0
SBP,102051.0,19.34249431387415,0.0,2206.0,7698.0,1.459059893858984,0.0,1570.0,31167.0,5.907316148597422,0.0,1115.0,26814.0,5.082259287338893,0.0,440.0,45.0,0.008529188779378317,0.0,23.0,36327.0,6.885329795299469,0.0,2206.0
LIH,99412.0,7.069046433904572,0.0,1610.0,2286.0,0.16255422029438954,0.0,90.0,47328.0,3.3654270070397496,0.0,1576.0,6960.0,0.49491573632937497,0.0,107.0,148.0,0.010524070255279813,0.0,42.0,42690.0,3.0356253999857783,0.0,1129.0
RAP,98604.0,19.568168287358603,0.0,1354.0,17256.0,3.424488985909903,0.0,1144.0,24024.0,4.767612621551895,0.0,1266.0,17858.0,3.543957134352054,0.0,1001.0,30.0,0.005953562214725144,0.0,30.0,39436.0,7.826155983330025,0.0,1349.0
MDT,97844.0,15.550540368722187,0.0,1179.0,5656.0,0.8989192625556262,0.0,921.0,32425.0,5.153369357914812,0.0,983.0,23495.0,3.7341068022886206,0.0,479.0,111.0,0.017641449459631278,0.0,59.0,36157.0,5.746503496503497,0.0,568.0
JAC,97220.0,21.203925845147218,0.0,1510.0,5581.0,1.2172300981461286,0.0,560.0,29963.0,6.535005452562705,0.0,1415.0,24020.0,5.238822246455834,0.0,384.0,36.0,0.007851690294438387,0.0,36.0,37620.0,8.205016357688113,0.0,1240.0
LBB,86309.0,12.1630496054115,0.0,1418.0,7741.0,1.0908962795941375,0.0,1382.0,21011.0,2.9609639233370912,0.0,973.0,16727.0,2.357243517474634,0.0,1418.0,0.0,0.0,0.0,0.0,40830.0,5.753945885005637,0.0,993.0
ILM,84075.0,12.223756906077348,0.0,1193.0,3208.0,0.46641465542308813,0.0,358.0,24005.0,3.4901134050596103,0.0,1193.0,20621.0,2.9981099156731608,0.0,996.0,193.0,0.028060482698458854,0.0,120.0,36048.0,5.24105844722303,0.0,875.0
CRW,83445.0,18.547454989997778,0.0,1171.0,6281.0,1.3960880195599021,0.0,1171.0,20133.0,4.474994443209602,0.0,1126.0,12574.0,2.7948432985107803,0.0,898.0,13.0,0.00288953100689042,0.0,13.0,44444.0,9.878639697710602,0.0,850.0
TVC,82516.0,19.04361873990307,0.0,1844.0,6323.0,1.459266097392107,0.0,1110.0,20269.0,4.677821370874683,0.0,1178.0,22348.0,5.157627509808447,0.0,1741.0,6.0,0.0013847219016847449,0.0,6.0,33570.0,7.747519039926148,0.0,784.0
KOA,82479.0,5.3284449899864335,0.0,1371.0,824.0,0.053233413011176435,0.0,76.0,31318.0,2.023257316364106,0.0,1350.0,10214.0,0.6598617481749467,0.0,323.0,143.0,0.009238322889075522,0.0,60.0,39980.0,2.5828541895471284,0.0,502.0
RDM,81902.0,20.542262352646098,0.0,1503.0,4680.0,1.1738148984198646,0.0,1199.0,23011.0,5.771507399046903,0.0,1411.0,25608.0,6.422874341610234,0.0,1218.0,21.0,0.005267118133935289,0.0,20.0,28582.0,7.168798595435164,0.0,1480.0
MFR,81626.0,20.07032210474551,0.0,1563.0,3685.0,0.906073272682567,0.0,798.0,29154.0,7.1684288173100565,0.0,1551.0,17964.0,4.4170149987705924,0.0,1493.0,32.0,0.007868207523973445,0.0,32.0,30791.0,7.570936808458323,0.0,459.0
MOB,81455.0,14.998158718468053,0.0,1386.0,8479.0,1.5612226109372123,0.0,1080.0,18485.0,3.4036089118026145,0.0,962.0,14383.0,2.6483152273982693,0.0,1172.0,7.0,0.0012888970723623642,0.0,7.0,40101.0,7.383723071257595,0.0,541.0
MHT,80891.0,9.935028248587571,0.0,1216.0,1498.0,0.18398427904691722,0.0,244.0,24048.0,2.9535740604274134,0.0,1199.0,18527.0,2.275485138786539,0.0,498.0,89.0,0.010930975190370916,0.0,63.0,36729.0,4.5110537951363305,0.0,847.0
LFT,79384.0,15.181487856186651,0.0,1178.0,8164.0,1.5612927902084528,0.0,413.0,15372.0,2.9397590361445785,0.0,941.0,19136.0,3.6595907439280935,0.0,493.0,180.0,0.03442340791738382,0.0,25.0,36532.0,6.986421877988143,0.0,1151.0
GRB,79009.0,15.2851615399497,0.0,1433.0,8780.0,1.698587734571484,0.0,1023.0,22800.0,4.41091120139292,0.0,1335.0,17304.0,3.3476494486361,0.0,382.0,17.0,0.0032888372992841944,0.0,11.0,30108.0,5.824724318049913,0.0,1421.0
MLI,78585.0,16.263451986754966,0.0,1474.0,12013.0,2.486134105960265,0.0,977.0,22563.0,4.669495033112582,0.0,1474.0,13328.0,2.7582781456953644,0.0,169.0,16.0,0.0033112582781456954,0.0,16.0,30665.0,6.346233443708609,0.0,386.0
DLH,76902.0,22.779028436018958,0.0,1430.0,17794.0,5.270734597156398,0.0,1395.0,16026.0,4.747037914691943,0.0,1427.0,13788.0,4.084123222748815,0.0,935.0,0.0,0.0,0.0,0.0,29294.0,8.677132701421801,0.0,1133.0
CAE,75327.0,10.105580896163135,0.0,553.0,5637.0,0.7562382613361953,0.0,491.0,22981.0,3.0830426616581703,0.0,553.0,13531.0,1.8152669707539577,0.0,196.0,6.0,8.049369466058492E-4,0.0,6.0,33172.0,4.450228065468205,0.0,528.0
PIA,73793.0,15.757633995302157,0.0,1383.0,6265.0,1.3378176382660687,0.0,415.0,29355.0,6.268417680973735,0.0,1345.0,13414.0,2.864403160367286,0.0,526.0,89.0,0.019004911381592996,0.0,53.0,24670.0,5.267990604313474,0.0,601.0
PIE,73533.0,9.518834951456311,0.0,564.0,14482.0,1.8746925566343042,0.0,252.0,28910.0,3.7423948220064727,0.0,564.0,6904.0,0.8937216828478964,0.0,232.0,110.0,0.01423948220064725,0.0,110.0,23127.0,2.9937864077669905,0.0,480.0
MFE,73433.0,13.127100464783696,0.0,1363.0,2249.0,0.4020378977475867,0.0,311.0,21281.0,3.804254558455488,0.0,1359.0,19379.0,3.4642474079370755,0.0,1135.0,26.0,0.004647836968180193,0.0,13.0,30498.0,5.451912763675367,0.0,696.0
ABE,73416.0,14.642201834862385,0.0,1863.0,3872.0,0.7722377343438372,0.0,382.0,25338.0,5.053450339050658,0.0,1855.0,13457.0,2.683885121659354,0.0,361.0,77.0,0.015357000398883127,0.0,27.0,30672.0,6.117271639409653,0.0,579.0
EUG,72818.0,13.957830170596129,0.0,1222.0,2986.0,0.5723595936361894,0.0,720.0,17778.0,3.407705577918344,0.0,1222.0,20224.0,3.8765574084723022,0.0,348.0,19.0,0.003641939812152578,0.0,18.0,31811.0,6.09756565075714,0.0,574.0
AMA,72463.0,13.908445297504798,0.0,1371.0,5601.0,1.0750479846449137,0.0,741.0,18016.0,3.4579654510556623,0.0,1249.0,17845.0,3.425143953934741,0.0,1371.0,146.0,0.02802303262955854,0.0,35.0,30855.0,5.922264875239923,0.0,734.0
EGE,71292.0,30.47969217614365,0.0,1415.0,7663.0,3.2761864044463445,0.0,1256.0,13281.0,5.678067550235143,0.0,1230.0,11569.0,4.946130825138948,0.0,342.0,61.0,0.026079521162890123,0.0,23.0,38718.0,16.553227875160324,0.0,1401.0
EYW,71037.0,12.502111932418163,0.0,1062.0,2031.0,0.35744456177402323,0.0,243.0,10960.0,1.9288982752551918,0.0,1062.0,29534.0,5.197817669834565,0.0,1000.0,36.0,0.006335797254487857,0.0,36.0,28476.0,5.011615628299895,0.0,883.0
AZA,70456.0,12.330416520826041,0.0,1414.0,3384.0,0.5922296114805741,0.0,205.0,35180.0,6.15680784039202,0.0,1414.0,12269.0,2.1471823591179557,0.0,313.0,386.0,0.06755337766888345,0.0,47.0,19237.0,3.3666433321666083,0.0,253.0
CRP,69670.0,11.820495419070241,0.0,1309.0,3181.0,0.5397013912453342,0.0,333.0,12867.0,2.18306752629793,0.0,1309.0,20332.0,3.449609772650153,0.0,1129.0,32.0,0.005429250084832033,0.0,32.0,33258.0,5.642687478791992,0.0,683.0
ECP,69225.0,10.514125151883354,0.0,833.0,2161.0,0.3282199270959903,0.0,296.0,23673.0,3.595534629404617,0.0,833.0,13789.0,2.094319562575942,0.0,306.0,168.0,0.02551640340218712,0.0,48.0,29434.0,4.470534629404617,0.0,519.0
BGR,68835.0,18.24410283593957,0.0,1265.0,1610.0,0.4267161410018553,0.0,323.0,11714.0,3.1046912271402065,0.0,947.0,28217.0,7.478664192949907,0.0,1265.0,0.0,0.0,0.0,0.0,27294.0,7.2340312748476014,0.0,409.0
ATW,66887.0,15.42952710495963,0.0,1360.0,8892.0,2.0512110726643598,0.0,1150.0,17047.0,3.932410611303345,0.0,1251.0,12081.0,2.786851211072664,0.0,202.0,16.0,0.003690888119953864,0.0,16.0,28851.0,6.655363321799308,0.0,981.0
GNV,66639.0,12.815192307692307,0.0,1229.0,6730.0,1.2942307692307693,0.0,622.0,19591.0,3.7675,0.0,891.0,10451.0,2.0098076923076924,0.0,301.0,36.0,0.006923076923076923,0.0,18.0,29831.0,5.736730769230769,0.0,1219.0
BIS,64950.0,15.267983074753174,0.0,1141.0,11290.0,2.6539727315467796,0.0,1141.0,18337.0,4.310531264692054,0.0,778.0,12284.0,2.8876351669017395,0.0,485.0,696.0,0.16361071932299012,0.0,120.0,22343.0,5.2522331922896095,0.0,958.0
AGS,64665.0,13.562290268456376,0.0,1406.0,3546.0,0.7437080536912751,0.0,350.0,21431.0,4.494756711409396,0.0,1406.0,9739.0,2.0425755033557045,0.0,707.0,150.0,0.031459731543624164,0.0,93.0,29799.0,6.249790268456376,0.0,454.0
TLH,62407.0,9.491558935361217,0.0,1104.0,3158.0,0.4803041825095057,0.0,209.0,18684.0,2.8416730038022813,0.0,985.0,10139.0,1.5420532319391635,0.0,349.0,31.0,0.004714828897338403,0.0,17.0,30395.0,4.622813688212927,0.0,1072.0
GPT,61806.0,13.52133012469919,0.0,1464.0,4469.0,0.9776854080070007,0.0,604.0,16935.0,3.704878582367097,0.0,1109.0,12767.0,2.793043097790418,0.0,447.0,25.0,0.005469262743382192,0.0,25.0,27610.0,6.040253773791293,0.0,845.0
ISP,61448.0,11.043853342918764,0.0,701.0,2006.0,0.36053199137311287,0.0,337.0,18244.0,3.2789360172537743,0.0,701.0,15135.0,2.7201653486700215,0.0,295.0,122.0,0.02192667145938174,0.0,38.0,25941.0,4.662293314162473,0.0,525.0
RST,59953.0,17.322450158913608,0.0,1744.0,6713.0,1.9396128286622363,0.0,1053.0,15115.0,4.367234903207166,0.0,1688.0,16119.0,4.657324472695753,0.0,1364.0,10.0,0.002889338341519792,0.0,8.0,21996.0,6.355388616006935,0.0,498.0
EVV,59477.0,14.740272614622057,0.0,1458.0,4123.0,1.0218091697645602,0.0,401.0,16829.0,4.170755885997521,0.0,1453.0,15461.0,3.831722428748451,0.0,727.0,40.0,0.009913258983890954,0.0,17.0,23024.0,5.706071871127633,0.0,1157.0
MRY,57964.0,13.483135612933241,0.0,1391.0,2065.0,0.4803442661083973,0.0,310.0,17290.0,4.021865550127937,0.0,1390.0,9067.0,2.10909513840428,0.0,235.0,60.0,0.013956734124214934,0.0,41.0,29482.0,6.857873924168412,0.0,988.0
TTN,57610.0,19.13953488372093,0.0,663.0,572.0,0.19003322259136213,0.0,93.0,15451.0,5.133222591362126,0.0,430.0,13364.0,4.439867109634552,0.0,427.0,0.0,0.0,0.0,0.0,28223.0,9.37641196013289,0.0,461.0
PGD,56814.0,10.60952380952381,0.0,1117.0,8097.0,1.5120448179271708,0.0,323.0,21593.0,4.0323062558356675,0.0,1099.0,6779.0,1.2659197012138188,0.0,255.0,76.0,0.01419234360410831,0.0,76.0,20269.0,3.7850606909430438,0.0,417.0
ACV,54131.0,26.89071038251366,0.0,1909.0,3041.0,1.5106805762543467,0.0,652.0,20509.0,10.188276204669647,0.0,1780.0,11487.0,5.7064083457526085,0.0,480.0,0.0,0.0,0.0,0.0,19094.0,9.485345255837059,0.0,1038.0
LAN,52850.0,16.08338405356056,0.0,1364.0,3860.0,1.1746804625684724,0.0,1013.0,17661.0,5.3746195982958005,0.0,1314.0,7485.0,2.2778454047474135,0.0,333.0,19.0,0.005782105903834449,0.0,12.0,23825.0,7.250456482045039,0.0,321.0
HRL,52387.0,11.683095450490633,0.0,1163.0,5702.0,1.2716324710080285,0.0,1027.0,11061.0,2.466770740410348,0.0,1001.0,11008.0,2.454950936663693,0.0,1163.0,0.0,0.0,0.0,0.0,24616.0,5.4897413024085635,0.0,1081.0
MGM,51766.0,13.904378189632018,0.0,991.0,5342.0,1.4348643567015849,0.0,473.0,12651.0,3.3980660757453665,0.0,555.0,5916.0,1.5890410958904109,0.0,303.0,18.0,0.004834810636583401,0.0,16.0,27839.0,7.477571850658071,0.0,991.0
BIL,48362.0,11.891320383575117,0.0,1185.0,4664.0,1.1467912466191297,0.0,1179.0,10478.0,2.576346201131055,0.0,1000.0,10870.0,2.6727317432997295,0.0,269.0,6.0,0.0014752889107450208,0.0,6.0,22344.0,5.493975903614458,0.0,910.0
DRO,47347.0,14.604256631708822,0.0,537.0,3692.0,1.1388032078963604,0.0,275.0,9515.0,2.934916718075262,0.0,517.0,8937.0,2.756631708821715,0.0,308.0,56.0,0.01727328809376928,0.0,39.0,25147.0,7.756631708821715,0.0,500.0
FNT,46861.0,13.434919724770642,0.0,1105.0,1992.0,0.5711009174311926,0.0,217.0,13478.0,3.864105504587156,0.0,1097.0,10810.0,3.099197247706422,0.0,308.0,14.0,0.0040137614678899085,0.0,9.0,20567.0,5.896502293577981,0.0,727.0
AVP,46820.0,13.078212290502794,0.0,1422.0,5232.0,1.4614525139664805,0.0,665.0,16275.0,4.54608938547486,0.0,1389.0,8726.0,2.4374301675977654,0.0,504.0,10.0,0.002793296089385475,0.0,9.0,16577.0,4.630446927374302,0.0,419.0
COU,46489.0,19.623891937526384,0.0,1111.0,3016.0,1.2731110173068805,0.0,411.0,14189.0,5.9894470240607856,0.0,1069.0,13424.0,5.6665259603208105,0.0,414.0,166.0,0.07007176023638666,0.0,155.0,15694.0,6.6247361756015195,0.0,499.0
ROA,46228.0,16.01246969172151,0.0,1282.0,2357.0,0.8164184274333218,0.0,533.0,14939.0,5.174575684101143,0.0,1274.0,10487.0,3.6324904745410462,0.0,341.0,42.0,0.014547973675095255,0.0,28.0,18403.0,6.374437131970904,0.0,407.0
GRK,46047.0,13.559187279151944,0.0,1231.0,3782.0,1.113663133097762,0.0,382.0,11070.0,3.2597173144876326,0.0,1191.0,12897.0,3.797703180212014,0.0,1231.0,0.0,0.0,0.0,0.0,18298.0,5.388103651354535,0.0,945.0
MLU,45665.0,15.542886317222601,0.0,1445.0,3027.0,1.030292716133424,0.0,418.0,15140.0,5.1531654186521445,0.0,1445.0,8302.0,2.82573179033356,0.0,807.0,336.0,0.11436351259360109,0.0,97.0,18860.0,6.419332879509871,0.0,961.0
BMI,45167.0,14.674139051332034,0.0,1495.0,3706.0,1.2040285899935024,0.0,401.0,13441.0,4.366796621182586,0.0,1487.0,9125.0,2.964587394411956,0.0,972.0,255.0,0.08284600389863547,0.0,86.0,18640.0,6.055880441845354,0.0,541.0
SWF,45097.0,25.72561323445522,0.0,1375.0,2189.0,1.248716486023959,0.0,418.0,11558.0,6.5932686822589845,0.0,1346.0,3573.0,2.038220193953223,0.0,91.0,0.0,0.0,0.0,0.0,27777.0,15.845407872219052,0.0,434.0
FAY,45015.0,12.156359708344585,0.0,1170.0,2811.0,0.7591142317040238,0.0,216.0,12424.0,3.3551174723197406,0.0,1170.0,4581.0,1.2371050499594922,0.0,134.0,16.0,0.004320820955981636,0.0,12.0,25183.0,6.800702133405347,0.0,363.0
GJT,44580.0,10.95600884738265,0.0,1445.0,5240.0,1.2877856967313837,0.0,1236.0,16655.0,4.093143278446793,0.0,1445.0,7460.0,1.8333742934381911,0.0,428.0,17.0,0.004177930695502581,0.0,17.0,15208.0,3.737527648070779,0.0,446.0
AEX,44536.0,13.615408132069703,0.0,1322.0,4071.0,1.2445735249159278,0.0,263.0,9557.0,2.921736472026903,0.0,631.0,14585.0,4.45888107612351,0.0,1322.0,16.0,0.004891470498318557,0.0,15.0,16307.0,4.985325588505044,0.0,404.0
STT,44216.0,11.781508126831868,0.0,1408.0,1074.0,0.28617106314948043,0.0,98.0,8057.0,2.1468158806288304,0.0,1408.0,6230.0,1.6600053290700774,0.0,129.0,71.0,0.01891819877431388,0.0,63.0,28784.0,7.669597655209166,0.0,615.0
CMI,42711.0,14.712710988632448,0.0,1652.0,7467.0,2.5721667240785395,0.0,406.0,12354.0,4.255597657595591,0.0,823.0,8369.0,2.8828797795384085,0.0,334.0,0.0,0.0,0.0,0.0,14521.0,5.0020668274199105,0.0,829.0
PSC,42704.0,14.248915582248916,0.0,1266.0,5111.0,1.7053720387053721,0.0,1265.0,16263.0,5.426426426426427,0.0,1132.0,8756.0,2.921588254921588,0.0,550.0,28.0,0.009342676009342675,0.0,27.0,12546.0,4.186186186186186,0.0,440.0
LRD,41929.0,15.680254300673148,0.0,1218.0,2562.0,0.9581151832460733,0.0,866.0,15199.0,5.68399401645475,0.0,1212.0,11043.0,4.129768137621541,0.0,433.0,7.0,0.002617801047120419,0.0,7.0,13118.0,4.9057591623036645,0.0,333.0
MSO,41109.0,11.68533257532689,0.0,921.0,2755.0,0.7831154064809551,0.0,478.0,12354.0,3.511654349061967,0.0,892.0,10333.0,2.937180216031836,0.0,228.0,22.0,0.0062535531552018195,0.0,19.0,15645.0,4.44712905059693,0.0,831.0
HHH,40569.0,18.176075268817204,0.0,1261.0,2280.0,1.021505376344086,0.0,309.0,14216.0,6.369175627240144,0.0,1261.0,8227.0,3.685931899641577,0.0,1157.0,79.0,0.03539426523297491,0.0,46.0,15767.0,7.064068100358423,0.0,1054.0
MQT,39713.0,28.125354107648725,0.0,1332.0,10503.0,7.438385269121813,0.0,1332.0,13057.0,9.247167138810198,0.0,1161.0,4465.0,3.162181303116147,0.0,475.0,38.0,0.026912181303116147,0.0,38.0,11650.0,8.25070821529745,0.0,922.0
BQN,39182.0,16.991326973113615,0.0,1246.0,96.0,0.04163052905464007,0.0,19.0,4724.0,2.0485689505637468,0.0,1246.0,5068.0,2.1977450130095404,0.0,703.0,73.0,0.03165654813529922,0.0,24.0,29221.0,12.671725932350391,0.0,802.0
LNK,38911.0,17.59882406151063,0.0,1331.0,4317.0,1.9525101763907735,0.0,1331.0,13532.0,6.120307553143374,0.0,1192.0,8046.0,3.639077340569878,0.0,1235.0,0.0,0.0,0.0,0.0,13016.0,5.886928991406603,0.0,486.0
ACK,38553.0,32.261924686192465,0.0,1289.0,263.0,0.2200836820083682,0.0,99.0,9421.0,7.883682008368201,0.0,1186.0,8136.0,6.80836820083682,0.0,403.0,80.0,0.06694560669456066,0.0,27.0,20653.0,17.28284518828452,0.0,910.0
LSE,36106.0,16.419281491587085,0.0,1299.0,5637.0,2.56343792633015,0.0,1299.0,8637.0,3.927694406548431,0.0,871.0,7695.0,3.499317871759891,0.0,724.0,0.0,0.0,0.0,0.0,14137.0,6.428831286948613,0.0,487.0
BRO,35877.0,13.253417066863687,0.0,1430.0,2632.0,0.9722940524565941,0.0,274.0,7463.0,2.7569264868858516,0.0,1161.0,9074.0,3.352050240118212,0.0,1238.0,5.0,0.001847063169560399,0.0,5.0,16703.0,6.170299224233469,0.0,1051.0
MHK,35694.0,18.0,0.0,1107.0,2385.0,1.2027231467473525,0.0,443.0,12489.0,6.29803328290469,0.0,878.0,8399.0,4.235501765002521,0.0,384.0,0.0,0.0,0.0,0.0,12421.0,6.263741805345436,0.0,614.0
HYS,34984.0,27.96482813749001,0.0,1287.0,1185.0,0.947242206235012,0.0,319.0,12639.0,10.103117505995204,0.0,1271.0,1770.0,1.4148681055155876,0.0,107.0,0.0,0.0,0.0,0.0,19390.0,15.499600319744205,0.0,1094.0
TRI,34630.0,11.723087339201083,0.0,675.0,1741.0,0.5893703452945159,0.0,396.0,12610.0,4.268788083953961,0.0,636.0,3229.0,1.0930941096817874,0.0,109.0,0.0,0.0,0.0,0.0,17050.0,5.7718348002708195,0.0,546.0
JNU,33711.0,7.466445182724253,0.0,574.0,1595.0,0.3532668881506091,0.0,189.0,9774.0,2.164784053156146,0.0,455.0,5532.0,1.225249169435216,0.0,119.0,120.0,0.026578073089700997,0.0,50.0,16690.0,3.6965669988925804,0.0,511.0
CWA,33273.0,12.767843438219494,0.0,1024.0,4700.0,1.8035303146584805,0.0,888.0,8262.0,3.170376055257099,0.0,458.0,7181.0,2.7555640828856487,0.0,413.0,30.0,0.011511895625479662,0.0,17.0,13100.0,5.026861089792786,0.0,799.0
MTJ,33163.0,18.033170201196302,0.0,1605.0,2263.0,1.2305600870038065,0.0,1067.0,7856.0,4.271886895051659,0.0,1516.0,7892.0,4.291462751495378,0.0,388.0,24.0,0.013050570962479609,0.0,21.0,15128.0,8.22620989668298,0.0,1262.0
MBS,33104.0,12.890965732087228,0.0,872.0,2706.0,1.0537383177570094,0.0,752.0,11420.0,4.447040498442368,0.0,872.0,5728.0,2.230529595015576,0.0,373.0,0.0,0.0,0.0,0.0,13250.0,5.159657320872274,0.0,534.0
SGU,32601.0,12.534025374855824,0.0,1384.0,1177.0,0.45251826220684355,0.0,464.0,16895.0,6.495578623606305,0.0,1384.0,5001.0,1.922722029988466,0.0,262.0,14.0,0.005382545174932718,0.0,14.0,9514.0,3.657823913879277,0.0,370.0
MOT,32434.0,14.188101487314086,0.0,1644.0,6376.0,2.78915135608049,0.0,1033.0,12474.0,5.456692913385827,0.0,1643.0,4172.0,1.8250218722659668,0.0,291.0,50.0,0.021872265966754154,0.0,26.0,9362.0,4.095363079615048,0.0,604.0
FSM,32122.0,14.836951501154735,0.0,1204.0,3956.0,1.8272517321016166,0.0,451.0,9561.0,4.4161662817551965,0.0,1204.0,4019.0,1.85635103926097,0.0,322.0,0.0,0.0,0.0,0.0,14586.0,6.737182448036951,0.0,565.0
MEI,32037.0,32.85846153846154,0.0,1418.0,1713.0,1.756923076923077,0.0,812.0,11258.0,11.546666666666667,0.0,1410.0,3377.0,3.463589743589744,0.0,264.0,32.0,0.03282051282051282,0.0,21.0,15657.0,16.05846153846154,0.0,701.0
SCE,31324.0,17.40222222222222,0.0,1355.0,3396.0,1.8866666666666667,0.0,449.0,11239.0,6.243888888888889,0.0,1328.0,5599.0,3.1105555555555555,0.0,379.0,0.0,0.0,0.0,0.0,11090.0,6.161111111111111,0.0,473.0
SPI,30670.0,17.057842046718577,0.0,920.0,2598.0,1.4449388209121246,0.0,425.0,10353.0,5.758064516129032,0.0,909.0,7356.0,4.091212458286986,0.0,419.0,109.0,0.060622914349276975,0.0,79.0,10254.0,5.703003337041157,0.0,364.0
OAJ,30412.0,10.600209132101778,0.0,602.0,1633.0,0.5691878703380969,0.0,198.0,10477.0,3.651795050540258,0.0,602.0,3288.0,1.1460439177413733,0.0,123.0,3.0,0.0010456605088881143,0.0,3.0,15011.0,5.232136632973162,0.0,361.0
FCA,30241.0,9.950970714050674,0.0,1126.0,1970.0,0.6482395524843698,0.0,513.0,9116.0,2.9996709443896017,0.0,1117.0,10078.0,3.3162224415926294,0.0,1057.0,0.0,0.0,0.0,0.0,9077.0,2.986837775584074,0.0,375.0
JMS,30237.0,30.573306370070778,0.0,1171.0,1846.0,1.8665318503538928,0.0,882.0,12117.0,12.251769464105157,0.0,1045.0,1716.0,1.7350859453993934,0.0,166.0,4.0,0.004044489383215369,0.0,4.0,14554.0,14.715874620829121,0.0,794.0
RDD,29986.0,21.557153127246586,0.0,1631.0,985.0,0.7081236520488857,0.0,723.0,10433.0,7.500359453630482,0.0,1628.0,10069.0,7.238677210639827,0.0,297.0,0.0,0.0,0.0,0.0,8499.0,6.10999281092739,0.0,285.0
PAH,29824.0,23.03011583011583,0.0,1073.0,1590.0,1.2277992277992278,0.0,960.0,7533.0,5.816988416988417,0.0,1073.0,5576.0,4.305791505791506,0.0,941.0,0.0,0.0,0.0,0.0,15125.0,11.67953667953668,0.0,738.0
ABI,29773.0,13.10431338028169,0.0,985.0,5442.0,2.3952464788732395,0.0,592.0,9828.0,4.325704225352113,0.0,982.0,3990.0,1.756161971830986,0.0,327.0,28.0,0.01232394366197183,0.0,23.0,10485.0,4.61487676056338,0.0,585.0
SAF,29636.0,16.482758620689655,0.0,1028.0,2540.0,1.4126807563959956,0.0,945.0,12761.0,7.097330367074528,0.0,923.0,4596.0,2.5561735261401557,0.0,199.0,15.0,0.008342602892102336,0.0,15.0,9724.0,5.4082313681868746,0.0,289.0
BFL,29366.0,11.893884163629,0.0,1242.0,973.0,0.3940866747671122,0.0,688.0,15158.0,6.139327663021466,0.0,1227.0,4080.0,1.6524908869987849,0.0,247.0,0.0,0.0,0.0,0.0,9155.0,3.707978938841636,0.0,404.0
AZO,29157.0,13.016517857142857,0.0,1105.0,2061.0,0.9200892857142857,0.0,233.0,8851.0,3.9513392857142855,0.0,1105.0,5348.0,2.3875,0.0,239.0,25.0,0.011160714285714286,0.0,19.0,12872.0,5.746428571428571,0.0,349.0
TOL,29012.0,13.848210023866349,0.0,935.0,1840.0,0.8782816229116945,0.0,249.0,10691.0,5.103102625298329,0.0,931.0,5484.0,2.6176610978520287,0.0,232.0,8.0,0.0038186157517899762,0.0,8.0,10989.0,5.245346062052506,0.0,664.0
ORH,28994.0,23.38225806451613,0.0,817.0,857.0,0.6911290322580645,0.0,332.0,12403.0,10.00241935483871,0.0,817.0,2938.0,2.3693548387096772,0.0,128.0,18.0,0.014516129032258065,0.0,11.0,12778.0,10.30483870967742,0.0,484.0
STS,28882.0,10.575613328451118,0.0,1035.0,1231.0,0.4507506407909191,0.0,236.0,12229.0,4.4778469425119,0.0,824.0,3543.0,1.297326986451849,0.0,207.0,340.0,0.12449652142072501,0.0,55.0,11539.0,4.225192237275723,0.0,352.0
USA,28038.0,20.450765864332602,0.0,1425.0,1554.0,1.1334792122538293,0.0,257.0,7375.0,5.3792851932895696,0.0,1425.0,4854.0,3.5404814004376366,0.0,164.0,39.0,0.028446389496717725,0.0,25.0,14216.0,10.36907366885485,0.0,376.0
PBG,28014.0,20.598529411764705,0.0,1164.0,866.0,0.6367647058823529,0.0,161.0,15252.0,11.214705882352941,0.0,1152.0,4225.0,3.1066176470588234,0.0,370.0,0.0,0.0,0.0,0.0,7671.0,5.640441176470588,0.0,308.0
GFK,27696.0,13.107430194036914,0.0,1020.0,5569.0,2.6355892096545195,0.0,979.0,9700.0,4.590629436819688,0.0,694.0,3108.0,1.47089446284903,0.0,143.0,167.0,0.07903454803596782,0.0,141.0,9152.0,4.331282536677709,0.0,393.0
PAE,27638.0,17.01847290640394,0.0,999.0,565.0,0.3479064039408867,0.0,253.0,5140.0,3.165024630541872,0.0,994.0,14162.0,8.720443349753694,0.0,381.0,2.0,0.0012315270935960591,0.0,2.0,7769.0,4.7838669950738915,0.0,479.0
ACY,27362.0,8.786769428387926,0.0,824.0,538.0,0.17276814386640976,0.0,197.0,6350.0,2.0391779062299293,0.0,431.0,11909.0,3.8243416827231855,0.0,658.0,0.0,0.0,0.0,0.0,8565.0,2.750481695568401,0.0,610.0
PHF,27095.0,10.790521704500199,0.0,905.0,1771.0,0.7052966945440063,0.0,218.0,7594.0,3.024293110314616,0.0,905.0,2861.0,1.1393866985264836,0.0,229.0,65.0,0.025886101154918358,0.0,65.0,14804.0,5.8956590999601755,0.0,415.0
HDN,26779.0,24.70387453874539,0.0,1431.0,663.0,0.6116236162361623,0.0,158.0,11144.0,10.280442804428045,0.0,1346.0,4839.0,4.464022140221402,0.0,221.0,0.0,0.0,0.0,0.0,10133.0,9.347785977859779,0.0,539.0
EWN,26760.0,11.348600508905852,0.0,873.0,2280.0,0.9669211195928753,0.0,314.0,6942.0,2.9440203562340965,0.0,462.0,1900.0,0.8057675996607294,0.0,112.0,0.0,0.0,0.0,0.0,15638.0,6.631891433418151,0.0,869.0
SUX,26642.0,19.80817843866171,0.0,2050.0,3955.0,2.940520446096654,0.0,324.0,7685.0,5.713754646840148,0.0,1058.0,5640.0,4.193308550185874,0.0,337.0,59.0,0.04386617100371747,0.0,36.0,9303.0,6.916728624535316,0.0,1082.0
DAB,26568.0,8.026586102719033,0.0,489.0,2841.0,0.8583081570996979,0.0,489.0,6123.0,1.8498489425981872,0.0,411.0,4173.0,1.260725075528701,0.0,195.0,254.0,0.07673716012084592,0.0,118.0,13177.0,3.9809667673716014,0.0,415.0
SLN,26474.0,28.223880597014926,0.0,1275.0,523.0,0.5575692963752665,0.0,180.0,11634.0,12.402985074626866,0.0,1254.0,5691.0,6.067164179104478,0.0,982.0,0.0,0.0,0.0,0.0,8626.0,9.196162046908315,0.0,396.0
FAI,26109.0,5.52805420283718,0.0,1076.0,372.0,0.07876349777683675,0.0,106.0,9405.0,1.9913190768579292,0.0,1062.0,4159.0,0.8805843743383442,0.0,92.0,58.0,0.012280330298539064,0.0,24.0,12115.0,2.5651069235655304,0.0,369.0
PLN,25345.0,23.316467341306346,0.0,1193.0,3706.0,3.409383624655014,0.0,660.0,8084.0,7.436982520699172,0.0,1193.0,1571.0,1.4452621895124196,0.0,722.0,121.0,0.11131554737810488,0.0,65.0,11863.0,10.913523459061638,0.0,513.0
BLV,25021.0,24.60275319567355,0.0,1293.0,3982.0,3.915437561455261,0.0,936.0,8870.0,8.72173058013766,0.0,1293.0,1700.0,1.671583087512291,0.0,115.0,9.0,0.008849557522123894,0.0,9.0,10460.0,10.285152409046214,0.0,747.0
MLB,24923.0,9.519862490450725,0.0,929.0,1810.0,0.6913674560733384,0.0,282.0,9227.0,3.524446142093201,0.0,929.0,4352.0,1.6623376623376624,0.0,240.0,0.0,0.0,0.0,0.0,9534.0,3.641711229946524,0.0,299.0
JLN,24501.0,17.67748917748918,0.0,762.0,3557.0,2.5663780663780664,0.0,761.0,5744.0,4.144300144300145,0.0,512.0,5558.0,4.01010101010101,0.0,203.0,21.0,0.015151515151515152,0.0,17.0,9621.0,6.941558441558442,0.0,330.0
CLL,23709.0,10.458314953683281,0.0,712.0,1732.0,0.7640052933392149,0.0,298.0,7657.0,3.377591530657256,0.0,552.0,4402.0,1.941773268636965,0.0,417.0,0.0,0.0,0.0,0.0,9918.0,4.374944861049846,0.0,705.0
LCH,22973.0,11.620131512392513,0.0,654.0,2670.0,1.3505311077389985,0.0,391.0,5391.0,2.7268588770864945,0.0,471.0,6507.0,3.291350531107739,0.0,633.0,48.0,0.024279210925644917,0.0,40.0,8357.0,4.227111785533637,0.0,553.0
ITH,21905.0,21.926926926926928,0.0,1387.0,5259.0,5.2642642642642645,0.0,456.0,8889.0,8.897897897897899,0.0,1290.0,811.0,0.8118118118118118,0.0,67.0,0.0,0.0,0.0,0.0,6946.0,6.952952952952953,0.0,303.0
CGI,21702.0,22.700836820083683,0.0,1152.0,1524.0,1.594142259414226,0.0,397.0,8655.0,9.053347280334728,0.0,1104.0,3317.0,3.469665271966527,0.0,343.0,0.0,0.0,0.0,0.0,8206.0,8.583682008368202,0.0,355.0
CKB,21651.0,25.29322429906542,0.0,1027.0,1152.0,1.3457943925233644,0.0,496.0,9726.0,11.36214953271028,0.0,488.0,5158.0,6.025700934579439,0.0,1027.0,0.0,0.0,0.0,0.0,5615.0,6.559579439252336,0.0,361.0
CMX,21596.0,29.664835164835164,0.0,1285.0,1806.0,2.480769230769231,0.0,443.0,9537.0,13.100274725274724,0.0,1277.0,4780.0,6.565934065934066,0.0,617.0,0.0,0.0,0.0,0.0,5473.0,7.517857142857143,0.0,223.0
GTF,21352.0,11.882025598219254,0.0,1478.0,3653.0,2.0328324986087924,0.0,603.0,8252.0,4.592097941012799,0.0,1450.0,3019.0,1.6800222593210907,0.0,292.0,0.0,0.0,0.0,0.0,6428.0,3.577072899276572,0.0,1315.0
FLG,20888.0,10.485943775100402,0.0,1157.0,3627.0,1.8207831325301205,0.0,456.0,6477.0,3.2515060240963853,0.0,1023.0,1985.0,0.9964859437751004,0.0,141.0,0.0,0.0,0.0,0.0,8799.0,4.417168674698795,0.0,538.0
LCK,20704.0,20.003864734299516,0.0,1447.0,1496.0,1.4454106280193237,0.0,300.0,4025.0,3.888888888888889,0.0,445.0,1922.0,1.8570048309178744,0.0,83.0,119.0,0.11497584541062802,0.0,24.0,13142.0,12.697584541062803,0.0,1442.0
GRI,20449.0,17.89063867016623,0.0,1516.0,3274.0,2.8643919510061244,0.0,653.0,7740.0,6.771653543307087,0.0,1503.0,2916.0,2.5511811023622046,0.0,125.0,1.0,8.748906386701663E-4,0.0,1.0,6518.0,5.702537182852144,0.0,477.0
SUN,20183.0,12.880025526483728,0.0,1274.0,825.0,0.5264837268666241,0.0,231.0,5140.0,3.2801531589023614,0.0,1240.0,6390.0,4.0778557753669435,0.0,221.0,28.0,0.017868538608806637,0.0,28.0,7800.0,4.977664326738991,0.0,1243.0
KTN,19614.0,8.230801510700797,0.0,1248.0,470.0,0.19723038187159042,0.0,95.0,5214.0,2.1879983214435583,0.0,1244.0,2917.0,1.224087284934956,0.0,71.0,122.0,0.051195971464540496,0.0,22.0,10891.0,4.570289550986152,0.0,307.0
YUM,19256.0,10.034392912975509,0.0,639.0,222.0,0.1156852527357999,0.0,154.0,10283.0,5.358520062532569,0.0,509.0,2597.0,1.3533090151120375,0.0,253.0,8.0,0.004168837936425221,0.0,8.0,6146.0,3.2027097446586765,0.0,535.0
SHD,19230.0,27.161016949152543,0.0,1401.0,121.0,0.1709039548022599,0.0,121.0,8847.0,12.495762711864407,0.0,1045.0,4766.0,6.731638418079096,0.0,651.0,0.0,0.0,0.0,0.0,5496.0,7.762711864406779,0.0,1400.0
IDA,19158.0,9.03679245283019,0.0,1259.0,591.0,0.2787735849056604,0.0,141.0,6125.0,2.8891509433962264,0.0,1250.0,3009.0,1.4193396226415094,0.0,174.0,21.0,0.00990566037735849,0.0,21.0,9412.0,4.439622641509434,0.0,399.0
ITO,18700.0,3.056554429552141,0.0,1060.0,511.0,0.08352402745995423,0.0,25.0,6917.0,1.1305982347172279,0.0,809.0,600.0,0.09807126511932004,0.0,49.0,0.0,0.0,0.0,0.0,10672.0,1.744360902255639,0.0,289.0
ERI,18264.0,15.296482412060302,0.0,893.0,1697.0,1.4212730318257956,0.0,293.0,5045.0,4.225293132328308,0.0,893.0,2651.0,2.2202680067001674,0.0,278.0,118.0,0.09882747068676717,0.0,118.0,8753.0,7.330820770519263,0.0,261.0
TWF,18192.0,14.742301458670989,0.0,1070.0,1724.0,1.3970826580226905,0.0,207.0,4589.0,3.718800648298217,0.0,913.0,3797.0,3.0769854132901133,0.0,1068.0,0.0,0.0,0.0,0.0,8082.0,6.549432739059967,0.0,912.0
BGM,17891.0,18.67536534446764,0.0,1090.0,4574.0,4.774530271398747,0.0,1090.0,6827.0,7.1263048016701465,0.0,632.0,957.0,0.9989561586638831,0.0,156.0,1.0,0.0010438413361169101,0.0,1.0,5532.0,5.774530271398747,0.0,261.0
MMH,17695.0,31.153169014084508,0.0,1257.0,1192.0,2.0985915492957745,0.0,1116.0,4961.0,8.734154929577464,0.0,1257.0,3492.0,6.147887323943662,0.0,213.0,1.0,0.0017605633802816902,0.0,1.0,8049.0,14.170774647887324,0.0,480.0
ACT,17632.0,9.795555555555556,0.0,1000.0,2294.0,1.2744444444444445,0.0,400.0,4648.0,2.582222222222222,0.0,911.0,2578.0,1.4322222222222223,0.0,263.0,8.0,0.0044444444444444444,0.0,7.0,8104.0,4.502222222222223,0.0,919.0
LAW,17299.0,12.95805243445693,0.0,1109.0,2378.0,1.7812734082397004,0.0,416.0,6058.0,4.537827715355805,0.0,693.0,2366.0,1.7722846441947566,0.0,164.0,332.0,0.24868913857677902,0.0,332.0,6165.0,4.617977528089888,0.0,206.0
DHN,17276.0,12.564363636363636,0.0,1145.0,3258.0,2.3694545454545453,0.0,1134.0,4265.0,3.101818181818182,0.0,591.0,2759.0,2.0065454545454546,0.0,264.0,0.0,0.0,0.0,0.0,6994.0,5.086545454545455,0.0,259.0
PSE,16801.0,20.364848484848483,0.0,994.0,0.0,0.0,0.0,0.0,2493.0,3.021818181818182,0.0,994.0,935.0,1.1333333333333333,0.0,56.0,0.0,0.0,0.0,0.0,13373.0,16.20969696969697,0.0,283.0
TYR,16652.0,10.619897959183673,0.0,775.0,1369.0,0.8730867346938775,0.0,235.0,4131.0,2.6345663265306123,0.0,773.0,2880.0,1.836734693877551,0.0,279.0,79.0,0.05038265306122449,0.0,32.0,8193.0,5.2251275510204085,0.0,246.0
LWB,16446.0,24.73082706766917,0.0,1131.0,913.0,1.3729323308270676,0.0,339.0,2100.0,3.1578947368421053,0.0,1077.0,3958.0,5.951879699248121,0.0,817.0,0.0,0.0,0.0,0.0,9475.0,14.24812030075188,0.0,462.0
DVL,16385.0,26.216,0.0,805.0,2322.0,3.7152,0.0,609.0,7207.0,11.5312,0.0,805.0,2674.0,4.2784,0.0,224.0,0.0,0.0,0.0,0.0,4182.0,6.6912,0.0,320.0
GTR,16159.0,13.647804054054054,0.0,1121.0,2275.0,1.9214527027027026,0.0,1121.0,5736.0,4.844594594594595,0.0,942.0,1456.0,1.2297297297297298,0.0,127.0,0.0,0.0,0.0,0.0,6692.0,5.652027027027027,0.0,335.0
BPT,15937.0,15.921078921078921,0.0,568.0,3116.0,3.1128871128871127,0.0,396.0,3900.0,3.896103896103896,0.0,493.0,2847.0,2.844155844155844,0.0,304.0,25.0,0.024975024975024976,0.0,15.0,6049.0,6.042957042957043,0.0,568.0
DBQ,15652.0,14.920877025738799,0.0,444.0,1694.0,1.6148713060057198,0.0,383.0,1986.0,1.8932316491897045,0.0,325.0,4118.0,3.9256434699714013,0.0,246.0,0.0,0.0,0.0,0.0,7854.0,7.487130600571973,0.0,367.0
SJT,15652.0,8.321105794790006,0.0,500.0,2766.0,1.470494417862839,0.0,367.0,4347.0,2.311004784688995,0.0,500.0,1614.0,0.8580542264752791,0.0,109.0,11.0,0.005847953216374269,0.0,11.0,6914.0,3.675704412546518,0.0,199.0
SCK,15573.0,15.046376811594202,0.0,820.0,536.0,0.5178743961352656,0.0,172.0,4912.0,4.745893719806763,0.0,476.0,2169.0,2.0956521739130434,0.0,167.0,98.0,0.09468599033816426,0.0,20.0,7858.0,7.592270531400966,0.0,815.0
PUB,15559.0,16.6051227321238,0.0,739.0,701.0,0.7481323372465315,0.0,216.0,4606.0,4.915688367129135,0.0,739.0,3001.0,3.2027748132337246,0.0,412.0,0.0,0.0,0.0,0.0,7251.0,7.7385272145144075,0.0,665.0
ROW,15023.0,10.846931407942238,0.0,821.0,2084.0,1.504693140794224,0.0,628.0,5996.0,4.329241877256318,0.0,821.0,1264.0,0.9126353790613718,0.0,91.0,0.0,0.0,0.0,0.0,5679.0,4.100361010830325,0.0,520.0
EAU,14925.0,20.501373626373628,0.0,1106.0,1161.0,1.5947802197802199,0.0,1106.0,4694.0,6.447802197802198,0.0,927.0,5177.0,7.111263736263736,0.0,407.0,0.0,0.0,0.0,0.0,3893.0,5.347527472527473,0.0,260.0
OGS,14888.0,28.14366729678639,0.0,1316.0,223.0,0.4215500945179584,0.0,99.0,6605.0,12.485822306238186,0.0,1316.0,3444.0,6.510396975425331,0.0,304.0,20.0,0.03780718336483932,0.0,16.0,4596.0,8.688090737240076,0.0,414.0
LAR,14545.0,23.272,0.0,950.0,1066.0,1.7056,0.0,435.0,5123.0,8.1968,0.0,950.0,5391.0,8.6256,0.0,863.0,22.0,0.0352,0.0,22.0,2943.0,4.7088,0.0,283.0
UIN,14515.0,23.003169572107765,0.0,940.0,760.0,1.2044374009508716,0.0,343.0,4300.0,6.814580031695721,0.0,749.0,4362.0,6.91283676703645,0.0,588.0,0.0,0.0,0.0,0.0,5093.0,8.071315372424722,0.0,940.0
SPS,14438.0,11.476947535771066,0.0,1020.0,1266.0,1.0063593004769475,0.0,317.0,5251.0,4.174085850556438,0.0,1020.0,2419.0,1.9228934817170111,0.0,148.0,0.0,0.0,0.0,0.0,5502.0,4.373608903020668,0.0,612.0
ABR,14401.0,19.201333333333334,0.0,1059.0,2109.0,2.812,0.0,401.0,7257.0,9.676,0.0,1026.0,1027.0,1.3693333333333333,0.0,87.0,26.0,0.034666666666666665,0.0,19.0,3982.0,5.309333333333333,0.0,481.0
GCC,14379.0,18.625647668393782,0.0,1175.0,910.0,1.1787564766839378,0.0,329.0,5277.0,6.835492227979275,0.0,875.0,3751.0,4.858808290155441,0.0,1175.0,0.0,0.0,0.0,0.0,4441.0,5.7525906735751295,0.0,481.0
CSG,14354.0,11.266875981161695,0.0,423.0,980.0,0.7692307692307693,0.0,385.0,4702.0,3.6907378335949765,0.0,422.0,1742.0,1.3673469387755102,0.0,176.0,0.0,0.0,0.0,0.0,6930.0,5.43956043956044,0.0,343.0
IMT,14278.0,21.058997050147493,0.0,1463.0,2392.0,3.528023598820059,0.0,1460.0,4955.0,7.308259587020649,0.0,1204.0,717.0,1.0575221238938053,0.0,67.0,0.0,0.0,0.0,0.0,6214.0,9.165191740412979,0.0,512.0
ABY,13984.0,13.914427860696517,0.0,1191.0,1291.0,1.2845771144278606,0.0,286.0,4961.0,4.936318407960199,0.0,957.0,709.0,0.7054726368159204,0.0,47.0,28.0,0.027860696517412936,0.0,28.0,6995.0,6.960199004975125,0.0,848.0
MKG,13887.0,19.10178817056396,0.0,1019.0,348.0,0.4786795048143054,0.0,325.0,6272.0,8.627235213204951,0.0,1019.0,3129.0,4.3039889958734525,0.0,323.0,0.0,0.0,0.0,0.0,4138.0,5.691884456671252,0.0,604.0
ESC,13473.0,21.5568,0.0,1066.0,431.0,0.6896,0.0,158.0,3026.0,4.8416,0.0,957.0,969.0,1.5504,0.0,82.0,8.0,0.0128,0.0,5.0,9039.0,14.4624,0.0,1066.0
CNY,13473.0,21.626003210272874,0.0,1471.0,523.0,0.8394863563402889,0.0,153.0,3880.0,6.22792937399679,0.0,1421.0,2276.0,3.653290529695024,0.0,454.0,0.0,0.0,0.0,0.0,6794.0,10.905296950240771,0.0,910.0
PIR,13473.0,20.506849315068493,0.0,867.0,2982.0,4.538812785388128,0.0,867.0,3231.0,4.917808219178082,0.0,515.0,1734.0,2.6392694063926943,0.0,226.0,19.0,0.0289193302891933,0.0,11.0,5507.0,8.382039573820396,0.0,678.0
PVU,13438.0,18.383036935704514,0.0,1532.0,552.0,0.7551299589603283,0.0,86.0,6033.0,8.253077975376197,0.0,1460.0,844.0,1.1545827633378933,0.0,59.0,0.0,0.0,0.0,0.0,6009.0,8.220246238030096,0.0,1495.0
HTS,13414.0,18.866385372714486,0.0,735.0,1233.0,1.7341772151898733,0.0,218.0,2851.0,4.009845288326301,0.0,732.0,1278.0,1.7974683544303798,0.0,161.0,33.0,0.046413502109704644,0.0,17.0,8019.0,11.278481012658228,0.0,384.0
PIB,13332.0,18.80394922425952,0.0,717.0,981.0,1.383638928067701,0.0,203.0,4968.0,7.007052186177715,0.0,717.0,860.0,1.2129760225669957,0.0,94.0,22.0,0.031029619181946404,0.0,15.0,6501.0,9.169252468265162,0.0,230.0
CIU,13252.0,19.574593796159526,0.0,969.0,2471.0,3.649926144756278,0.0,906.0,3769.0,5.567208271787297,0.0,969.0,834.0,1.2319054652880355,0.0,255.0,579.0,0.8552437223042836,0.0,550.0,5599.0,8.270310192023633,0.0,248.0
PRC,13182.0,17.886024423337854,0.0,781.0,690.0,0.9362279511533242,0.0,359.0,5205.0,7.062415196743555,0.0,749.0,3385.0,4.592944369063772,0.0,781.0,16.0,0.021709633649932156,0.0,16.0,3886.0,5.2727272727272725,0.0,241.0
OTH,13133.0,34.28981723237598,0.0,1074.0,53.0,0.13838120104438642,0.0,34.0,3042.0,7.942558746736292,0.0,1060.0,2947.0,7.6945169712793735,0.0,256.0,22.0,0.057441253263707574,0.0,15.0,7069.0,18.45691906005222,0.0,378.0
APN,13093.0,20.9488,0.0,1550.0,5474.0,8.7584,0.0,1550.0,3505.0,5.608,0.0,1144.0,915.0,1.464,0.0,386.0,37.0,0.0592,0.0,23.0,3162.0,5.0592,0.0,203.0
ATY,12647.0,24.181644359464627,0.0,1251.0,2215.0,4.235181644359464,0.0,733.0,4960.0,9.483747609942638,0.0,1220.0,2576.0,4.925430210325048,0.0,312.0,0.0,0.0,0.0,0.0,2896.0,5.537284894837476,0.0,249.0
HVN,12439.0,11.485687903970453,0.0,487.0,186.0,0.17174515235457063,0.0,132.0,3700.0,3.4164358264081254,0.0,487.0,3425.0,3.162511542012927,0.0,178.0,0.0,0.0,0.0,0.0,5128.0,4.734995383194829,0.0,283.0
RHI,12433.0,15.425558312655086,0.0,1206.0,3828.0,4.749379652605459,0.0,597.0,4736.0,5.875930521091812,0.0,1206.0,910.0,1.1290322580645162,0.0,59.0,1.0,0.0012406947890818859,0.0,1.0,2958.0,3.6699751861042182,0.0,240.0
BQK,12378.0,11.936354869816778,0.0,1045.0,1199.0,1.1562198649951785,0.0,299.0,4080.0,3.9344262295081966,0.0,1045.0,1370.0,1.321118611378978,0.0,70.0,0.0,0.0,0.0,0.0,5729.0,5.524590163934426,0.0,270.0
LBL,12281.0,19.6496,0.0,1431.0,1374.0,2.1984,0.0,905.0,4363.0,6.9808,0.0,1414.0,3553.0,5.6848,0.0,375.0,0.0,0.0,0.0,0.0,2991.0,4.7856,0.0,411.0
CYS,12148.0,23.588349514563106,0.0,1157.0,542.0,1.0524271844660193,0.0,119.0,6654.0,12.920388349514564,0.0,1154.0,1161.0,2.254368932038835,0.0,105.0,42.0,0.08155339805825243,0.0,31.0,3749.0,7.279611650485437,0.0,337.0
RFD,12138.0,16.205607476635514,0.0,1432.0,558.0,0.7449933244325768,0.0,124.0,4561.0,6.089452603471295,0.0,1409.0,1748.0,2.3337783711615487,0.0,67.0,31.0,0.04138851802403204,0.0,31.0,5240.0,6.995994659546062,0.0,333.0
VLD,11873.0,11.471497584541062,0.0,803.0,1653.0,1.5971014492753624,0.0,730.0,4344.0,4.197101449275363,0.0,803.0,1042.0,1.0067632850241546,0.0,77.0,0.0,0.0,0.0,0.0,4834.0,4.670531400966183,0.0,357.0
VEL,11586.0,18.507987220447284,0.0,1363.0,697.0,1.1134185303514377,0.0,109.0,3610.0,5.766773162939297,0.0,1324.0,1293.0,2.0654952076677318,0.0,113.0,18.0,0.02875399361022364,0.0,18.0,5968.0,9.533546325878595,0.0,339.0
ALO,11538.0,16.482857142857142,0.0,578.0,452.0,0.6457142857142857,0.0,215.0,3944.0,5.634285714285714,0.0,578.0,3799.0,5.427142857142857,0.0,379.0,0.0,0.0,0.0,0.0,3343.0,4.775714285714286,0.0,263.0
EAR,11515.0,16.834795321637426,0.0,1002.0,1309.0,1.9137426900584795,0.0,952.0,4863.0,7.109649122807017,0.0,982.0,2993.0,4.375730994152047,0.0,266.0,0.0,0.0,0.0,0.0,2350.0,3.435672514619883,0.0,257.0
HOB,11402.0,15.243315508021391,0.0,1325.0,182.0,0.24331550802139038,0.0,53.0,3129.0,4.183155080213904,0.0,1305.0,5428.0,7.25668449197861,0.0,818.0,0.0,0.0,0.0,0.0,2663.0,3.5601604278074865,0.0,236.0
MVY,11380.0,20.615942028985508,0.0,1162.0,294.0,0.532608695652174,0.0,191.0,3179.0,5.759057971014493,0.0,1162.0,2627.0,4.759057971014493,0.0,334.0,56.0,0.10144927536231885,0.0,56.0,5224.0,9.46376811594203,0.0,375.0
TXK,11145.0,8.973429951690822,0.0,472.0,1270.0,1.0225442834138487,0.0,387.0,2333.0,1.8784219001610305,0.0,310.0,1446.0,1.1642512077294687,0.0,108.0,0.0,0.0,0.0,0.0,6096.0,4.908212560386473,0.0,468.0
HLN,10817.0,8.006661732050333,0.0,701.0,698.0,0.5166543301258327,0.0,236.0,4728.0,3.4996299037749816,0.0,701.0,2894.0,2.142116950407106,0.0,131.0,0.0,0.0,0.0,0.0,2497.0,1.848260547742413,0.0,234.0
IAG,10767.0,12.711924439197167,0.0,727.0,1407.0,1.6611570247933884,0.0,268.0,2382.0,2.812278630460449,0.0,151.0,2989.0,3.5289256198347108,0.0,630.0,0.0,0.0,0.0,0.0,3989.0,4.709563164108618,0.0,696.0
BJI,10609.0,14.297843665768195,0.0,1734.0,1812.0,2.442048517520216,0.0,445.0,5136.0,6.921832884097035,0.0,1665.0,534.0,0.7196765498652291,0.0,77.0,57.0,0.07681940700808626,0.0,57.0,3070.0,4.137466307277628,0.0,358.0
BFF,10589.0,16.9424,0.0,936.0,1013.0,1.6208,0.0,266.0,4534.0,7.2544,0.0,925.0,3053.0,4.8848,0.0,656.0,0.0,0.0,0.0,0.0,1989.0,3.1824,0.0,265.0
BLI,10468.0,5.695321001088139,0.0,544.0,382.0,0.20783460282916214,0.0,141.0,2655.0,1.4445048966267682,0.0,544.0,2499.0,1.3596300326441784,0.0,402.0,34.0,0.018498367791077257,0.0,15.0,4898.0,2.6648531011969534,0.0,219.0
LBE,10196.0,9.111706881143878,0.0,471.0,220.0,0.1966041108132261,0.0,63.0,2853.0,2.549597855227882,0.0,314.0,2116.0,1.8909740840035747,0.0,419.0,52.0,0.04647006255585344,0.0,32.0,4955.0,4.428060768543342,0.0,471.0
SIT,10168.0,7.559851301115241,0.0,701.0,1651.0,1.2275092936802974,0.0,701.0,3379.0,2.512267657992565,0.0,539.0,849.0,0.6312267657992565,0.0,79.0,246.0,0.1828996282527881,0.0,68.0,4043.0,3.0059479553903348,0.0,289.0
CPR,9420.0,8.928909952606634,0.0,897.0,932.0,0.8834123222748815,0.0,189.0,2835.0,2.6872037914691944,0.0,894.0,3270.0,3.0995260663507107,0.0,421.0,0.0,0.0,0.0,0.0,2383.0,2.2587677725118485,0.0,178.0
ISN,8960.0,14.154818325434439,0.0,727.0,1377.0,2.175355450236967,0.0,443.0,4373.0,6.908372827804107,0.0,727.0,939.0,1.4834123222748816,0.0,44.0,8.0,0.01263823064770932,0.0,8.0,2263.0,3.575039494470774,0.0,348.0
SWO,8916.0,10.154897494305239,0.0,531.0,1667.0,1.898633257403189,0.0,338.0,2631.0,2.996583143507973,0.0,527.0,1245.0,1.417995444191344,0.0,255.0,0.0,0.0,0.0,0.0,3373.0,3.8416856492027334,0.0,337.0
DRT,8873.0,12.272475795297373,0.0,1098.0,2267.0,3.135546334716459,0.0,370.0,3678.0,5.087136929460581,0.0,1095.0,713.0,0.9861687413554634,0.0,66.0,0.0,0.0,0.0,0.0,2215.0,3.063623789764869,0.0,279.0
RKS,8699.0,11.835374149659865,0.0,983.0,229.0,0.3115646258503401,0.0,193.0,952.0,1.2952380952380953,0.0,222.0,2828.0,3.8476190476190477,0.0,272.0,3.0,0.004081632653061225,0.0,3.0,4687.0,6.37687074829932,0.0,983.0
LBF,8389.0,13.4224,0.0,1210.0,96.0,0.1536,0.0,96.0,3398.0,5.4368,0.0,1207.0,3124.0,4.9984,0.0,403.0,13.0,0.0208,0.0,8.0,1758.0,2.8128,0.0,152.0
GCK,8387.0,11.520604395604396,0.0,519.0,2942.0,4.041208791208791,0.0,352.0,1825.0,2.506868131868132,0.0,445.0,1108.0,1.521978021978022,0.0,79.0,16.0,0.02197802197802198,0.0,10.0,2496.0,3.4285714285714284,0.0,239.0
INL,8267.0,12.757716049382717,0.0,1029.0,614.0,0.9475308641975309,0.0,465.0,1452.0,2.240740740740741,0.0,367.0,798.0,1.2314814814814814,0.0,114.0,0.0,0.0,0.0,0.0,5403.0,8.337962962962964,0.0,1021.0
GGG,8237.0,8.77209797657082,0.0,562.0,1411.0,1.5026624068157615,0.0,253.0,2178.0,2.319488817891374,0.0,562.0,1454.0,1.5484558040468583,0.0,159.0,40.0,0.042598509052183174,0.0,23.0,3154.0,3.3588924387646433,0.0,430.0
BRD,7847.0,12.33805031446541,0.0,1429.0,3137.0,4.932389937106918,0.0,1306.0,1152.0,1.8113207547169812,0.0,215.0,1646.0,2.588050314465409,0.0,529.0,8.0,0.012578616352201259,0.0,8.0,1904.0,2.993710691823899,0.0,182.0
ELM,7673.0,12.724709784411276,0.0,1521.0,1112.0,1.8441127694859039,0.0,330.0,2925.0,4.850746268656716,0.0,1521.0,901.0,1.494195688225539,0.0,98.0,17.0,0.028192371475953566,0.0,8.0,2718.0,4.507462686567164,0.0,187.0
BTM,7459.0,11.017725258493353,0.0,1267.0,1606.0,2.3722304283604134,0.0,405.0,3459.0,5.10930576070901,0.0,1261.0,633.0,0.9350073855243722,0.0,49.0,0.0,0.0,0.0,0.0,1761.0,2.601181683899557,0.0,266.0
PSM,7367.0,17.334117647058825,0.0,490.0,645.0,1.5176470588235293,0.0,324.0,1997.0,4.698823529411765,0.0,490.0,1266.0,2.978823529411765,0.0,81.0,26.0,0.0611764705882353,0.0,26.0,3433.0,8.07764705882353,0.0,280.0
CDC,7258.0,9.5249343832021,0.0,627.0,488.0,0.6404199475065617,0.0,314.0,2256.0,2.9606299212598426,0.0,618.0,1050.0,1.3779527559055118,0.0,57.0,0.0,0.0,0.0,0.0,3464.0,4.545931758530184,0.0,269.0
LWS,7037.0,7.108080808080808,0.0,1088.0,1999.0,2.019191919191919,0.0,1005.0,2677.0,2.7040404040404042,0.0,1088.0,241.0,0.24343434343434345,0.0,32.0,0.0,0.0,0.0,0.0,2120.0,2.1414141414141414,0.0,273.0
PIH,6717.0,6.162385321100918,0.0,228.0,472.0,0.43302752293577984,0.0,153.0,1010.0,0.926605504587156,0.0,157.0,596.0,0.5467889908256881,0.0,35.0,0.0,0.0,0.0,0.0,4639.0,4.255963302752294,0.0,228.0
XWA,6464.0,31.22705314009662,0.0,887.0,1749.0,8.44927536231884,0.0,429.0,2050.0,9.903381642512077,0.0,887.0,423.0,2.0434782608695654,0.0,62.0,91.0,0.4396135265700483,0.0,34.0,2151.0,10.391304347826088,0.0,488.0
STX,6331.0,7.08165548098434,0.0,383.0,15.0,0.016778523489932886,0.0,13.0,2073.0,2.3187919463087248,0.0,383.0,1201.0,1.3434004474272931,0.0,105.0,23.0,0.025727069351230425,0.0,17.0,3019.0,3.3769574944071588,0.0,259.0
BET,6304.0,7.62273276904474,0.0,356.0,66.0,0.07980652962515115,0.0,16.0,746.0,0.9020556227327691,0.0,148.0,667.0,0.8065296251511487,0.0,29.0,997.0,1.2055622732769045,0.0,41.0,3828.0,4.628778718258767,0.0,344.0
WRG,6093.0,8.415745856353592,0.0,323.0,221.0,0.3052486187845304,0.0,79.0,924.0,1.276243093922652,0.0,314.0,880.0,1.2154696132596685,0.0,60.0,0.0,0.0,0.0,0.0,4068.0,5.6187845303867405,0.0,270.0
HIB,6059.0,9.678913738019169,0.0,477.0,1429.0,2.2827476038338657,0.0,457.0,1565.0,2.5,0.0,445.0,1050.0,1.6773162939297124,0.0,378.0,0.0,0.0,0.0,0.0,2015.0,3.218849840255591,0.0,474.0
PSG,5739.0,7.926795580110498,0.0,298.0,68.0,0.09392265193370165,0.0,45.0,372.0,0.5138121546961326,0.0,58.0,900.0,1.2430939226519337,0.0,39.0,0.0,0.0,0.0,0.0,4399.0,6.0759668508287294,0.0,288.0
LYH,5482.0,5.991256830601093,0.0,372.0,64.0,0.06994535519125683,0.0,25.0,2435.0,2.66120218579235,0.0,372.0,829.0,0.9060109289617486,0.0,155.0,5.0,0.00546448087431694,0.0,5.0,2149.0,2.3486338797814206,0.0,318.0
COD,5411.0,11.997782705099779,0.0,579.0,91.0,0.2017738359201774,0.0,34.0,1186.0,2.6297117516629713,0.0,370.0,590.0,1.3082039911308203,0.0,91.0,4.0,0.008869179600886918,0.0,3.0,3540.0,7.849223946784923,0.0,273.0
CDV,5145.0,7.126038781163435,0.0,252.0,2.0,0.002770083102493075,0.0,2.0,363.0,0.502770083102493,0.0,61.0,808.0,1.1191135734072022,0.0,36.0,115.0,0.1592797783933518,0.0,23.0,3857.0,5.342105263157895,0.0,252.0
EKO,4969.0,7.350591715976331,0.0,1248.0,971.0,1.4363905325443787,0.0,526.0,2865.0,4.238165680473373,0.0,1246.0,173.0,0.2559171597633136,0.0,31.0,0.0,0.0,0.0,0.0,960.0,1.4201183431952662,0.0,329.0
YAK,4818.0,6.673130193905817,0.0,223.0,169.0,0.23407202216066483,0.0,81.0,990.0,1.371191135734072,0.0,203.0,540.0,0.7479224376731302,0.0,34.0,27.0,0.037396121883656507,0.0,14.0,3092.0,4.282548476454294,0.0,204.0
HGR,4796.0,26.207650273224044,0.0,942.0,394.0,2.1530054644808745,0.0,166.0,1472.0,8.043715846994536,0.0,885.0,371.0,2.0273224043715845,0.0,96.0,61.0,0.3333333333333333,0.0,29.0,2498.0,13.650273224043715,0.0,273.0
WYS,4683.0,17.738636363636363,0.0,1250.0,82.0,0.3106060606060606,0.0,58.0,2194.0,8.31060606060606,0.0,1069.0,22.0,0.08333333333333333,0.0,6.0,0.0,0.0,0.0,0.0,2385.0,9.034090909090908,0.0,1246.0
GUC,4377.0,18.2375,0.0,1249.0,569.0,2.370833333333333,0.0,117.0,867.0,3.6125,0.0,163.0,515.0,2.1458333333333335,0.0,93.0,0.0,0.0,0.0,0.0,2426.0,10.108333333333333,0.0,1211.0
OTZ,3942.0,5.475,0.0,644.0,255.0,0.3541666666666667,0.0,62.0,579.0,0.8041666666666667,0.0,95.0,464.0,0.6444444444444445,0.0,56.0,0.0,0.0,0.0,0.0,2644.0,3.672222222222222,0.0,641.0
BKG,3879.0,16.792207792207794,0.0,230.0,0.0,0.0,0.0,0.0,458.0,1.9826839826839826,0.0,182.0,1647.0,7.12987012987013,0.0,204.0,0.0,0.0,0.0,0.0,1774.0,7.67965367965368,0.0,230.0
ADQ,3796.0,5.921996879875195,0.0,189.0,128.0,0.1996879875195008,0.0,66.0,885.0,1.3806552262090483,0.0,106.0,424.0,0.6614664586583463,0.0,37.0,72.0,0.11232449297971919,0.0,30.0,2287.0,3.56786271450858,0.0,180.0
SCC,3781.0,3.826923076923077,0.0,354.0,109.0,0.11032388663967611,0.0,31.0,158.0,0.15991902834008098,0.0,37.0,497.0,0.5030364372469636,0.0,61.0,15.0,0.015182186234817813,0.0,12.0,3002.0,3.0384615384615383,0.0,354.0
GUM,3608.0,4.300357568533969,0.0,377.0,139.0,0.16567342073897498,0.0,41.0,1994.0,2.3766388557806915,0.0,146.0,654.0,0.7794994040524433,0.0,55.0,0.0,0.0,0.0,0.0,821.0,0.9785458879618594,0.0,377.0
ART,3415.0,13.938775510204081,0.0,419.0,310.0,1.2653061224489797,0.0,178.0,1232.0,5.0285714285714285,0.0,251.0,378.0,1.542857142857143,0.0,83.0,16.0,0.0653061224489796,0.0,16.0,1479.0,6.036734693877551,0.0,412.0
SPN,3334.0,7.04862579281184,0.0,1391.0,13.0,0.02748414376321353,0.0,13.0,1766.0,3.733615221987315,0.0,1382.0,224.0,0.47357293868921774,0.0,44.0,0.0,0.0,0.0,0.0,1331.0,2.813953488372093,0.0,144.0
STC,2937.0,21.595588235294116,0.0,981.0,301.0,2.213235294117647,0.0,163.0,1654.0,12.161764705882353,0.0,981.0,202.0,1.4852941176470589,0.0,40.0,22.0,0.16176470588235295,0.0,15.0,758.0,5.573529411764706,0.0,308.0
BFM,2605.0,16.4873417721519,0.0,254.0,0.0,0.0,0.0,0.0,80.0,0.5063291139240507,0.0,46.0,1325.0,8.386075949367088,0.0,97.0,0.0,0.0,0.0,0.0,1200.0,7.594936708860759,0.0,254.0
HYA,2583.0,31.120481927710845,0.0,342.0,0.0,0.0,0.0,0.0,442.0,5.325301204819277,0.0,148.0,917.0,11.048192771084338,0.0,315.0,0.0,0.0,0.0,0.0,1224.0,14.74698795180723,0.0,264.0
PPG,2443.0,20.358333333333334,0.0,1001.0,1138.0,9.483333333333333,0.0,915.0,586.0,4.883333333333334,0.0,71.0,0.0,0.0,0.0,0.0,142.0,1.1833333333333333,0.0,86.0,577.0,4.808333333333334,0.0,104.0
OME,2393.0,3.314404432132964,0.0,265.0,53.0,0.07340720221606649,0.0,25.0,254.0,0.3518005540166205,0.0,64.0,374.0,0.518005540166205,0.0,47.0,127.0,0.17590027700831026,0.0,44.0,1585.0,2.1952908587257616,0.0,250.0
SMX,2384.0,12.352331606217616,0.0,298.0,79.0,0.40932642487046633,0.0,33.0,894.0,4.632124352331606,0.0,230.0,293.0,1.5181347150259068,0.0,98.0,0.0,0.0,0.0,0.0,1118.0,5.7927461139896375,0.0,298.0
OGD,2260.0,21.523809523809526,0.0,433.0,791.0,7.533333333333333,0.0,395.0,420.0,4.0,0.0,111.0,261.0,2.4857142857142858,0.0,46.0,0.0,0.0,0.0,0.0,788.0,7.504761904761905,0.0,236.0
BRW,2012.0,2.7637362637362637,0.0,200.0,171.0,0.2348901098901099,0.0,39.0,198.0,0.27197802197802196,0.0,60.0,344.0,0.4725274725274725,0.0,35.0,49.0,0.0673076923076923,0.0,16.0,1250.0,1.717032967032967,0.0,200.0
OWB,1850.0,18.137254901960784,0.0,180.0,232.0,2.2745098039215685,0.0,161.0,419.0,4.107843137254902,0.0,102.0,166.0,1.6274509803921569,0.0,129.0,0.0,0.0,0.0,0.0,1033.0,10.127450980392156,0.0,180.0
ADK,1801.0,17.317307692307693,0.0,206.0,23.0,0.22115384615384615,0.0,15.0,95.0,0.9134615384615384,0.0,35.0,236.0,2.269230769230769,0.0,112.0,1035.0,9.951923076923077,0.0,98.0,412.0,3.9615384615384617,0.0,182.0
GST,600.0,7.317073170731708,0.0,140.0,27.0,0.32926829268292684,0.0,27.0,13.0,0.15853658536585366,0.0,8.0,146.0,1.7804878048780488,0.0,29.0,14.0,0.17073170731707318,0.0,14.0,400.0,4.878048780487805,0.0,140.0
PGV,537.0,6.7125,0.0,127.0,0.0,0.0,0.0,0.0,109.0,1.3625,0.0,35.0,89.0,1.1125,0.0,62.0,0.0,0.0,0.0,0.0,339.0,4.2375,0.0,127.0
DLG,531.0,6.475609756097561,0.0,114.0,17.0,0.2073170731707317,0.0,17.0,149.0,1.8170731707317074,0.0,30.0,35.0,0.4268292682926829,0.0,14.0,29.0,0.35365853658536583,0.0,25.0,301.0,3.6707317073170733,0.0,93.0
AKN,78.0,1.278688524590164,0.0,62.0,0.0,0.0,0.0,0.0,13.0,0.21311475409836064,0.0,13.0,3.0,0.04918032786885246,0.0,3.0,62.0,1.0163934426229508,0.0,62.0,0.0,0.0,0.0,0.0
