DEST_CITY_NAME,SUM_OF_ALL_DELAYS,AVERAGE_OF_ALL_DELAYS,SUM_OF_WEATHER_DELAY,AVERAGE_OF_WEATHER_DELAY,SUM_OF_CARRIER_DELAY,AVERAGE_OF_CARRIER_DELAY,SUM_OF_NAS_DELAY,AVERAGE_OF_NAS_DELAY,SUM_OF_SECURITY_DELAY,AVERAGE_OF_SECURITY_DELAY,SUM_OF_LATE_AIRCRAFT_DELAY,AVERAGE_OF_LATE_AIRCRAFT_DELAY
"Chicago, IL",7065160.0,16.689485743982235,387210.0,0.914676493515697,1742934.0,4.117199348026363,2386196.0,5.636727848250773,5588.0,0.013200103937826281,2543232.0,6.007681950251577
"New York, NY",5583053.0,18.685229003162704,235935.0,0.7896216469485768,1273850.0,4.263290885054971,2316974.0,7.754393480479927,5211.0,0.01744005087099851,1751083.0,5.86048293980823
"Dallas/Fort Worth, TX",4626406.0,15.20113949255124,328590.0,1.0796593350988677,1363865.0,4.481297602071327,1084179.0,3.5623238025142436,5812.0,0.01909668600868748,1843960.0,6.058762066858115
"Atlanta, GA",3852883.0,9.753492175198595,243450.0,0.6162885480955684,1309590.0,3.3151995058553108,814901.0,2.0629047201956325,4504.0,0.011401781148582625,1480438.0,3.7476976199035
"Newark, NJ",3395660.0,24.945343951103407,105173.0,0.772626428844289,579437.0,4.256685081249449,1830338.0,13.446107960389057,1637.0,0.012025800005876995,879075.0,6.457898680614734
"Denver, CO",3395183.0,13.469527580297067,176072.0,0.6985210105370064,1001814.0,3.9744429986035295,930655.0,3.692137711057509,3868.0,0.015345309127840549,1282774.0,5.089080550971182
"San Francisco, CA",3341915.0,19.547249160651827,102187.0,0.5977036369804523,708500.0,4.144098826667291,1536308.0,8.986044008750278,2132.0,0.012470315735292397,992788.0,5.806932372518513
"Houston, TX",3233273.0,13.466584199653472,197828.0,0.8239537518326003,864182.0,3.5993186058909767,905291.0,3.770537618286019,3081.0,0.012832367053178728,1262891.0,5.2599418565906975
"Boston, MA",2782509.0,18.48180054996878,107098.0,0.7113593793589011,681836.0,4.528846792512986,927691.0,6.16184890471193,1613.0,0.010713763832246237,1064271.0,7.069031709552719
"Washington, DC",2770157.0,13.28262089137158,134828.0,0.6464865383232241,803208.0,3.8513006161444223,577282.0,2.768008439020882,2477.0,0.011876962911462204,1252362.0,6.004948334971591
"Charlotte, NC",2626871.0,11.154915283026881,115737.0,0.49147309864537775,829400.0,3.5220179200815322,444659.0,1.888228799524396,2624.0,0.01114272368253429,1234451.0,5.24205274109304
"Los Angeles, CA",2568511.0,11.675262277495955,109652.0,0.49842724413171147,915454.0,4.1612302041855305,524687.0,2.3849842724413173,7431.0,0.033777886870670376,1011287.0,4.596842669866724
"Phoenix, AZ",2020907.0,11.16128551230504,79384.0,0.4384306101709893,736258.0,4.066285954137763,292462.0,1.6152410197499227,3810.0,0.021042283391507974,908993.0,5.020285644854858
"Orlando, FL",1938856.0,13.549432195394667,73110.0,0.51091931933331,583800.0,4.079807121143296,446561.0,3.1207309829134493,5103.0,0.03566162339704392,830282.0,5.802313148607569
"Detroit, MI",1920005.0,11.870861438967237,180248.0,1.1144236773607188,611145.0,3.778541000735744,312788.0,1.9338819470635151,2075.0,0.012829152781298496,813749.0,5.031185661025961
"Minneapolis, MN",1888395.0,11.732440744307414,210756.0,1.3094094622720636,581825.0,3.614830232052437,370955.0,2.304712497281849,2183.0,0.013562797055077506,722676.0,4.489925755645988
"Las Vegas, NV",1763174.0,10.748242838767885,61283.0,0.37357887870863127,505203.0,3.0796986156068837,422765.0,2.5771596471656824,4101.0,0.024999542802801703,769822.0,4.692806154483885
"Philadelphia, PA",1617893.0,13.578167749299226,57116.0,0.4793460563640331,496951.0,4.170661496886383,414962.0,3.4825687765412825,1655.0,0.013889588263927355,647209.0,5.4317018312436005
"Seattle, WA",1483960.0,10.388893945015786,53962.0,0.37777668876583054,435590.0,3.049474590628741,424073.0,2.9688464796522007,2589.0,0.01812504813043874,567746.0,3.974671137838576
"Fort Lauderdale, FL",1452502.0,14.757299900432812,48579.0,0.4935586125617215,476797.0,4.844217991181192,329609.0,3.3488001137910715,2527.0,0.025674110499258326,594990.0,6.04504907239957
"Salt Lake City, UT",1122222.0,9.73711519105959,88851.0,0.7709280533092702,415556.0,3.605629403394301,158406.0,1.3744316801443792,2200.0,0.01908860583764273,457209.0,3.967037448373998
"Miami, FL",1077004.0,12.074712708111441,49293.0,0.5526430853747407,396254.0,4.442558439374404,193969.0,2.1746622568529625,2811.0,0.031515219462974385,434677.0,4.873333707046359
"Baltimore, MD",938826.0,8.970332221786947,40184.0,0.38395169072893875,297029.0,2.8380645716087485,201045.0,1.9209528086452192,3173.0,0.030317507333339704,397395.0,3.7970456434707
"Tampa, FL",893396.0,11.662980901032624,40914.0,0.5341183535462983,302103.0,3.9438519079385386,183007.0,2.3890941371522567,2076.0,0.027101473871098288,365296.0,4.768815028524432
"Nashville, TN",884551.0,10.701594560588463,41924.0,0.5072106078203639,299948.0,3.6288714672861015,139320.0,1.6855400696864111,1468.0,0.017760356174990322,401891.0,4.862212059620596
"San Diego, CA",860067.0,9.200151897650935,33941.0,0.36306747678747164,291334.0,3.116404946300971,169473.0,1.8128556758375765,1994.0,0.021329853236917547,363325.0,3.886493945487998
"Raleigh/Durham, NC",810889.0,12.6391352463488,37999.0,0.5922814346057328,250719.0,3.90789781317705,145640.0,2.27005626821703,1080.0,0.016833704817868667,375451.0,5.852066025531119
"Austin, TX",749837.0,11.221912928957332,36971.0,0.5533007078824885,256967.0,3.8457175354315387,125217.0,1.8739729717595295,889.0,0.013304598991304869,329793.0,4.93561711489247
"St. Louis, MO",706024.0,10.321686500394724,31416.0,0.45928481623344347,242729.0,3.5485658314084385,112517.0,1.6449372825355983,1126.0,0.016461506973480308,318236.0,4.652437063243765
"Cleveland, OH",671923.0,13.54328502610203,39034.0,0.7867695966782899,215800.0,4.349666418075907,111304.0,2.243444258561264,441.0,0.008888799306633341,305344.0,6.154515953479935
"Cincinnati, OH",660364.0,13.687151532737786,35826.0,0.7425539411776898,179977.0,3.7303252015669366,107426.0,2.2265840363131386,451.0,0.009347731465168818,336684.0,6.978340622214852
"New Orleans, LA",654449.0,11.251207729468598,34815.0,0.5985352519469802,209964.0,3.6096755892516375,128578.0,2.2104973610466416,925.0,0.015902487664827134,280167.0,4.816597039558513
"Dallas, TX",636076.0,8.603062107768881,18988.0,0.2568167063406189,187200.0,2.531919497944168,148224.0,2.0047608742696386,1970.0,0.026644665656784246,279694.0,3.7829203635576714
"Pittsburgh, PA",600660.0,11.91809361296851,37177.0,0.7376535248715252,193710.0,3.8435286414412984,90583.0,1.7973174070914106,1244.0,0.02468302942518701,277946.0,5.51491101013909
"Indianapolis, IN",598264.0,12.176666938044452,33189.0,0.6755067980135147,201202.0,4.095131482536839,93115.0,1.8952006838720183,1051.0,0.021391353903769436,269707.0,5.48943661971831
"Kansas City, MO",576307.0,10.485172112655556,35847.0,0.6521905247070809,202108.0,3.677097736700386,88867.0,1.6168219198020521,835.0,0.015191761880503602,248650.0,4.523870169565534
"Columbus, OH",568846.0,11.624997445486686,29222.0,0.5971839045225104,193732.0,3.9591277869740256,89721.0,1.8335479124517198,622.0,0.012711258251078005,255549.0,5.222426583287352
"Portland, OR",534682.0,8.562584075331497,23689.0,0.3793639100634168,183092.0,2.9320991608481197,84691.0,1.356271219012235,1649.0,0.026407661264492985,241561.0,3.8684421241432325
"San Jose, CA",500497.0,7.972617359861095,10477.0,0.16689233317934912,177981.0,2.8351307007343456,67495.0,1.0751549134237062,1200.0,0.019115281074278796,243344.0,3.876324131449416
"Sacramento, CA",472916.0,9.185688757672287,18906.0,0.36722088415818505,163963.0,3.184737005671665,49437.0,0.9602400745862792,816.0,0.01584958433688136,239794.0,4.657641208919276
"San Antonio, TX",439742.0,10.797839165131982,25664.0,0.6301780233271946,157245.0,3.861141804788214,63422.0,1.5573235113566606,667.0,0.016378146101903007,192744.0,4.7328176795580115
"Oakland, CA",439144.0,8.282141712087208,6774.0,0.12775587952398015,155185.0,2.9267487694019576,64974.0,1.2253927540878486,2055.0,0.03875676593176546,210156.0,3.9634875431416554
"Jacksonville, FL",414947.0,12.226258876219099,17580.0,0.5179881552196588,156299.0,4.6052918471375115,74105.0,2.1834762367777483,469.0,0.013818910398067121,166494.0,4.905683726686114
"Fort Myers, FL",413794.0,12.003771176607101,19049.0,0.5525934091436528,145552.0,4.22232536551404,86811.0,2.5183047110698538,285.0,0.008267579484799257,162097.0,4.702280111394755
"San Juan, PR",392094.0,14.613469494241736,15690.0,0.5847713465767209,169848.0,6.330289590399165,66273.0,2.4700160262383064,1360.0,0.05068763743431106,138923.0,5.177704893593232
"West Palm Beach/Palm Beach, FL",381914.0,14.65180695158444,14601.0,0.5601549911762449,134199.0,5.148430906161283,76135.0,2.920854753318499,372.0,0.01427146474334382,156607.0,6.008094836185069
"Milwaukee, WI",370210.0,11.983620884990128,17973.0,0.5817822807755803,122792.0,3.9747515618424885,51186.0,1.6568801993979219,347.0,0.011232318000841615,177912.0,5.758974524973295
"Honolulu, HI",359270.0,6.890354998945168,11660.0,0.22362440306093093,182955.0,3.508851000172609,45201.0,0.8668993690186226,677.0,0.01298402408852918,118777.0,2.277996202604476
"Hartford, CT",354562.0,12.353646214417616,21940.0,0.7644332950071426,127786.0,4.452318734538866,47270.0,1.6469809414306122,681.0,0.023727396257970105,156885.0,5.466185847183025
"Richmond, VA",336171.0,13.552003547528823,22669.0,0.9138514875433363,123364.0,4.973151656857212,51016.0,2.05659920986858,475.0,0.019148593082318793,138647.0,5.589252600177376
"Norfolk, VA",332180.0,13.424126086077996,18331.0,0.7407961204283694,107563.0,4.346857951101232,55339.0,2.2363709840371793,546.0,0.022065063649222064,150401.0,6.078035966861992
"Oklahoma City, OK",331784.0,13.749854952341483,26504.0,1.0983837546622461,111906.0,4.637629506837961,49961.0,2.0704931620389555,191.0,0.007915457936179031,143222.0,5.935433070866142
"Buffalo, NY",331671.0,13.344773477106301,15420.0,0.6204232719079423,127476.0,5.128993320994608,43741.0,1.7599179206566347,540.0,0.021726885008449343,144494.0,5.813712078538666
"Santa Ana, CA",324803.0,7.960467624136072,16034.0,0.3929709327974119,116070.0,2.8447134944365473,55726.0,1.3657663840007843,450.0,0.011028871133767952,136523.0,3.3459879417675604
"Memphis, TN",312273.0,12.100321618165614,19332.0,0.7490990816445151,112338.0,4.353004998643779,51852.0,2.0092223040260393,298.0,0.011547254620839307,128453.0,4.977447979230441
"Charleston, SC",309997.0,12.056041690973437,18956.0,0.7372146385097033,108266.0,4.210554972193054,49581.0,1.928246412320616,287.0,0.01116166919457084,132907.0,5.168863998755493
"Omaha, NE",300417.0,11.573195161414592,20112.0,0.7747900454580476,100320.0,3.8647045226905,45362.0,1.7475152168888204,420.0,0.016179983049541567,134203.0,5.170005393327683
"Louisville, KY",295886.0,12.160364951504192,15355.0,0.6310619759986849,105166.0,4.322127239848759,43492.0,1.7874404076935722,788.0,0.032385336182804536,131085.0,5.387349991780371
"Burbank, CA",284843.0,8.927288682734197,7732.0,0.242329269439308,105994.0,3.32196696649638,36858.0,1.1551697119754285,1194.0,0.037421255523866236,133065.0,4.170401479299214
"Knoxville, TN",275905.0,15.29915714761007,17139.0,0.9503715204613508,88787.0,4.923311522679383,42890.0,2.3782854607962736,124.0,0.0068759010757458135,126965.0,7.040312742597316
"Birmingham, AL",260629.0,13.38068590204333,17046.0,0.8751411849265839,89414.0,4.590512372933566,38810.0,1.9925043638977307,701.0,0.03598932128555293,114658.0,5.886538658999897
"Grand Rapids, MI",259175.0,13.501510731402375,18275.0,0.9520212544280058,89183.0,4.645915815794957,44823.0,2.335017712023338,469.0,0.02443217336945197,106425.0,5.544123775786622
"Albuquerque, NM",253237.0,10.668899561846983,11496.0,0.48432760364004046,100924.0,4.251937984496124,32637.0,1.375,575.0,0.02422480620155039,107605.0,4.5334091675092685
"Savannah, GA",234042.0,13.267687074829931,18768.0,1.0639455782312925,76103.0,4.314229024943311,37680.0,2.1360544217687076,188.0,0.010657596371882086,101303.0,5.7428004535147394
"Ontario, CA",223354.0,9.877238756467518,7143.0,0.31588024587626584,80980.0,3.5811259010303806,22568.0,0.9980099942510945,306.0,0.01353203909255738,112357.0,4.96869057621722
"Tucson, AZ",222977.0,11.54902367017144,8860.0,0.4589009167659398,83743.0,4.337442378411975,28990.0,1.5015279432330242,641.0,0.03320039363961257,100743.0,5.217952038120889
"Providence, RI",220359.0,12.136979510905485,10039.0,0.5529301608283763,81126.0,4.46827495042961,30539.0,1.6820334875523244,1246.0,0.06862745098039216,97409.0,5.365113461114783
"Dayton, OH",215513.0,15.577376219732562,15369.0,1.1108782074448862,66779.0,4.826816046259487,29642.0,2.142537043729671,139.0,0.010046982291290207,103584.0,7.487097940007228
"Des Moines, IA",210173.0,12.401782026317342,17467.0,1.0306838968549006,69324.0,4.09063551070986,32950.0,1.944296925709565,162.0,0.009559214020180564,90270.0,5.326606479022836
"Greer, SC",209225.0,13.059422008613694,13606.0,0.8492603457961425,70876.0,4.423943574059048,32880.0,2.052306347918357,137.0,0.008551276449659822,91726.0,5.725360464390487
"El Paso, TX",201952.0,11.84330283837673,9383.0,0.550258034248182,77085.0,4.520584095707249,23034.0,1.3508092892329346,235.0,0.013781374618813043,92215.0,5.407870044569552
"Tulsa, OK",201791.0,11.812386583152842,15745.0,0.9216765205174735,69606.0,4.07457706491834,31368.0,1.8362114382719663,83.0,0.0048586313879295205,84989.0,4.975062928057133
"Rochester, NY",199171.0,13.654006992527593,12526.0,0.8587098101048879,70951.0,4.863988482895729,32310.0,2.214985946390622,700.0,0.047987934462192364,82684.0,5.668334818674162
"White Plains, NY",197133.0,16.969355255229406,14093.0,1.2131359214943618,74330.0,6.398381682017733,26827.0,2.30928811224929,354.0,0.030472583283119567,81529.0,7.018076956184902
"Greensboro/High Point, NC",196799.0,13.451742993848256,13426.0,0.9177033492822967,52405.0,3.5820232399179766,37052.0,2.5326042378673956,61.0,0.004169514695830485,93855.0,6.415242652084757
"Syracuse, NY",195578.0,13.823720667232118,9792.0,0.6921119592875318,65909.0,4.658538309301668,29773.0,2.1043963811139386,103.0,0.007280180944303082,90001.0,6.361393836584677
"Reno, NV",194646.0,9.721606233143541,7975.0,0.39831185695734694,71438.0,3.567975227250025,19884.0,0.9931075816601738,406.0,0.020277694536010388,94943.0,4.7419338727399865
"Boise, ID",191853.0,10.058351682919158,10180.0,0.5337108105274195,75157.0,3.9402852049910875,20105.0,1.0540526370976198,90.0,0.004718464926077383,86321.0,4.525584565376953
"Madison, WI",184445.0,13.126823713614689,13713.0,0.9759447726140488,61213.0,4.35648708276991,34214.0,2.434986833677318,86.0,0.006120560814176927,75219.0,5.353284463739236
"Sanford, FL",182656.0,16.973887185205836,13755.0,1.2782269305826597,65828.0,6.11727534615742,21518.0,1.9996282873338909,827.0,0.07685159371805594,80728.0,7.501905027413809
"Fayetteville, AR",174143.0,12.320857506721381,12988.0,0.918918918918919,55864.0,3.952455072873921,35634.0,2.521154662515919,82.0,0.005801613131456064,69575.0,4.922527239281166
"Colorado Springs, CO",172994.0,17.151893714059092,8866.0,0.8790402538171723,71234.0,7.062661114416022,23462.0,2.326194725361888,178.0,0.017648225262740434,69254.0,6.8663493952012695
"Kahului, HI",172902.0,6.328075247959594,5077.0,0.18581414925154632,84999.0,3.110895582476302,24468.0,0.8955092778977418,472.0,0.01727482340884969,57886.0,2.1185814149251545
"Portland, ME",163366.0,14.659547738693467,10881.0,0.9763998564249821,51603.0,4.630563531945442,26892.0,2.413137114142139,238.0,0.02135678391959799,73752.0,6.618090452261306
"Long Beach, CA",160817.0,10.167351583739014,4365.0,0.27596889422772963,56753.0,3.5881014098754505,14405.0,0.9107289625086932,493.0,0.031168995384712652,84801.0,5.361383321742429
"Little Rock, AR",156587.0,10.980085547998037,11648.0,0.8167730173199635,54318.0,3.808849309305098,27602.0,1.9354883949232171,117.0,0.008204193254329991,62902.0,4.410770633195428
"Palm Springs, CA",155875.0,12.689270595897101,7595.0,0.6182839465971997,57109.0,4.649055682188212,23781.0,1.9359329208726799,106.0,0.008629111038749592,67284.0,5.477368935200261
"Albany, NY",155397.0,12.365481021723562,12323.0,0.9805840693880798,59663.0,4.747592902045039,21532.0,1.713376303015835,388.0,0.03087451261239755,61491.0,4.893053234662211
"Burlington, VT",154296.0,16.007469654528478,10835.0,1.1240792613341632,50699.0,5.259777985268181,25164.0,2.6106442577030813,7.0,7.262164124909223E-4,67591.0,7.012241933810561
"Pensacola, FL",151920.0,12.04853675945753,13448.0,1.0665397731778887,53245.0,4.222777381235625,26444.0,2.097232135776033,163.0,0.01292727416924419,58620.0,4.649060195098739
"Aspen, CO",145492.0,22.097812879708385,18216.0,2.766707168894289,58731.0,8.920261239368164,26893.0,4.084599027946537,21.0,0.00318955042527339,41631.0,6.323055893074119
"Fresno, CA",145142.0,11.742880258899676,4192.0,0.33915857605177996,61052.0,4.939482200647249,13611.0,1.1012135922330097,23.0,0.00186084142394822,66264.0,5.36116504854369
"Wichita, KS",139691.0,13.114063086744274,10067.0,0.9450807360120165,50443.0,4.735542621104018,22409.0,2.103736387532858,84.0,0.007885843034171986,56688.0,5.3218174990612095
"Anchorage, AK",137924.0,7.262980516061085,10490.0,0.5523959978936283,39202.0,2.064349657714587,28113.0,1.4804107424960506,2547.0,0.13412322274881516,57572.0,3.031700895208004
"Myrtle Beach, SC",135240.0,11.470737913486005,5388.0,0.4569974554707379,32826.0,2.7842239185750635,37303.0,3.163952502120441,410.0,0.03477523324851569,59313.0,5.030788804071247
"Akron, OH",130382.0,20.639860693367105,9174.0,1.452271647934146,42784.0,6.7728352065854045,15415.0,2.4402406205477285,20.0,0.0031660598385309484,62989.0,9.971347158461295
"Midland/Odessa, TX",130311.0,13.547250233912049,8119.0,0.8440586339536335,44912.0,4.66909242124961,17241.0,1.7923900613369372,240.0,0.02495061856741865,59799.0,6.21675849880445
"Asheville, NC",127160.0,13.31378913202806,12741.0,1.3339964401633337,41697.0,4.36572086692493,20847.0,2.182703381844833,131.0,0.013715841273165113,51744.0,5.417652601821799
"Lexington, KY",125571.0,13.719108489019993,8089.0,0.8837539604501257,46717.0,5.104009614334098,19024.0,2.078444225936851,155.0,0.016934338468261773,51586.0,5.635966349830657
"Spokane, WA",124719.0,10.364746945898778,5480.0,0.4554142774038062,49327.0,4.099310230200283,14049.0,1.1675392670157068,375.0,0.031164298180004987,55488.0,4.611318873098978
"Huntsville, AL",119901.0,12.352014010507881,8918.0,0.9187184506026579,42382.0,4.366127536829093,16256.0,1.67466776553003,72.0,0.007417327701658597,52273.0,5.385082929844442
"South Bend, IN",118781.0,17.005153901216893,18782.0,2.68890479599141,40151.0,5.7481746599856836,11098.0,1.5888332140300645,198.0,0.028346456692913385,48552.0,6.950894774516822
"Cedar Rapids/Iowa City, IA",116077.0,12.23408516020236,12021.0,1.266968802698145,36809.0,3.8795320404721756,20144.0,2.123102866779089,135.0,0.01422849915682968,46968.0,4.950252951096122
"Valparaiso, FL",115697.0,13.145892512214521,11321.0,1.2863310987387797,37435.0,4.253493921145324,17198.0,1.9540961254402909,217.0,0.024656289058061585,49526.0,5.627315077832065
"Chattanooga, TN",113311.0,12.685960591133005,10892.0,1.219435736677116,36206.0,4.053515450067175,15433.0,1.727832512315271,13.0,0.0014554411106135244,50767.0,5.68372145096283
"St. Petersburg, FL",111250.0,14.399430494434377,10232.0,1.3243593062386747,36754.0,4.75718353611183,16347.0,2.1158426093709553,128.0,0.016567434636293038,47789.0,6.185477608076624
"Santa Barbara, CA",110305.0,14.960667299606673,6315.0,0.8565034585650346,41544.0,5.634612776346128,12356.0,1.675844296758443,64.0,0.0086803200868032,50026.0,6.785026447850265
"Jackson/Vicksburg, MS",110166.0,13.436516648371752,7552.0,0.9210879375533602,41704.0,5.086473960239053,16221.0,1.978412001463593,31.0,0.0037809488962068545,44658.0,5.446761800219539
"Fort Wayne, IN",105172.0,14.867401752897937,11354.0,1.60503251342946,40455.0,5.71882951653944,11492.0,1.6245405711054566,385.0,0.05442465366129488,41486.0,5.864574498162284
"Springfield, MO",103930.0,12.045665275846083,8743.0,1.0133286972647195,32824.0,3.8043579044969866,18684.0,2.165507649513213,56.0,0.006490496059341678,43623.0,5.055980528511822
"Sioux Falls, SD",103025.0,14.423211535769285,5878.0,0.8229035419291614,38809.0,5.4331513369732605,17790.0,2.4905501889962203,12.0,0.0016799664006719867,40536.0,5.674926501469971
"Punta Gorda, FL",97109.0,18.134267040149393,8806.0,1.6444444444444444,34755.0,6.490196078431373,14552.0,2.7174603174603176,150.0,0.028011204481792718,38846.0,7.254154995331466
"Manchester, NH",97024.0,11.92527040314651,5957.0,0.7321779744346116,31210.0,3.8360373647984267,11072.0,1.3608652900688298,372.0,0.045722713864306784,48413.0,5.950467059980334
"Baton Rouge, LA",96526.0,12.545619963608006,7593.0,0.9868728879646478,44670.0,5.80582271900182,13995.0,1.818949831037172,0.0,0.0,30268.0,3.9339745256043672
"Charlottesville, VA",94217.0,15.960867355581907,10606.0,1.7967135354904287,30511.0,5.168727765542944,14747.0,2.498221243435541,151.0,0.025580213450787734,38202.0,6.471624597662205
"Sarasota/Bradenton, FL",93585.0,11.097474208466737,3873.0,0.45926716471006757,33338.0,3.953278785722756,19709.0,2.337127949721333,67.0,0.007944978062374007,36598.0,4.339855330250208
"Lubbock, TX",92917.0,13.088744893646993,5273.0,0.7427806733342724,33608.0,4.734187913790675,11103.0,1.5640231018453303,31.0,0.004366812227074236,42902.0,6.043386392449641
"Columbia, SC",91890.0,12.32760933726858,5230.0,0.7016367051247653,28574.0,3.833378052052589,11886.0,1.5945800912261874,32.0,0.004292997048564529,46168.0,6.193721491816475
"Shreveport, LA",88563.0,12.48245243128964,9236.0,1.3017618040873855,31069.0,4.378999295278365,12227.0,1.7233262861169838,10.0,0.0014094432699083862,36021.0,5.076955602536998
"Fargo, ND",85067.0,14.08860549850944,9883.0,1.6368002649884068,35892.0,5.9443524345809875,13733.0,2.2744286187479297,16.0,0.002649884067572044,25543.0,4.230374296124545
"San Luis Obispo, CA",80891.0,15.320265151515152,8585.0,1.6259469696969697,32576.0,6.16969696969697,8596.0,1.628030303030303,36.0,0.006818181818181818,31098.0,5.889772727272727
"Mobile, AL",78930.0,14.127438696975121,9386.0,1.6799713620905674,29389.0,5.260247001968856,11384.0,2.0375872561303026,30.0,0.005369608018614641,28741.0,5.14426346876678
"Wilmington, NC",77779.0,11.310018903591683,4592.0,0.6677330231205467,23176.0,3.3700741602442927,13028.0,1.8944307110658718,91.0,0.013232514177693762,36892.0,5.364548494983278
"Kona, HI",75984.0,4.9072591061741155,2062.0,0.13316972358563678,32517.0,2.100038749677086,15768.0,1.0183415138207181,337.0,0.021764401963316974,25300.0,1.6339447171273573
"Bozeman, MT",74781.0,10.96817248459959,4481.0,0.6572308594895864,28422.0,4.168671164564389,10958.0,1.6072161924317983,15.0,0.0022000586682311527,30905.0,4.532854209445585
"Mission/McAllen/Edinburg, TX",74649.0,13.342091152815014,5306.0,0.9483467381590706,27068.0,4.8378909740840035,10991.0,1.9644325290437892,0.0,0.0,31284.0,5.59142091152815
"Green Bay, WI",73861.0,14.286460348162477,9911.0,1.9170212765957446,28879.0,5.585880077369439,11001.0,2.127852998065764,120.0,0.02321083172147002,23950.0,4.632495164410058
"Islip, NY",73597.0,13.234490199604387,1550.0,0.27872684768926453,23663.0,4.255169933465204,10171.0,1.8289875921596834,49.0,0.008811364862434813,38164.0,6.862794461427801
"Jackson, WY",71728.0,15.644056706652126,8911.0,1.9435114503816795,22046.0,4.808287895310796,11515.0,2.5114503816793894,0.0,0.0,29256.0,6.380806979280262
"Harrisburg, PA",71562.0,11.375298044825941,6503.0,1.0336989349864887,27556.0,4.380225719281513,12796.0,2.034016849467493,28.0,0.004450802734064537,24679.0,3.9229057383563823
"Panama City, FL",71343.0,10.835814094775213,5047.0,0.7665552855407047,28446.0,4.320473876063184,8680.0,1.3183475091130012,15.0,0.002278250303766707,29155.0,4.4281591737545565
"Amarillo, TX",70957.0,13.622000383950855,4980.0,0.9560376271837204,21732.0,4.172009982722211,9125.0,1.7517757727010943,81.0,0.015550009598771357,35039.0,6.726626991745056
"Rapid City, SD",69048.0,13.697282285260862,9146.0,1.8143225550486015,25456.0,5.049791707994445,10555.0,2.0938305891688156,110.0,0.021821067248561792,23781.0,4.717516365800436
"Corpus Christi, TX",68815.0,11.669492962523316,4428.0,0.7508902831948449,23921.0,4.056469391215873,9927.0,1.6833983381380362,73.0,0.0123791758521282,30466.0,5.166355774122435
"Lafayette, LA",68190.0,13.04073436603557,5875.0,1.1235417861923886,23619.0,4.516924842226047,11436.0,2.187033849684452,0.0,0.0,27260.0,5.213233887932683
"Lihue, HI",68051.0,4.838666097838453,2195.0,0.15607224118316268,32645.0,2.321174630261661,10089.0,0.7173634812286689,118.0,0.008390216154721275,23004.0,1.6356655290102389
"Charleston/Dunbar, WV",67458.0,14.98400710795202,6981.0,1.5506441581519326,20718.0,4.601954686805864,7293.0,1.61994669035984,48.0,0.010661928031985785,32418.0,7.200799644602399
"Eugene, OR",63781.0,12.21624209921471,4240.0,0.8121049607354913,22935.0,4.392836621336909,7563.0,1.4485730702930473,140.0,0.02681478643937943,28903.0,5.535912660409883
"Moline, IL",62916.0,13.02069536423841,6350.0,1.3141556291390728,20885.0,4.322226821192053,8473.0,1.7535182119205297,0.0,0.0,27208.0,5.630794701986755
"Gulfport/Biloxi, MS",62861.0,13.752133012469919,10592.0,2.317217239116167,19982.0,4.371472325530519,8475.0,1.8540800700065632,87.0,0.01903303434697003,23725.0,5.1903303434697
"Tallahassee, FL",62701.0,9.536273764258555,4464.0,0.67893536121673,19583.0,2.978403041825095,9069.0,1.3793155893536122,81.0,0.012319391634980989,29504.0,4.487300380228137
"Monterey, CA",61888.0,14.395906024656897,1381.0,0.32123749709234706,27612.0,6.422889043963712,5718.0,1.3300767620376832,53.0,0.012328448476389859,27124.0,6.309374273086765
"Duluth, MN",61326.0,18.154529307282417,22461.0,6.649200710479573,16045.0,4.749851983422143,4600.0,1.3617525162818236,187.0,0.05535820011841326,18033.0,5.338365896980462
"Peoria, IL",60987.0,13.023062139654067,6280.0,1.3410207132180227,21823.0,4.660046978432629,8789.0,1.876788383514841,55.0,0.01174460815716421,24040.0,5.133461456331411
"Bismarck/Mandan, ND",59077.0,13.887400094029148,9269.0,2.1788904560413727,22280.0,5.237423601316408,6961.0,1.6363422661024918,62.0,0.01457451810061119,20505.0,4.820169252468265
"Traverse City, MI",58941.0,13.602815601200092,4700.0,1.0846988229863836,24899.0,5.746365105008078,7783.0,1.7962150934687284,57.0,0.013154858066005077,21502.0,4.962381721670898
"Allentown/Bethlehem/Easton, PA",58242.0,11.620510774142058,5585.0,1.1143256185155626,22482.0,4.485634477254589,8038.0,1.6037509976057462,50.0,0.009976057462090982,22087.0,4.40682362330407
"Medford, OR",58240.0,14.323659616330547,2619.0,0.6441219872110182,21235.0,5.222577471716675,5073.0,1.2476635514018692,0.0,0.0,29313.0,7.209296606000984
"Bangor, ME",57833.0,15.324059353471117,2736.0,0.724960254372019,19769.0,5.238208797032327,9024.0,2.3910969793322736,25.0,0.006624271330153683,26279.0,6.963169051404345
"Appleton, WI",56331.0,12.99446366782007,8300.0,1.9146482122260668,22813.0,5.262514417531719,8173.0,1.8853517877739332,28.0,0.006459054209919262,17017.0,3.925490196078431
"Bend/Redmond, OR",55938.0,14.01954887218045,3403.0,0.8528822055137845,23244.0,5.825563909774436,5512.0,1.381453634085213,157.0,0.0393483709273183,23622.0,5.920300751879699
"Eagle, CO",52400.0,22.402736212056436,9343.0,3.9944420692603675,17653.0,7.547242411286875,11440.0,4.890979050876443,0.0,0.0,13964.0,5.970072680632749
"Gainesville, FL",51849.0,9.96712802768166,4015.0,0.7718185313341023,18427.0,3.5422914263744714,7932.0,1.52479815455594,26.0,0.004998077662437524,21449.0,4.12322183775471
"Durango, CO",51540.0,15.897594077729796,3510.0,1.08266502159161,16756.0,5.16841455891425,5898.0,1.8192473781616285,21.0,0.006477483035163479,25355.0,7.820789636027143
"Billings, MT",51279.0,12.60855667568232,6719.0,1.6520776985492993,21026.0,5.169904106220802,6188.0,1.5215146299483648,90.0,0.022129333661175313,17256.0,4.24293090730268
"Trenton, NJ",50958.0,16.91271158313973,408.0,0.13541320942582144,10779.0,3.5774975107865914,8498.0,2.8204447394623298,0.0,0.0,31273.0,10.379356123464985
"Lansing, MI",49420.0,15.034986309704898,3762.0,1.1445086705202312,23432.0,7.128688773958016,5464.0,1.6623060541527228,57.0,0.017341040462427744,16705.0,5.0821417706115
"Augusta, GA",47590.0,9.981124161073826,5821.0,1.2208473154362416,15182.0,3.1841442953020134,7100.0,1.4890939597315436,134.0,0.028104026845637585,19353.0,4.058934563758389
"Montgomery, AL",47078.0,12.651975275463585,7075.0,1.901370599301263,16711.0,4.490997043805429,4596.0,1.2351518409029831,34.0,0.009137328675087342,18662.0,5.015318462778823
"Evansville, IN",47006.0,11.658234126984127,5671.0,1.4064980158730158,16062.0,3.9836309523809526,5979.0,1.4828869047619047,0.0,0.0,19294.0,4.785218253968254
"Harlingen/San Benito, TX",46041.0,10.26326348640214,3749.0,0.835711101203745,19213.0,4.282880071333036,5952.0,1.3267944716897013,75.0,0.01671868033883192,17052.0,3.801159161836826
"Aguadilla, PR",45532.0,19.75357917570499,1050.0,0.455531453362256,15607.0,6.770932754880694,7637.0,3.313232104121475,143.0,0.062039045553145336,21095.0,9.15184381778742
"Rochester, MN",45410.0,13.124277456647398,6541.0,1.8904624277456648,15030.0,4.34393063583815,8384.0,2.423121387283237,36.0,0.010404624277456647,15419.0,4.45635838150289
"Arcata/Eureka, CA",44551.0,22.10967741935484,5420.0,2.6898263027295286,18034.0,8.949875930521092,2809.0,1.394044665012407,0.0,0.0,18288.0,9.075930521091811
"Hilton Head, SC",44461.0,19.910882221227048,8198.0,3.671294223018361,13611.0,6.095387371249441,4427.0,1.9825347066726378,64.0,0.028660994178235557,18161.0,8.133004926108374
"Bloomington/Normal, IL",42864.0,13.921403052939265,3266.0,1.060734004546931,14190.0,4.608639168561221,5079.0,1.6495615459564794,0.0,0.0,20329.0,6.602468333874635
"Scranton/Wilkes-Barre, PA",41899.0,11.700363027087405,4699.0,1.3122032951689473,13801.0,3.853951410220609,5835.0,1.6294331192404357,116.0,0.032393186260821,17448.0,4.872382016196593
"Pasco/Kennewick/Richland, WA",41543.0,13.852284094698232,4429.0,1.4768256085361788,17915.0,5.9736578859619875,3365.0,1.1220406802267422,17.0,0.0056685561853951315,15817.0,5.274091363787929
"Champaign/Urbana, IL",41433.0,14.272476748191526,4551.0,1.5676885980020667,10751.0,3.7034102652428524,7454.0,2.567688598002067,39.0,0.013434378229417844,18638.0,6.420254908715123
"Key West, FL",41419.0,7.2907938743179015,5328.0,0.9378630522795283,12655.0,2.22760077451153,12314.0,2.1675761309628587,15.0,0.002640380214750924,11107.0,1.9551135363492342
"Charlotte Amalie, VI",40952.0,10.911803890221156,797.0,0.21236344257926992,17271.0,4.601918465227818,7195.0,1.917132960298428,10.0,0.002664535038635758,15679.0,4.177724487077005
"Fayetteville, NC",40919.0,11.053214478660184,4980.0,1.3452188006482981,11932.0,3.2231226364127497,4375.0,1.1817936250675312,133.0,0.035926526202052944,19499.0,5.267152890329552
"Saginaw/Bay City/Midland, MI",39765.0,15.490845344760421,6976.0,2.7175691468640437,16941.0,6.599532528243086,3053.0,1.189326061550448,0.0,0.0,12795.0,4.984417608102844
"Flint, MI",39500.0,11.32454128440367,1879.0,0.538704128440367,15961.0,4.575974770642202,6005.0,1.7216169724770642,29.0,0.008314220183486239,15626.0,4.47993119266055
"Atlantic City, NJ",39149.0,12.575971731448764,1635.0,0.5252168326373273,5875.0,1.8872470285897849,16008.0,5.142306456794089,146.0,0.04690009637006103,15485.0,4.974301317057501
"Missoula, MT",39101.0,11.114553723706651,6673.0,1.89681637293917,14539.0,4.132745878339966,5513.0,1.5670835702103467,0.0,0.0,12376.0,3.5179079022171686
"Marquette, MI",38893.0,27.544617563739376,15812.0,11.19830028328612,7899.0,5.5941926345609065,2338.0,1.6558073654390935,22.0,0.015580736543909348,12822.0,9.080736543909348
"Bakersfield, CA",38847.0,15.72753036437247,704.0,0.28502024291497974,17887.0,7.2417004048583,3359.0,1.359919028340081,185.0,0.07489878542510121,16712.0,6.765991902834008
"Columbia, MO",38277.0,16.150632911392407,2326.0,0.9814345991561182,14095.0,5.947257383966245,6077.0,2.5641350210970466,6.0,0.002531645569620253,15773.0,6.655274261603376
"Monroe, LA",35865.0,12.20313031643416,3376.0,1.1486900306226608,12980.0,4.416468186457979,5091.0,1.732221844164682,21.0,0.007145287512759442,14397.0,4.89860496767608
"Santa Rosa, CA",35843.0,13.124496521420726,1255.0,0.4595386305382644,20152.0,7.378982057854266,5033.0,1.842914683266203,0.0,0.0,9403.0,3.443061149761992
"Alexandria, LA",35116.0,10.732273838630807,2939.0,0.8982273838630807,12753.0,3.897616136919315,6511.0,1.989914425427873,0.0,0.0,12913.0,3.9465158924205377
"Killeen, TX",34743.0,10.230565371024735,2780.0,0.8186101295641932,12269.0,3.6127797408716136,7323.0,2.1563604240282683,0.0,0.0,12371.0,3.6428150765606597
"Grand Junction, CO",34088.0,8.41056007895386,3211.0,0.7922526523562793,13519.0,3.335553910683444,5639.0,1.391315075252899,7.0,0.0017271157167530224,11712.0,2.8897113249444857
"Mosinee, WI",33868.0,12.996162701458173,8587.0,3.295088257866462,9010.0,3.457405986185725,5010.0,1.9224865694551037,18.0,0.006907137375287797,11243.0,4.314274750575595
"Newburgh/Poughkeepsie, NY",32903.0,18.769537934968625,3164.0,1.804905875641757,17686.0,10.088990302338848,2847.0,1.6240730176839704,92.0,0.052481460353679406,9114.0,5.199087278950371
"Jacksonville/Camp Lejeune, NC",32371.0,11.283025444405716,2826.0,0.9850121993726036,9775.0,3.4071104914604393,4154.0,1.4478912513070756,37.0,0.012896479609620077,15579.0,5.430115022655977
"Roanoke, VA",32286.0,11.179362880886426,2379.0,0.8237534626038782,12709.0,4.400623268698061,4457.0,1.5432825484764543,37.0,0.012811634349030472,12704.0,4.3988919667590025
"Plattsburgh, NY",32279.0,23.73455882352941,2055.0,1.5110294117647058,16993.0,12.49485294117647,3670.0,2.698529411764706,0.0,0.0,9561.0,7.0301470588235295
"Laredo, TX",31487.0,11.775243081525804,1360.0,0.5086013462976814,14632.0,5.4719521316379955,5071.0,1.8964098728496634,0.0,0.0,10424.0,3.8982797307404637
"Lincoln, NE",31253.0,14.12884267631103,2903.0,1.312386980108499,11234.0,5.078661844484629,4770.0,2.1564195298372515,52.0,0.023508137432188065,12294.0,5.557866184448463
"Springfield, IL",30603.0,17.020578420467185,2375.0,1.3209121245828699,12555.0,6.982758620689655,4383.0,2.4377085650723025,40.0,0.02224694104560623,11250.0,6.256952169076752
"Bristol/Johnson City/Kingsport, TN",30282.0,10.24771573604061,4219.0,1.4277495769881556,11318.0,3.830118443316413,2534.0,0.8575296108291032,27.0,0.009137055837563452,12184.0,4.123181049069374
"Brownsville, TX",29277.0,10.811299852289512,2785.0,1.0284342688330872,10332.0,3.8153618906942395,4879.0,1.801698670605613,0.0,0.0,11281.0,4.165805022156573
"Fairbanks, AK",28943.0,6.126799322607959,1492.0,0.31583403895004236,11610.0,2.4576629974597797,5601.0,1.1856477561388654,32.0,0.006773920406435224,10208.0,2.160880609652837
"State College, PA",28891.0,16.050555555555555,4158.0,2.31,10485.0,5.825,3394.0,1.8855555555555557,0.0,0.0,10854.0,6.03
"New Bern/Morehead/Beaufort, NC",28352.0,12.018651971174226,2628.0,1.1140313692242476,8811.0,3.73505722763883,3860.0,1.636286562102586,0.0,0.0,13053.0,5.533276812208563
"Hays, KS",28083.0,22.4484412470024,1127.0,0.9008792965627498,15121.0,12.087130295763389,2654.0,2.1215027977617904,15.0,0.011990407673860911,9166.0,7.3269384492406076
"Juneau, AK",27994.0,6.200221483942414,1182.0,0.26179401993355483,11436.0,2.532890365448505,4599.0,1.0186046511627906,155.0,0.03433001107419712,10622.0,2.3526024363233664
"Minot, ND",27424.0,11.99650043744532,3458.0,1.5126859142607174,12485.0,5.461504811898513,3477.0,1.520997375328084,45.0,0.01968503937007874,7959.0,3.4816272965879267
"La Crosse, WI",27309.0,12.418826739427013,3016.0,1.3715325147794453,10182.0,4.6302864938608455,4618.0,2.100045475216007,61.0,0.02773988176443838,9432.0,4.289222373806275
"Daytona Beach, FL",27272.0,8.2392749244713,1917.0,0.5791540785498489,9392.0,2.837462235649547,3786.0,1.1438066465256798,54.0,0.016314199395770394,12123.0,3.662537764350453
"Paducah, KY",26554.0,20.489197530864196,839.0,0.6473765432098766,13484.0,10.404320987654321,2074.0,1.6003086419753085,0.0,0.0,10157.0,7.8371913580246915
"Newport News/Williamsburg, VA",26411.0,10.51393312101911,1873.0,0.7456210191082803,7046.0,2.804936305732484,4199.0,1.671576433121019,7.0,0.002786624203821656,13286.0,5.289012738853503
"St. George, UT",26190.0,10.069204152249135,667.0,0.2564398308342945,11398.0,4.382160707420223,4117.0,1.5828527489427144,35.0,0.013456362937331795,9973.0,3.834294502114571
"Fort Smith, AR",26128.0,12.068360277136259,2757.0,1.2734411085450346,6874.0,3.175057736720554,2455.0,1.1339491916859123,0.0,0.0,14042.0,6.485912240184757
"Kalamazoo, MI",26017.0,11.609549308344489,2626.0,1.1717983043284248,8676.0,3.8714859437751006,4846.0,2.1624274877286926,0.0,0.0,9869.0,4.403837572512272
"College Station/Bryan, TX",25607.0,11.30052956751986,1307.0,0.5767872903795234,11735.0,5.178729037952339,4236.0,1.8693733451015004,0.0,0.0,8329.0,3.675639894086496
"Manhattan/Ft. Riley, KS",25514.0,12.86636409480585,1782.0,0.8986384266263238,8144.0,4.10690872415532,6278.0,3.165910237014624,0.0,0.0,9310.0,4.694906707009581
"Nantucket, MA",24875.0,20.815899581589957,3990.0,3.3389121338912133,8679.0,7.262761506276151,2124.0,1.7774058577405858,0.0,0.0,10082.0,8.436820083682008
"Redding, CA",24668.0,17.734004313443567,825.0,0.5930984902947519,11872.0,8.534867002156721,1929.0,1.3867721063982745,0.0,0.0,10042.0,7.219266714593817
"Meridian, MS",24636.0,25.241803278688526,1117.0,1.1444672131147542,11584.0,11.868852459016393,3008.0,3.081967213114754,7.0,0.007172131147540984,8920.0,9.139344262295081
"Kalispell, MT",24533.0,8.070065789473684,1932.0,0.6355263157894737,8881.0,2.9213815789473685,4057.0,1.3345394736842104,25.0,0.008223684210526315,9638.0,3.170394736842105
"Worcester, MA",24399.0,19.676612903225806,1231.0,0.992741935483871,12344.0,9.95483870967742,2490.0,2.0080645161290325,155.0,0.125,8179.0,6.595967741935484
"Grand Forks, ND",23810.0,11.268338854708945,6974.0,3.3005205868433505,5977.0,2.828679602460956,3403.0,1.6105063890203501,100.0,0.047326076668244205,7356.0,3.4813061997160437
"Jamestown, ND",22828.0,23.058585858585857,4451.0,4.495959595959596,11290.0,11.404040404040405,1940.0,1.9595959595959596,0.0,0.0,5147.0,5.198989898989899
"Salina, KS",22823.0,24.305644302449416,836.0,0.8903088391906283,10680.0,11.373801916932907,1948.0,2.0745473908413206,0.0,0.0,9359.0,9.966986155484559
"Toledo, OH",22798.0,10.887297039159503,3219.0,1.5372492836676217,5502.0,2.627507163323782,3236.0,1.545367717287488,0.0,0.0,10841.0,5.177172874880611
"Lake Charles, LA",22638.0,11.456477732793521,3383.0,1.7120445344129556,7496.0,3.7935222672064777,4727.0,2.3922064777327936,16.0,0.008097165991902834,7016.0,3.5506072874493926
"Montrose/Delta, CO",22598.0,12.288200108754758,1379.0,0.7498640565524741,7717.0,4.196302338227297,4049.0,2.201740076128331,0.0,0.0,9453.0,5.140293637846656
"Abilene, TX",21369.0,9.40536971830986,1306.0,0.5748239436619719,6048.0,2.6619718309859155,4945.0,2.1764964788732395,17.0,0.007482394366197183,9053.0,3.984595070422535
"Santa Fe, NM",20973.0,11.664627363737486,561.0,0.3120133481646274,8670.0,4.82202447163515,3364.0,1.8709677419354838,0.0,0.0,8378.0,4.659621802002225
"Melbourne, FL",20835.0,7.96140619029423,1246.0,0.4761176920137562,7228.0,2.761941153993122,3910.0,1.4940771876194114,45.0,0.01719526175009553,8406.0,3.212074894917845
"Yuma, AZ",20736.0,10.8,293.0,0.15260416666666668,9543.0,4.9703125,1972.0,1.0270833333333333,0.0,0.0,8928.0,4.65
"Staunton, VA",20490.0,28.940677966101696,241.0,0.3403954802259887,8785.0,12.408192090395481,1149.0,1.6228813559322033,0.0,0.0,10315.0,14.569209039548022
"Ponce, PR",20371.0,24.66222760290557,231.0,0.2796610169491525,8632.0,10.450363196125908,1970.0,2.3849878934624695,17.0,0.020581113801452784,9521.0,11.526634382566586
"Cape Girardeau, MO",20200.0,21.12970711297071,1729.0,1.8085774058577406,7885.0,8.247907949790795,1309.0,1.3692468619246863,0.0,0.0,9277.0,9.70397489539749
"Flagstaff, AZ",20166.0,10.118414450577019,312.0,0.15654791771199197,9814.0,4.924234821876568,1943.0,0.9749121926743602,2.0,0.0010035122930255895,8095.0,4.061716006021074
"Clarksburg/Fairmont, WV",19572.0,22.891228070175437,1197.0,1.4,8285.0,9.690058479532164,1899.0,2.221052631578947,0.0,0.0,8191.0,9.580116959064327
"CONCORD, NC",18538.0,13.521517140773158,1869.0,1.363238512035011,5757.0,4.199124726477024,3198.0,2.3326039387308533,31.0,0.02261123267687819,7683.0,5.6039387308533914
"Erie, PA",17455.0,14.61892797319933,2903.0,2.4313232830820772,6828.0,5.71859296482412,1335.0,1.1180904522613064,1.0,8.375209380234506E-4,6388.0,5.350083752093802
"Pellston, MI",17178.0,15.817679558011049,7001.0,6.44659300184162,6045.0,5.566298342541437,1203.0,1.1077348066298343,180.0,0.16574585635359115,2749.0,2.5313075506445673
"Devils Lake, ND",17013.0,27.264423076923077,1133.0,1.8157051282051282,9564.0,15.326923076923077,715.0,1.1458333333333333,0.0,0.0,5601.0,8.975961538461538
"Hattiesburg/Laurel, MS",16749.0,23.623413258110013,456.0,0.6431593794076164,5834.0,8.228490832157968,984.0,1.38787023977433,0.0,0.0,9475.0,13.3638928067701
"Hancock/Houghton, MI",16436.0,22.576923076923077,3079.0,4.229395604395604,5860.0,8.04945054945055,2163.0,2.9711538461538463,0.0,0.0,5334.0,7.326923076923077
"Joplin, MO",16305.0,11.755587599134824,1168.0,0.8421052631578947,5669.0,4.087238644556597,3120.0,2.2494592645998557,59.0,0.04253785147801009,6289.0,4.534246575342466
"Ketchikan, AK",16227.0,6.809483843894251,969.0,0.40663029794376837,5304.0,2.225765841376416,2617.0,1.09819555182543,36.0,0.015107007973143098,7301.0,3.063785144775493
"Muskegon, MI",16173.0,22.246217331499313,1215.0,1.6712517193947731,8146.0,11.204951856946355,1289.0,1.7730398899587345,0.0,0.0,5523.0,7.59697386519945
"Latrobe, PA",16108.0,14.394995531724755,1588.0,1.419124218051832,3778.0,3.376228775692583,5021.0,4.4870420017873105,0.0,0.0,5721.0,5.112600536193029
"Laramie, WY",15878.0,25.364217252396166,2507.0,4.00479233226837,9383.0,14.988817891373802,903.0,1.4424920127795526,0.0,0.0,3085.0,4.9281150159744405
"Everett, WA",15718.0,9.666666666666666,180.0,0.11070110701107011,5288.0,3.252152521525215,2447.0,1.504920049200492,0.0,0.0,7803.0,4.7988929889298895
"Ogdensburg, NY",15519.0,29.2811320754717,590.0,1.1132075471698113,8660.0,16.339622641509433,1997.0,3.767924528301887,19.0,0.035849056603773584,4253.0,8.024528301886793
"Waco, TX",15322.0,8.516953863257365,1214.0,0.6748193440800445,4890.0,2.718176764869372,2008.0,1.1161756531406337,0.0,0.0,7210.0,4.007782101167315
"Quincy, IL",15299.0,24.207278481012658,781.0,1.235759493670886,7269.0,11.501582278481013,1206.0,1.9082278481012658,0.0,0.0,6043.0,9.561708860759493
"Hayden, CO",15215.0,14.035977859778598,785.0,0.724169741697417,5520.0,5.092250922509225,3860.0,3.5608856088560885,0.0,0.0,5050.0,4.658671586715867
"Idaho Falls, ID",15036.0,7.092452830188679,1054.0,0.4971698113207547,8289.0,3.9099056603773583,1264.0,0.5962264150943396,53.0,0.025,4376.0,2.0641509433962266
"Sioux City, IA",14942.0,11.109293680297398,1177.0,0.875092936802974,2984.0,2.2185873605947957,3770.0,2.802973977695167,0.0,0.0,7011.0,5.212639405204461
"Eau Claire, WI",14554.0,19.99175824175824,1181.0,1.6222527472527473,5360.0,7.362637362637362,1421.0,1.9519230769230769,0.0,0.0,6592.0,9.054945054945055
"Dothan, AL",14485.0,10.534545454545455,1417.0,1.0305454545454547,4528.0,3.293090909090909,1575.0,1.1454545454545455,93.0,0.06763636363636363,6872.0,4.9978181818181815
"Ithaca/Cortland, NY",14206.0,14.22022022022022,2631.0,2.6336336336336337,5047.0,5.052052052052052,1013.0,1.014014014014014,0.0,0.0,5515.0,5.52052052052052
"Binghamton, NY",14150.0,14.77035490605428,3001.0,3.1325678496868474,5793.0,6.046972860125261,686.0,0.7160751565762005,80.0,0.08350730688935282,4590.0,4.791231732776618
"Dubuque, IA",14087.0,13.428979980934223,1379.0,1.3145853193517636,2853.0,2.719733079122974,3052.0,2.909437559580553,0.0,0.0,6803.0,6.485224022878932
"San Angelo, TX",14057.0,7.473152578415736,1195.0,0.6353003721424774,3721.0,1.9782030834662414,3244.0,1.7246145667198298,7.0,0.003721424774056353,5890.0,3.1313131313131315
"Roswell, NM",13932.0,10.066473988439306,344.0,0.24855491329479767,7755.0,5.603323699421965,1579.0,1.1408959537572254,0.0,0.0,4254.0,3.0736994219653178
"Bellingham, WA",13635.0,7.4103260869565215,608.0,0.33043478260869563,5476.0,2.976086956521739,2650.0,1.440217391304348,0.0,0.0,4901.0,2.663586956521739
"Pueblo, CO",13576.0,14.473347547974413,237.0,0.2526652452025586,6978.0,7.439232409381663,2325.0,2.478678038379531,0.0,0.0,4036.0,4.302771855010661
"Hilo, HI",13543.0,2.2147179067865905,563.0,0.09206868356500408,6707.0,1.0968111201962387,750.0,0.12264922322158626,52.0,0.008503679476696648,5471.0,0.8946852003270646
"Great Falls, MT",13538.0,7.529477196885428,3056.0,1.6996662958843158,5443.0,3.0272525027808674,1363.0,0.7580645161290323,0.0,0.0,3676.0,2.0444938820912126
"Lewisburg, WV",13271.0,19.956390977443608,1486.0,2.2345864661654136,4661.0,7.009022556390978,1566.0,2.354887218045113,0.0,0.0,5558.0,8.357894736842105
"Tyler, TX",12932.0,8.247448979591837,2407.0,1.535076530612245,3349.0,2.135841836734694,1699.0,1.083545918367347,0.0,0.0,5477.0,3.492984693877551
"Columbus, GA",12825.0,10.066718995290424,593.0,0.4654631083202512,5947.0,4.667974882260596,2025.0,1.5894819466248038,0.0,0.0,4260.0,3.3437990580847723
"Belleville, IL",12754.0,12.565517241379311,1442.0,1.4206896551724137,6132.0,6.041379310344827,1603.0,1.5793103448275863,8.0,0.007881773399014778,3569.0,3.516256157635468
"Brunswick, GA",12508.0,12.06171648987464,2732.0,2.6345226615236257,3657.0,3.526518804243009,1411.0,1.360655737704918,0.0,0.0,4708.0,4.540019286403086
"North Platte, NE",12338.0,19.70926517571885,856.0,1.3674121405750799,7338.0,11.722044728434504,1171.0,1.8706070287539935,0.0,0.0,2973.0,4.7492012779552715
"Hobbs, NM",12320.0,16.470588235294116,341.0,0.45588235294117646,5397.0,7.21524064171123,2028.0,2.7112299465240643,0.0,0.0,4554.0,6.088235294117647
"Lawton/Fort Sill, OK",12120.0,9.085457271364318,1404.0,1.0524737631184409,4076.0,3.055472263868066,2060.0,1.5442278860569716,0.0,0.0,4580.0,3.4332833583208395
"Columbus, MS",12004.0,10.138513513513514,1336.0,1.1283783783783783,4026.0,3.4003378378378377,1043.0,0.8809121621621622,0.0,0.0,5599.0,4.728885135135135
"Scottsbluff, NE",11948.0,19.08626198083067,1032.0,1.648562300319489,6995.0,11.1741214057508,1100.0,1.7571884984025559,0.0,0.0,2821.0,4.506389776357827
"Pierre, SD",11837.0,17.96206373292868,1272.0,1.930197268588771,5891.0,8.939301972685888,1251.0,1.8983308042488618,0.0,0.0,3423.0,5.194233687405159
"Kearney, NE",11718.0,17.106569343065694,957.0,1.397080291970803,6227.0,9.09051094890511,1216.0,1.775182481751825,0.0,0.0,3318.0,4.843795620437956
"New Haven, CT",11574.0,10.696857670979668,473.0,0.43715341959334564,2619.0,2.4205175600739373,1877.0,1.734750462107209,21.0,0.019408502772643253,6584.0,6.085027726432532
"Rock Springs, WY",11512.0,15.662585034013606,1903.0,2.589115646258503,3627.0,4.9346938775510205,1024.0,1.3931972789115645,94.0,0.12789115646258503,4864.0,6.617687074829932
"Albany, GA",11477.0,11.419900497512439,1284.0,1.2776119402985076,5222.0,5.196019900497513,799.0,0.7950248756218905,14.0,0.013930348258706468,4158.0,4.137313432835821
"Rhinelander, WI",11227.0,13.929280397022332,3263.0,4.048387096774194,4620.0,5.732009925558312,924.0,1.1464019851116625,0.0,0.0,2420.0,3.002481389578164
"Mammoth Lakes, CA",11091.0,19.526408450704224,457.0,0.8045774647887324,5571.0,9.808098591549296,1007.0,1.772887323943662,0.0,0.0,4056.0,7.140845070422535
"Aberdeen, SD",11001.0,14.648468708388815,1905.0,2.536617842876165,4792.0,6.380825565912117,873.0,1.162450066577896,0.0,0.0,3431.0,4.568575233022637
"Stockton, CA",10878.0,10.520309477756287,2068.0,2.0,3519.0,3.4032882011605414,1605.0,1.5522243713733075,0.0,0.0,3686.0,3.5647969052224373
"Sault Ste. Marie, MI",10456.0,15.444608567208272,3241.0,4.787296898079764,3554.0,5.249630723781388,668.0,0.9867060561299852,1047.0,1.5465288035450517,1946.0,2.8744460856720826
"Gillette, WY",10282.0,13.301423027166882,314.0,0.40620957309184996,4706.0,6.087968952134541,1309.0,1.6934023285899094,0.0,0.0,3953.0,5.113842173350582
"Brainerd, MN",10081.0,15.85062893081761,5452.0,8.572327044025156,2753.0,4.328616352201258,447.0,0.7028301886792453,0.0,0.0,1429.0,2.24685534591195
"Twin Falls, ID",10027.0,9.641346153846154,2652.0,2.55,5535.0,5.322115384615385,323.0,0.3105769230769231,0.0,0.0,1517.0,1.458653846153846
"Waterloo, IA",9975.0,14.25,933.0,1.332857142857143,2504.0,3.577142857142857,2487.0,3.552857142857143,0.0,0.0,4051.0,5.787142857142857
"Prescott, AZ",9743.0,13.219810040705562,206.0,0.27951153324287653,3613.0,4.902306648575305,1130.0,1.5332428765264585,0.0,0.0,4794.0,6.504748982360923
"Beaumont/Port Arthur, TX",9714.0,9.704295704295705,1833.0,1.8311688311688312,2365.0,2.3626373626373627,1777.0,1.7752247752247752,0.0,0.0,3739.0,3.7352647352647352
"Escanaba, MI",9649.0,15.41373801916933,3260.0,5.207667731629393,2909.0,4.646964856230032,591.0,0.9440894568690096,0.0,0.0,2889.0,4.615015974440895
"Sun Valley/Hailey/Ketchum, ID",9529.0,6.065563335455124,1249.0,0.7950350095480586,3574.0,2.2749840865690643,1804.0,1.1483131763208148,17.0,0.010821133036282623,2885.0,1.8364099299809038
"Grand Island, NE",9426.0,8.253940455341507,1331.0,1.1654991243432575,3277.0,2.869527145359019,1838.0,1.6094570928196148,47.0,0.04115586690017513,2933.0,2.5683012259194395
"Moab, UT",9222.0,14.802568218298555,784.0,1.2584269662921348,4372.0,7.017656500802568,967.0,1.552166934189406,0.0,0.0,3099.0,4.974317817014446
"Texarkana, AR",9090.0,7.318840579710145,873.0,0.7028985507246377,2391.0,1.9251207729468598,1323.0,1.065217391304348,0.0,0.0,4503.0,3.6256038647342996
"Alpena, MI",9028.0,14.375796178343949,3050.0,4.856687898089172,2309.0,3.676751592356688,993.0,1.5812101910828025,0.0,0.0,2676.0,4.261146496815287
"Williston, ND",8808.0,10.460807600950119,1325.0,1.5736342042755345,3720.0,4.418052256532066,1101.0,1.3076009501187649,15.0,0.017814726840855107,2647.0,3.143705463182898
"Liberal, KS",8749.0,13.9984,387.0,0.6192,3416.0,5.4656,898.0,1.4368,0.0,0.0,4048.0,6.4768
"Sitka, AK",8528.0,6.335809806835067,605.0,0.44947994056463597,2591.0,1.924962852897474,1199.0,0.8907875185735513,0.0,0.0,4133.0,3.070579494799406
"Wichita Falls, TX",8502.0,6.763723150357995,799.0,0.6356404136833731,2156.0,1.715194908512331,1322.0,1.0517104216388227,0.0,0.0,4225.0,3.3611774065234687
"Ashland, WV",8490.0,11.95774647887324,1576.0,2.219718309859155,2957.0,4.164788732394366,929.0,1.3084507042253521,2.0,0.0028169014084507044,3026.0,4.261971830985916
"Valdosta, GA",8045.0,7.7729468599033815,1599.0,1.5449275362318842,3398.0,3.2830917874396137,842.0,0.8135265700483092,0.0,0.0,2206.0,2.1314009661835747
"Lynchburg, VA",7950.0,8.679039301310043,677.0,0.7390829694323144,2612.0,2.851528384279476,491.0,0.5360262008733624,0.0,0.0,4170.0,4.5524017467248905
"Vernal, UT",7818.0,12.4688995215311,335.0,0.5342902711323764,2615.0,4.170653907496013,700.0,1.1164274322169059,0.0,0.0,4168.0,6.647527910685805
"Provo, UT",7795.0,10.678082191780822,243.0,0.33287671232876714,3510.0,4.808219178082192,885.0,1.2123287671232876,33.0,0.045205479452054796,3124.0,4.279452054794521
"Helena, MT",7779.0,5.766493699036324,2417.0,1.7916975537435138,2130.0,1.5789473684210527,589.0,0.43661971830985913,0.0,0.0,2643.0,1.9592290585618977
"Christiansted, VI",7779.0,8.701342281879194,678.0,0.7583892617449665,3938.0,4.4049217002237135,1521.0,1.7013422818791946,131.0,0.1465324384787472,1511.0,1.6901565995525727
"North Bend/Coos Bay, OR",7679.0,20.049608355091383,148.0,0.38642297650130547,3277.0,8.556135770234986,693.0,1.8093994778067886,6.0,0.015665796344647518,3555.0,9.281984334203655
"Bemidji, MN",7360.0,9.919137466307278,2427.0,3.27088948787062,2609.0,3.5161725067385445,676.0,0.9110512129380054,0.0,0.0,1648.0,2.221024258760108
"Casper, WY",7333.0,6.963912630579297,979.0,0.929724596391263,3654.0,3.47008547008547,853.0,0.8100664767331434,0.0,0.0,1847.0,1.7540360873694207
"Cheyenne, WY",7235.0,14.048543689320388,465.0,0.9029126213592233,4422.0,8.586407766990291,389.0,0.7553398058252427,0.0,0.0,1959.0,3.803883495145631
"Watertown, SD",7211.0,13.814176245210728,1463.0,2.8026819923371646,2718.0,5.206896551724138,819.0,1.5689655172413792,0.0,0.0,2211.0,4.235632183908046
"Cody, WY",7008.0,15.53880266075388,384.0,0.8514412416851441,3955.0,8.76940133037694,529.0,1.1729490022172948,0.0,0.0,2140.0,4.745011086474501
"Wrangell, AK",6863.0,9.4792817679558,373.0,0.5151933701657458,1324.0,1.828729281767956,1398.0,1.930939226519337,27.0,0.03729281767955801,3741.0,5.167127071823204
"Pocatello, ID",6811.0,6.248623853211009,1672.0,1.5339449541284405,3143.0,2.88348623853211,409.0,0.37522935779816513,0.0,0.0,1587.0,1.4559633027522936
"Stillwater, OK",6730.0,7.656427758816838,569.0,0.6473265073947668,2141.0,2.4357224118316267,1380.0,1.5699658703071673,0.0,0.0,2640.0,3.0034129692832763
"Iron Mountain/Kingsfd, MI",6725.0,9.918879056047198,1678.0,2.4749262536873156,2512.0,3.7050147492625367,484.0,0.7138643067846607,26.0,0.038348082595870206,2025.0,2.9867256637168142
"Guam, TT",6708.0,7.995232419547079,28.0,0.033373063170441,3801.0,4.530393325387366,584.0,0.6960667461263409,0.0,0.0,2295.0,2.735399284862932
"Petersburg, AK",6630.0,9.157458563535911,291.0,0.40193370165745856,1811.0,2.501381215469613,1043.0,1.4406077348066297,12.0,0.016574585635359115,3473.0,4.79696132596685
"Martha's Vineyard, MA",6402.0,11.597826086956522,391.0,0.7083333333333334,2469.0,4.4728260869565215,1017.0,1.8423913043478262,52.0,0.09420289855072464,2473.0,4.480072463768116
"Rockford, IL",6390.0,8.531375166889186,338.0,0.4512683578104139,3293.0,4.39652870493992,1205.0,1.6088117489986649,21.0,0.028037383177570093,1533.0,2.046728971962617
"Garden City, KS",6237.0,8.567307692307692,2031.0,2.7898351648351647,1215.0,1.668956043956044,1323.0,1.8173076923076923,0.0,0.0,1668.0,2.291208791208791
"Longview, TX",6013.0,6.4036208732694355,1247.0,1.3280085197018103,1372.0,1.4611288604898829,838.0,0.8924387646432375,0.0,0.0,2556.0,2.7220447284345046
"Gunnison, CO",5464.0,22.766666666666666,1147.0,4.779166666666667,2443.0,10.179166666666667,614.0,2.558333333333333,18.0,0.075,1242.0,5.175
"Cordova, AK",5413.0,7.497229916897507,205.0,0.2839335180055402,1891.0,2.619113573407202,954.0,1.3213296398891967,0.0,0.0,2363.0,3.272853185595568
"Niagara Falls, NY",5320.0,6.295857988165681,349.0,0.41301775147928993,2128.0,2.5183431952662723,1090.0,1.2899408284023668,76.0,0.08994082840236686,1677.0,1.9846153846153847
"Elko, NV",5272.0,7.798816568047338,2261.0,3.344674556213018,2262.0,3.3461538461538463,295.0,0.4363905325443787,0.0,0.0,454.0,0.6715976331360947
"Hibbing, MN",4904.0,7.833865814696486,2390.0,3.817891373801917,1011.0,1.6150159744408945,586.0,0.9361022364217252,16.0,0.025559105431309903,901.0,1.439297124600639
"Yakutat, AK",4896.0,6.781163434903047,121.0,0.16759002770083103,679.0,0.9404432132963989,930.0,1.2880886426592797,16.0,0.0221606648199446,3150.0,4.362880886426593
"Del Rio, TX",4872.0,6.738589211618257,259.0,0.3582295988934993,1147.0,1.586445366528354,1295.0,1.7911479944674966,0.0,0.0,2171.0,3.0027662517289073
"Deadhorse, AK",4736.0,4.793522267206478,373.0,0.3775303643724696,1610.0,1.6295546558704452,725.0,0.7338056680161943,0.0,0.0,2028.0,2.0526315789473686
"Elmira/Corning, NY",4631.0,7.679933665008292,374.0,0.6202321724709784,2228.0,3.6948590381426203,436.0,0.7230514096185738,49.0,0.0812603648424544,1544.0,2.560530679933665
"International Falls, MN",4607.0,7.109567901234568,763.0,1.1774691358024691,1958.0,3.021604938271605,714.0,1.1018518518518519,0.0,0.0,1172.0,1.808641975308642
"Cedar City, UT",4356.0,5.709043250327654,467.0,0.6120576671035387,2182.0,2.8597640891218874,849.0,1.1127129750982963,0.0,0.0,858.0,1.124508519003932
"Portsmouth, NH",4180.0,9.83529411764706,127.0,0.2988235294117647,2667.0,6.275294117647059,676.0,1.5905882352941176,0.0,0.0,710.0,1.6705882352941177
"Butte, MT",4116.0,6.079763663220088,2190.0,3.234859675036928,1126.0,1.6632200886262924,257.0,0.37961595273264404,0.0,0.0,543.0,0.8020679468242246
"Watertown, NY",3957.0,16.2172131147541,447.0,1.8319672131147542,1023.0,4.192622950819672,713.0,2.9221311475409837,15.0,0.06147540983606557,1759.0,7.209016393442623
"Lewiston, ID",3887.0,3.9183467741935485,1165.0,1.1743951612903225,1496.0,1.5080645161290323,400.0,0.4032258064516129,0.0,0.0,826.0,0.8326612903225806
"Bethel, AK",3762.0,4.548972188633615,1140.0,1.3784764207980653,1470.0,1.777509068923821,304.0,0.3675937122128174,0.0,0.0,848.0,1.0253929866989118
"Branson, MO",3603.0,15.597402597402597,0.0,0.0,755.0,3.2683982683982684,1244.0,5.3852813852813854,0.0,0.0,1604.0,6.9437229437229435
"Kotzebue, AK",3375.0,4.6875,291.0,0.4041666666666667,2062.0,2.863888888888889,518.0,0.7194444444444444,0.0,0.0,504.0,0.7
"Kodiak, AK",3152.0,4.917316692667707,399.0,0.6224648985959438,1412.0,2.202808112324493,455.0,0.7098283931357254,0.0,0.0,886.0,1.3822152886115444
"Hagerstown, MD",2786.0,15.224043715846994,749.0,4.092896174863388,1070.0,5.8469945355191255,265.0,1.4480874316939891,0.0,0.0,702.0,3.8360655737704916
"Nome, AK",2436.0,3.3739612188365653,149.0,0.20637119113573407,460.0,0.6371191135734072,507.0,0.7022160664819944,0.0,0.0,1320.0,1.8282548476454294
"Barrow, AK",2042.0,2.8049450549450547,100.0,0.13736263736263737,158.0,0.21703296703296704,345.0,0.4739010989010989,3.0,0.004120879120879121,1436.0,1.9725274725274726
"Saipan, TT",1938.0,4.097251585623678,79.0,0.16701902748414377,1232.0,2.604651162790698,183.0,0.386892177589852,0.0,0.0,444.0,0.9386892177589852
"Hyannis, MA",1483.0,17.867469879518072,0.0,0.0,817.0,9.843373493975903,13.0,0.1566265060240964,30.0,0.3614457831325301,623.0,7.506024096385542
"Owensboro, KY",1349.0,13.22549019607843,110.0,1.0784313725490196,579.0,5.676470588235294,229.0,2.2450980392156863,0.0,0.0,431.0,4.2254901960784315
"Pago Pago, TT",1164.0,9.7,0.0,0.0,899.0,7.491666666666666,0.0,0.0,239.0,1.9916666666666667,26.0,0.21666666666666667
"St. Cloud, MN",1148.0,8.441176470588236,42.0,0.3088235294117647,347.0,2.551470588235294,471.0,3.463235294117647,21.0,0.15441176470588236,267.0,1.963235294117647
"Santa Maria, CA",947.0,4.9067357512953365,178.0,0.9222797927461139,210.0,1.0880829015544042,356.0,1.8445595854922279,0.0,0.0,203.0,1.0518134715025906
"Ogden, UT",870.0,8.285714285714286,87.0,0.8285714285714286,303.0,2.8857142857142857,165.0,1.5714285714285714,0.0,0.0,315.0,3.0
"West Yellowstone, MT",680.0,2.5757575757575757,112.0,0.42424242424242425,391.0,1.481060606060606,64.0,0.24242424242424243,0.0,0.0,113.0,0.42803030303030304
"Adak Island, AK",602.0,5.788461538461538,0.0,0.0,395.0,3.798076923076923,30.0,0.28846153846153844,0.0,0.0,177.0,1.7019230769230769
"Gustavus, AK",482.0,5.878048780487805,0.0,0.0,333.0,4.060975609756097,12.0,0.14634146341463414,0.0,0.0,137.0,1.670731707317073
"Dillingham, AK",422.0,5.146341463414634,0.0,0.0,343.0,4.182926829268292,10.0,0.12195121951219512,0.0,0.0,69.0,0.8414634146341463
"Greenville, NC",365.0,4.5625,0.0,0.0,99.0,1.2375,54.0,0.675,0.0,0.0,212.0,2.65
"King Salmon, AK",32.0,0.5245901639344263,0.0,0.0,29.0,0.47540983606557374,3.0,0.04918032786885246,0.0,0.0,0.0,0.0
