DEST,SUM_OF_ALL_DELAYS,AVERAGE_OF_ALL_DELAYS,SUM_OF_WEATHER_DELAY,AVERAGE_OF_WEATHER_DELAY,SUM_OF_CARRIER_DELAY,AVERAGE_OF_CARRIER_DELAY,SUM_OF_NAS_DELAY,AVERAGE_OF_NAS_DELAY,SUM_OF_SECURITY_DELAY,AVERAGE_OF_SECURITY_DELAY,SUM_OF_LATE_AIRCRAFT_DELAY,AVERAGE_OF_LATE_AIRCRAFT_DELAY
ORD,624928.0,23.84129406378758,50857.0,1.940218220662292,122214.0,4.662520982755989,264862.0,10.10460857622463,136.0,0.0051884632992522505,186859.0,7.128757820845414
LGA,375578.0,27.055035297507565,17993.0,1.296138884886904,51444.0,3.7058060798155887,202205.0,14.565984728425299,133.0,0.009580752053018298,103803.0,7.477524852326754
SFO,340696.0,24.864691285943657,10785.0,0.7871113706028317,52614.0,3.83987739016202,195786.0,14.28886293971683,138.0,0.01007152240548825,81373.0,5.9387680630564885
EWR,287415.0,27.279328018223236,6208.0,0.5892179195140471,45210.0,4.291002277904328,175389.0,16.646640091116172,23.0,0.0021829916476841307,60585.0,5.750284738041002
DFW,267625.0,11.596542161365804,12829.0,0.5558973914550654,95120.0,4.12167432186498,54022.0,2.3408440939422825,354.0,0.015339284166738885,105300.0,4.5627870699367366
BOS,261305.0,22.863330125120306,15694.0,1.3731735059935253,55949.0,4.895353924227842,99284.0,8.687024236591128,157.0,0.013736984863067635,90221.0,7.894041473444746
ATL,248947.0,7.991621456775063,24253.0,0.778562485955507,86263.0,2.7691887900869956,55544.0,1.7830567237006838,225.0,0.007222882090462585,82662.0,2.6535905749414144
LAX,201331.0,11.199365856372031,10369.0,0.5767925682816932,58632.0,3.2615008065861937,51170.0,2.8464148634366135,423.0,0.023530066195694498,80737.0,4.491127551871836
DEN,196732.0,10.63531192561358,7325.0,0.3959887555411396,63044.0,3.4081522326738027,42296.0,2.286517461347173,106.0,0.005730349226943454,83961.0,4.538923126824521
DTW,173474.0,14.265953947368422,25672.0,2.1111842105263157,50177.0,4.12639802631579,28102.0,2.311019736842105,43.0,0.003536184210526316,69480.0,5.713815789473684
CLT,164698.0,8.620675215912065,7111.0,0.372206228735933,63406.0,3.318817063595917,25839.0,1.3524731745616332,79.0,0.004135043182412981,68263.0,3.5730437058361684
JFK,163297.0,15.577315653915864,5583.0,0.5325765525135935,48279.0,4.605456453305352,40401.0,3.8539540207955736,780.0,0.07440618143661165,68254.0,6.5109224458647335
DCA,156066.0,13.169015272972745,8817.0,0.7439878491266559,41980.0,3.542317104041853,34594.0,2.9190785587714116,263.0,0.022192220065817232,70412.0,5.941439540967007
MSP,148535.0,12.190988181221273,22332.0,1.8328956007879187,54320.0,4.458305975049245,19688.0,1.6158896913985554,11.0,9.028233749179251E-4,52184.0,4.282994090610637
IAH,132775.0,9.102906897024544,6915.0,0.47408473879062113,43686.0,2.9950637597696423,31788.0,2.179350061703003,41.0,0.002810914575620458,50345.0,3.4515974221856576
MCO,128408.0,10.663344959309084,4690.0,0.3894701876764657,41378.0,3.43614017605049,28311.0,2.3510214250124566,103.0,0.008553396445773128,53926.0,4.4781597741239
PHX,124476.0,8.431048496342454,7559.0,0.5119886209699268,45198.0,3.0613654836087782,18339.0,1.2421430506637767,319.0,0.021606610674613926,53061.0,3.593944730425359
FLL,117398.0,13.500229990800367,2717.0,0.312442502299908,36606.0,4.209521619135234,31145.0,3.5815317387304506,163.0,0.0187442502299908,46767.0,5.377989880404784
LAS,114924.0,8.693849761706634,3124.0,0.2363264997352296,33651.0,2.5456539829033966,31839.0,2.408578561161964,163.0,0.012330736061729328,46147.0,3.490959981844315
SLC,99321.0,10.611217948717949,11277.0,1.2048076923076922,32267.0,3.44732905982906,15338.0,1.6386752136752136,80.0,0.008547008547008548,40359.0,4.311858974358974
MIA,85733.0,10.860526982518369,5052.0,0.6399797314416013,31113.0,3.941347859133519,19613.0,2.4845452242209274,879.0,0.11135039270331898,29076.0,3.683303775019002
SEA,83876.0,8.201427593624718,4239.0,0.4144910530947492,28937.0,2.829471008115772,19165.0,1.8739610834066687,282.0,0.02757406864183045,31253.0,3.0559303803656985
PHL,80854.0,8.899724821133736,4386.0,0.48277380297193173,31071.0,3.4200330214639516,13266.0,1.46020913593836,191.0,0.021023665382498623,31940.0,3.515685195376995
TPA,61990.0,9.369709794437727,4020.0,0.6076178960096735,21259.0,3.213270858524788,14117.0,2.1337666263603388,42.0,0.0063482466747279325,22552.0,3.4087061668681984
BNA,61174.0,9.858823529411765,4127.0,0.6651087832393231,19347.0,3.117969379532635,10156.0,1.6367445608380338,31.0,0.004995970991136181,27513.0,4.4340048348106365
IAD,60177.0,11.5392138063279,3080.0,0.5906040268456376,20496.0,3.930201342281879,10141.0,1.9445829338446787,0.0,0.0,26460.0,5.073825503355705
SAN,56792.0,7.581364303831264,2316.0,0.3091710052062475,18170.0,2.4255773594980643,13661.0,1.8236550527299427,105.0,0.014016820184221065,22540.0,3.0089440662127886
RDU,56227.0,11.797524129248846,1640.0,0.34410407049937053,16779.0,3.520562316407889,10024.0,2.103231221149811,49.0,0.010281158203944608,27735.0,5.81934536298783
CLE,56036.0,14.342462247248529,5362.0,1.372408497568467,16915.0,4.329408753519324,9485.0,2.4276938827745074,0.0,0.0,24274.0,6.21295111338623
BWI,52759.0,6.791838311019568,3537.0,0.4553295571575695,19183.0,2.469490216271885,10021.0,1.290036045314109,104.0,0.013388259526261586,19914.0,2.5635942327497427
CVG,52227.0,14.069773706896552,5236.0,1.4105603448275863,11042.0,2.974676724137931,8700.0,2.34375,24.0,0.00646551724137931,27225.0,7.334321120689655
STL,50422.0,9.429960725640546,2863.0,0.5354404338881615,18484.0,3.4568917149803626,9047.0,1.6919768094258463,16.0,0.0029923321488685246,20012.0,3.742659435197307
PIT,49120.0,12.379032258064516,3865.0,0.9740423387096774,14188.0,3.5756048387096775,7308.0,1.841733870967742,60.0,0.015120967741935484,23699.0,5.972530241935484
IND,45481.0,11.761313679855185,3214.0,0.8311352469614688,16130.0,4.171192138608741,6652.0,1.7201965347814843,34.0,0.008792345487457979,19451.0,5.029997414016033
RSW,44936.0,11.760272180057576,3106.0,0.8128762104161215,14839.0,3.8835383407484954,11310.0,2.959958126144988,0.0,0.0,15681.0,4.103899502747971
MCI,44831.0,10.047288211564322,6869.0,1.539444195428059,14067.0,3.152622142536979,7464.0,1.6727924697445091,23.0,0.005154639175257732,16408.0,3.677274764679516
CMH,44601.0,12.07063599458728,2194.0,0.5937753721244926,13821.0,3.740460081190798,6951.0,1.881190798376184,1.0,2.7063599458728013E-4,21634.0,5.8549391069012175
MDW,43427.0,6.772769806612601,1802.0,0.28103555832813476,12204.0,1.9033063006862134,11336.0,1.7679351216469121,43.0,0.006706175920149719,18042.0,2.8137866500311914
AUS,39676.0,8.013734599070895,1808.0,0.36517875176731973,15022.0,3.0341345182791355,7314.0,1.4772773177135932,12.0,0.002423752777216724,15520.0,3.13472025853363
PBI,37665.0,15.342158859470468,1863.0,0.7588594704684317,13410.0,5.462321792260693,7788.0,3.1723014256619146,48.0,0.019551934826883912,14556.0,5.929124236252546
MSY,36902.0,8.030903155603918,3171.0,0.6900979325353646,10407.0,2.264853101196953,7226.0,1.5725788900979325,41.0,0.008922742110990207,16057.0,3.4944504896626767
HOU,35454.0,7.08796481407437,481.0,0.09616153538584567,11333.0,2.2656937225109957,8975.0,1.794282287085166,50.0,0.009996001599360257,14615.0,2.921831267493003
PDX,35427.0,7.427044025157232,1820.0,0.38155136268343814,11641.0,2.440461215932914,7561.0,1.5851153039832284,183.0,0.038364779874213835,14222.0,2.981551362683438
DAL,34827.0,5.596496866463121,438.0,0.07038405913546521,12696.0,2.0401735497348548,5566.0,0.8944239112968022,25.0,0.004017354973485457,16102.0,2.5874979913225133
MKE,31969.0,12.81322645290581,1656.0,0.6637274549098197,11663.0,4.674549098196393,4889.0,1.9595190380761522,0.0,0.0,13761.0,5.515430861723447
ORF,30774.0,15.969901401141671,760.0,0.39439543331603527,11684.0,6.063310845874416,4275.0,2.2184743124026984,0.0,0.0,14055.0,7.293720809548521
SJC,30266.0,6.171696574225122,433.0,0.0882952691680261,10831.0,2.208605220228385,5878.0,1.1986133768352365,204.0,0.041598694942903754,12920.0,2.634584013050571
SJU,29517.0,12.827900912646676,701.0,0.30465015210777924,12534.0,5.447196870925684,5658.0,2.4589308996088657,85.0,0.03694046066927423,10539.0,4.5801825293350715
JAX,28671.0,10.611028867505551,1152.0,0.42635085122131755,11201.0,4.145447816432273,5626.0,2.082161361954108,45.0,0.016654330125832718,10647.0,3.9404145077720205
ASE,28290.0,30.75,3487.0,3.7902173913043478,9491.0,10.316304347826087,6876.0,7.473913043478261,0.0,0.0,8436.0,9.169565217391304
SDF,27719.0,15.502796420581655,980.0,0.5480984340044742,11931.0,6.672818791946309,3672.0,2.053691275167785,48.0,0.026845637583892617,11088.0,6.201342281879195
RIC,27078.0,13.979349509550852,1987.0,1.0258131130614352,9404.0,4.854930304594734,3902.0,2.014455343314404,16.0,0.008260196179659268,11769.0,6.07589055240062
SMF,26781.0,6.713712709952369,1289.0,0.3231386312358987,9403.0,2.3572323890699423,3327.0,0.8340436199548759,59.0,0.014790674354474806,12703.0,3.184507395337177
OAK,26633.0,6.368483978957436,262.0,0.062649450023912,9491.0,2.2694882831181253,5280.0,1.2625538020086082,162.0,0.03873744619799139,11438.0,2.7350549976087994
BDL,26558.0,11.1214405360134,3281.0,1.3739530988274706,10563.0,4.423366834170854,3214.0,1.345896147403685,104.0,0.04355108877721943,9396.0,3.9346733668341707
SAT,23916.0,7.333946642134315,1318.0,0.4041704998466728,9706.0,2.9763876111622203,3181.0,0.9754676479607483,10.0,0.0030665440049064702,9701.0,2.974854339159767
HNL,23645.0,6.011950165268243,1135.0,0.28858377828629544,11347.0,2.885075006356471,2955.0,0.7513348588863463,19.0,0.004830917874396135,8189.0,2.082125603864734
OKC,23207.0,12.317940552016985,3698.0,1.9628450106157111,8211.0,4.35828025477707,2751.0,1.4601910828025477,0.0,0.0,8547.0,4.536624203821656
BUF,22358.0,11.693514644351465,1450.0,0.7583682008368201,7935.0,4.15010460251046,3860.0,2.018828451882845,18.0,0.009414225941422594,9095.0,4.756799163179917
SNA,20347.0,5.9407299270072995,702.0,0.20496350364963503,7105.0,2.0744525547445254,3736.0,1.0908029197080291,0.0,0.0,8804.0,2.5705109489051097
MEM,20229.0,10.448863636363637,1862.0,0.9617768595041323,8150.0,4.2097107438016526,2789.0,1.440599173553719,33.0,0.017045454545454544,7395.0,3.8197314049586777
SYR,20209.0,17.979537366548044,2247.0,1.9991103202846976,6234.0,5.5462633451957295,3275.0,2.9137010676156585,15.0,0.013345195729537367,8438.0,7.50711743772242
OMA,20149.0,9.896365422396856,1583.0,0.7775049115913556,7238.0,3.5550098231827114,4188.0,2.056974459724951,0.0,0.0,7140.0,3.506876227897839
GRR,19547.0,12.962201591511937,1433.0,0.9502652519893899,5245.0,3.4781167108753315,5584.0,3.702917771883289,0.0,0.0,7285.0,4.8309018567639255
HPN,19541.0,21.263329706202395,3247.0,3.5331882480957564,5725.0,6.229597388465724,2843.0,3.0935799782372144,15.0,0.01632208922742111,7711.0,8.390642002176278
TYS,18840.0,13.955555555555556,851.0,0.6303703703703704,6637.0,4.916296296296296,2917.0,2.160740740740741,0.0,0.0,8435.0,6.2481481481481485
CHS,16978.0,9.998822143698469,277.0,0.16313309776207302,6895.0,4.060659599528858,2747.0,1.6177856301531213,16.0,0.009422850412249705,7043.0,4.147820965842167
TUS,16726.0,9.428410372040586,999.0,0.5631341600901917,6883.0,3.8799323562570462,2242.0,1.2638105975197294,16.0,0.009019165727170236,6586.0,3.712514092446449
DSM,16367.0,12.043414275202355,1496.0,1.1008094186902133,4412.0,3.246504782928624,3460.0,2.545989698307579,0.0,0.0,6999.0,5.150110375275938
ROC,16204.0,14.55884995507637,1890.0,1.6981132075471699,5974.0,5.3674752920035935,3050.0,2.7403414195867026,0.0,0.0,5290.0,4.752920035938904
PSP,15420.0,11.681818181818182,904.0,0.6848484848484848,5363.0,4.0628787878787875,2916.0,2.209090909090909,0.0,0.0,6237.0,4.725
BUR,15408.0,6.487578947368421,795.0,0.33473684210526317,5231.0,2.202526315789474,2366.0,0.9962105263157894,15.0,0.00631578947368421,7001.0,2.9477894736842107
PVD,14966.0,11.045018450184502,405.0,0.2988929889298893,5726.0,4.225830258302583,3028.0,2.2346863468634686,0.0,0.0,5807.0,4.285608856088561
GSO,14904.0,12.087591240875913,1597.0,1.2952149229521492,3992.0,3.237631792376318,2396.0,1.943227899432279,0.0,0.0,6919.0,5.611516626115166
BOI,14506.0,9.21015873015873,871.0,0.553015873015873,5669.0,3.5993650793650795,1542.0,0.979047619047619,31.0,0.019682539682539683,6393.0,4.059047619047619
BTV,14333.0,19.906944444444445,1083.0,1.5041666666666667,3806.0,5.286111111111111,3076.0,4.272222222222222,0.0,0.0,6368.0,8.844444444444445
SFB,14324.0,20.521489971346703,770.0,1.1031518624641834,4539.0,6.502865329512894,3134.0,4.489971346704871,482.0,0.6905444126074498,5399.0,7.734957020057307
RNO,14111.0,9.139248704663212,420.0,0.27202072538860106,4449.0,2.881476683937824,2511.0,1.6262953367875648,17.0,0.011010362694300517,6714.0,4.348445595854923
BHM,14006.0,9.842586085734364,633.0,0.4448348559381588,4945.0,3.4750527055516516,1827.0,1.2839072382290935,14.0,0.009838369641602248,6587.0,4.628952916373858
DAY,13272.0,12.485418626528693,1637.0,1.539981185324553,4027.0,3.788334901222954,2043.0,1.9219190968955786,0.0,0.0,5565.0,5.235183443085607
PWM,12841.0,17.518417462482947,2234.0,3.04774897680764,4877.0,6.653478854024557,1379.0,1.8813096862210095,0.0,0.0,4351.0,5.935879945429741
MSN,12839.0,12.501460564751705,1239.0,1.2064264849074975,4157.0,4.047711781888997,2309.0,2.2482960077896785,16.0,0.01557935735150925,5118.0,4.983446932814021
FAT,12733.0,13.032753326509724,743.0,0.7604912998976459,5513.0,5.642784032753326,1251.0,1.2804503582395086,0.0,0.0,5226.0,5.349027635619243
ONT,12629.0,7.598676293622142,152.0,0.0914560770156438,4615.0,2.7767749699157642,1883.0,1.1329723225030084,15.0,0.009025270758122744,5964.0,3.588447653429603
LEX,12601.0,16.11381074168798,671.0,0.8580562659846548,4812.0,6.153452685421995,1752.0,2.2404092071611252,0.0,0.0,5366.0,6.861892583120205
OGG,12475.0,5.960344003822264,529.0,0.25274725274725274,7299.0,3.4873387482083134,1600.0,0.7644529383659818,16.0,0.007644529383659818,3031.0,1.4481605351170568
ABQ,12353.0,7.132217090069284,415.0,0.23960739030023095,4817.0,2.781177829099307,1669.0,0.9636258660508084,40.0,0.023094688221709007,5412.0,3.1247113163972284
GSP,12255.0,10.238095238095237,680.0,0.5680868838763575,4960.0,4.143692564745196,1386.0,1.1578947368421053,0.0,0.0,5229.0,4.368421052631579
SAV,12243.0,10.518041237113403,704.0,0.6048109965635738,4419.0,3.7963917525773194,2648.0,2.274914089347079,0.0,0.0,4472.0,3.8419243986254297
TUL,12230.0,8.673758865248226,537.0,0.38085106382978723,4730.0,3.354609929078014,1963.0,1.3921985815602838,0.0,0.0,5000.0,3.5460992907801416
SBN,12024.0,21.131810193321616,1681.0,2.9543057996485063,4396.0,7.725834797891037,1289.0,2.265377855887522,0.0,0.0,4658.0,8.186291739894552
FWA,12018.0,20.68502581755594,1626.0,2.7986230636833045,4554.0,7.838209982788296,1434.0,2.46815834767642,0.0,0.0,4404.0,7.580034423407917
ALB,11702.0,12.126424870466321,1361.0,1.410362694300518,4009.0,4.15440414507772,2625.0,2.7202072538860103,30.0,0.031088082901554404,3677.0,3.810362694300518
LGB,11600.0,9.602649006622517,356.0,0.2947019867549669,3381.0,2.798841059602649,1401.0,1.1597682119205297,38.0,0.03145695364238411,6424.0,5.317880794701987
EGE,11546.0,23.95435684647303,873.0,1.8112033195020747,5442.0,11.29045643153527,2872.0,5.95850622406639,0.0,0.0,2359.0,4.894190871369295
XNA,11241.0,10.715919923736893,1044.0,0.9952335557673975,3453.0,3.291706387035272,2044.0,1.9485224022878933,23.0,0.0219256434699714,4677.0,4.458531935176358
COS,11034.0,15.497191011235955,380.0,0.5337078651685393,5442.0,7.643258426966292,1360.0,1.9101123595505618,0.0,0.0,3852.0,5.410112359550562
PGD,10534.0,24.90307328605201,990.0,2.3404255319148937,3884.0,9.182033096926714,2222.0,5.252955082742317,46.0,0.10874704491725769,3392.0,8.018912529550827
ELP,10430.0,7.818590704647677,376.0,0.2818590704647676,4205.0,3.152173913043478,1690.0,1.2668665667166417,10.0,0.0074962518740629685,4149.0,3.1101949025487254
AZA,9417.0,20.74229074889868,489.0,1.077092511013216,1932.0,4.255506607929515,2122.0,4.674008810572687,63.0,0.13876651982378854,4811.0,10.59691629955947
FSD,8795.0,14.88155668358714,649.0,1.0981387478849407,2280.0,3.8578680203045685,1506.0,2.548223350253807,0.0,0.0,4360.0,7.377326565143824
MFR,8414.0,24.2478386167147,675.0,1.9452449567723342,3200.0,9.221902017291066,537.0,1.5475504322766571,0.0,0.0,4002.0,11.53314121037464
RDM,8384.0,31.05185185185185,1628.0,6.029629629629629,3699.0,13.7,400.0,1.4814814814814814,0.0,0.0,2657.0,9.84074074074074
LIT,8217.0,7.939130434782609,697.0,0.6734299516908212,3573.0,3.4521739130434783,1618.0,1.5632850241545895,0.0,0.0,2329.0,2.25024154589372
CID,8174.0,11.321329639889196,1600.0,2.21606648199446,2107.0,2.918282548476454,1781.0,2.466759002770083,0.0,0.0,2686.0,3.7202216066481992
CAK,8037.0,14.773897058823529,81.0,0.1488970588235294,2252.0,4.139705882352941,1058.0,1.9448529411764706,0.0,0.0,4646.0,8.540441176470589
ICT,7985.0,9.809582309582309,238.0,0.29238329238329236,2924.0,3.592137592137592,1115.0,1.3697788697788698,0.0,0.0,3708.0,4.555282555282555
SBA,7978.0,14.40072202166065,37.0,0.06678700361010831,3126.0,5.64259927797834,1112.0,2.0072202166064983,0.0,0.0,3703.0,6.684115523465704
AVL,7890.0,12.746365105008078,1533.0,2.4765751211631666,3225.0,5.210016155088853,1094.0,1.7673667205169628,0.0,0.0,2038.0,3.2924071082390953
ATW,7822.0,20.005115089514067,1053.0,2.6930946291560103,3832.0,9.800511508951407,1380.0,3.5294117647058822,0.0,0.0,1557.0,3.9820971867007673
MLI,7713.0,18.1056338028169,1822.0,4.276995305164319,2602.0,6.107981220657277,1270.0,2.9812206572769955,0.0,0.0,2019.0,4.73943661971831
CHA,7652.0,10.028833551769331,858.0,1.124508519003932,2067.0,2.709043250327654,1227.0,1.6081258191349934,0.0,0.0,3500.0,4.587155963302752
PNS,7367.0,8.149336283185841,460.0,0.5088495575221239,2326.0,2.5730088495575223,1733.0,1.9170353982300885,33.0,0.03650442477876106,2815.0,3.1139380530973453
HSV,7240.0,10.168539325842696,182.0,0.2556179775280899,2657.0,3.731741573033708,919.0,1.2907303370786516,0.0,0.0,3482.0,4.890449438202247
SGF,7086.0,10.607784431137725,213.0,0.3188622754491018,2393.0,3.5823353293413174,1579.0,2.3637724550898205,0.0,0.0,2901.0,4.342814371257485
GEG,7012.0,7.4914529914529915,192.0,0.20512820512820512,2138.0,2.284188034188034,1541.0,1.6463675213675213,0.0,0.0,3141.0,3.355769230769231
ANC,6975.0,5.296127562642369,326.0,0.24753227031131358,2105.0,1.59832953682612,1388.0,1.0539104024297645,38.0,0.02885345482156416,3118.0,2.3675018982536065
CHO,6881.0,14.609341825902336,1475.0,3.1316348195329087,2465.0,5.233545647558387,735.0,1.5605095541401275,0.0,0.0,2206.0,4.683651804670913
BTR,6493.0,10.557723577235773,38.0,0.061788617886178863,3794.0,6.16910569105691,561.0,0.9121951219512195,0.0,0.0,2100.0,3.4146341463414633
SBP,6476.0,15.680387409200968,491.0,1.188861985472155,2907.0,7.038740920096853,746.0,1.8062953995157385,0.0,0.0,2332.0,5.646489104116223
ISP,6389.0,13.50739957716702,9.0,0.019027484143763214,1871.0,3.955602536997886,1157.0,2.446088794926004,0.0,0.0,3352.0,7.086680761099366
MDT,6227.0,12.478957915831664,169.0,0.33867735470941884,1825.0,3.6573146292585172,1345.0,2.6953907815631264,0.0,0.0,2888.0,5.787575150300601
SRQ,6202.0,9.161004431314623,101.0,0.14918759231905465,2050.0,3.0280649926144756,2440.0,3.604135893648449,14.0,0.0206794682422452,1597.0,2.358936484490399
GRB,6137.0,17.19047619047619,783.0,2.19327731092437,2593.0,7.2633053221288515,1144.0,3.204481792717087,0.0,0.0,1617.0,4.529411764705882
JAC,5983.0,14.451690821256038,1046.0,2.526570048309179,1723.0,4.161835748792271,2148.0,5.188405797101449,0.0,0.0,1066.0,2.57487922705314
TVC,5853.0,25.337662337662337,580.0,2.5108225108225106,2350.0,10.173160173160174,897.0,3.883116883116883,0.0,0.0,2026.0,8.770562770562771
PIE,5835.0,10.647810218978103,105.0,0.19160583941605838,2487.0,4.538321167883212,1797.0,3.2791970802919708,14.0,0.025547445255474453,1432.0,2.613138686131387
CAE,5800.0,9.294871794871796,58.0,0.09294871794871795,2060.0,3.301282051282051,842.0,1.3493589743589745,0.0,0.0,2840.0,4.551282051282051
BZN,5722.0,9.882556131260795,490.0,0.846286701208981,1884.0,3.2538860103626943,1009.0,1.7426597582037997,0.0,0.0,2339.0,4.039723661485319
JAN,5705.0,8.683409436834093,335.0,0.5098934550989346,1868.0,2.843226788432268,978.0,1.4885844748858448,0.0,0.0,2524.0,3.841704718417047
MHT,5693.0,9.256910569105692,437.0,0.7105691056910569,1564.0,2.543089430894309,757.0,1.2308943089430895,0.0,0.0,2935.0,4.772357723577236
KOA,5687.0,4.755016722408027,234.0,0.1956521739130435,2367.0,1.9790969899665551,1235.0,1.0326086956521738,12.0,0.010033444816053512,1839.0,1.5376254180602007
SHV,5659.0,10.967054263565892,92.0,0.17829457364341086,2534.0,4.910852713178294,693.0,1.3430232558139534,0.0,0.0,2340.0,4.534883720930233
FAR,5618.0,12.944700460829493,732.0,1.6866359447004609,2466.0,5.682027649769585,1138.0,2.622119815668203,0.0,0.0,1282.0,2.953917050691244
BIS,5528.0,19.06206896551724,1246.0,4.296551724137931,2126.0,7.3310344827586205,986.0,3.4,0.0,0.0,1170.0,4.0344827586206895
MAF,5387.0,7.461218836565097,269.0,0.37257617728531855,2415.0,3.344875346260388,776.0,1.074792243767313,69.0,0.09556786703601108,1858.0,2.5734072022160666
ECP,5356.0,11.875831485587582,56.0,0.12416851441241686,2990.0,6.629711751662971,453.0,1.0044345898004434,0.0,0.0,1857.0,4.117516629711751
EUG,5335.0,17.15434083601286,103.0,0.3311897106109325,1475.0,4.742765273311897,410.0,1.3183279742765273,0.0,0.0,3347.0,10.762057877813504
VPS,5224.0,10.574898785425102,1630.0,3.299595141700405,1390.0,2.8137651821862346,737.0,1.491902834008097,85.0,0.1720647773279352,1382.0,2.7975708502024292
EYW,5112.0,9.50185873605948,200.0,0.37174721189591076,2473.0,4.596654275092937,1116.0,2.074349442379182,1.0,0.0018587360594795538,1322.0,2.45724907063197
EVV,4877.0,14.095375722543352,1475.0,4.263005780346821,1180.0,3.4104046242774566,456.0,1.3179190751445087,0.0,0.0,1766.0,5.104046242774566
STT,4855.0,13.911174785100286,12.0,0.034383954154727794,2020.0,5.787965616045845,1037.0,2.9713467048710602,0.0,0.0,1786.0,5.117478510028653
RST,4755.0,15.488599348534201,947.0,3.0846905537459284,1103.0,3.592833876221498,960.0,3.1270358306188926,0.0,0.0,1745.0,5.684039087947883
PIA,4453.0,12.133514986376023,911.0,2.482288828337875,1544.0,4.20708446866485,785.0,2.138964577656676,0.0,0.0,1213.0,3.3051771117166213
ROW,4415.0,40.5045871559633,0.0,0.0,3419.0,31.36697247706422,163.0,1.4954128440366972,0.0,0.0,833.0,7.6422018348623855
MRY,4406.0,12.07123287671233,0.0,0.0,1642.0,4.498630136986302,614.0,1.6821917808219178,0.0,0.0,2150.0,5.890410958904109
RAP,4361.0,16.27238805970149,1173.0,4.376865671641791,881.0,3.287313432835821,873.0,3.2574626865671643,0.0,0.0,1434.0,5.350746268656716
LAN,4226.0,16.572549019607845,393.0,1.5411764705882354,2349.0,9.211764705882352,644.0,2.5254901960784313,0.0,0.0,840.0,3.2941176470588234
MYR,4205.0,7.364273204903678,78.0,0.13660245183887915,1641.0,2.873905429071804,1713.0,3.0,48.0,0.0840630472854641,725.0,1.2697022767075306
ACV,4187.0,32.207692307692305,41.0,0.3153846153846154,2373.0,18.253846153846155,273.0,2.1,0.0,0.0,1500.0,11.538461538461538
LBB,4109.0,7.581180811808118,157.0,0.2896678966789668,2027.0,3.7398523985239853,487.0,0.8985239852398524,0.0,0.0,1438.0,2.6531365313653135
LFT,4017.0,9.58711217183771,419.0,1.0,1602.0,3.8233890214797137,452.0,1.0787589498806682,0.0,0.0,1544.0,3.684964200477327
AMA,4016.0,9.494089834515366,49.0,0.11583924349881797,1427.0,3.3735224586288415,645.0,1.524822695035461,0.0,0.0,1895.0,4.479905437352246
ABE,4001.0,11.76764705882353,362.0,1.0647058823529412,1226.0,3.6058823529411765,517.0,1.5205882352941176,0.0,0.0,1896.0,5.576470588235294
ILM,3820.0,6.958105646630237,41.0,0.07468123861566485,1061.0,1.9326047358834244,588.0,1.0710382513661203,0.0,0.0,2130.0,3.879781420765027
FNT,3767.0,13.45357142857143,35.0,0.125,1092.0,3.9,832.0,2.9714285714285715,0.0,0.0,1808.0,6.457142857142857
LIH,3750.0,3.301056338028169,208.0,0.18309859154929578,1820.0,1.602112676056338,710.0,0.625,0.0,0.0,1012.0,0.8908450704225352
MFE,3731.0,9.122249388753056,130.0,0.31784841075794623,954.0,2.332518337408313,632.0,1.5452322738386308,0.0,0.0,2015.0,4.9266503667481665
COU,3541.0,18.835106382978722,498.0,2.648936170212766,861.0,4.579787234042553,678.0,3.606382978723404,0.0,0.0,1504.0,8.0
CMI,3537.0,17.33823529411765,422.0,2.0686274509803924,810.0,3.9705882352941178,701.0,3.4362745098039214,0.0,0.0,1604.0,7.862745098039215
MOB,3533.0,8.103211009174313,234.0,0.536697247706422,1428.0,3.2752293577981653,824.0,1.889908256880734,0.0,0.0,1047.0,2.4013761467889907
SWF,3532.0,29.680672268907564,190.0,1.596638655462185,2159.0,18.142857142857142,170.0,1.4285714285714286,63.0,0.5294117647058824,950.0,7.983193277310924
TTN,3515.0,17.230392156862745,0.0,0.0,743.0,3.642156862745098,605.0,2.965686274509804,0.0,0.0,2167.0,10.622549019607844
BGR,3469.0,18.067708333333332,97.0,0.5052083333333334,538.0,2.8020833333333335,502.0,2.6145833333333335,7.0,0.036458333333333336,2325.0,12.109375
TLH,3445.0,7.002032520325203,21.0,0.042682926829268296,1404.0,2.8536585365853657,714.0,1.451219512195122,0.0,0.0,1306.0,2.654471544715447
HDN,3357.0,13.011627906976743,0.0,0.0,1291.0,5.003875968992248,673.0,2.608527131782946,0.0,0.0,1393.0,5.39922480620155
MBS,3302.0,17.197916666666668,701.0,3.6510416666666665,994.0,5.177083333333333,430.0,2.2395833333333335,0.0,0.0,1177.0,6.130208333333333
DLH,3226.0,17.92222222222222,1255.0,6.972222222222222,449.0,2.4944444444444445,232.0,1.288888888888889,0.0,0.0,1290.0,7.166666666666667
JMS,3139.0,37.36904761904762,1311.0,15.607142857142858,1375.0,16.36904761904762,152.0,1.8095238095238095,0.0,0.0,301.0,3.5833333333333335
CRW,3103.0,9.15339233038348,166.0,0.4896755162241888,1055.0,3.112094395280236,326.0,0.9616519174041298,0.0,0.0,1556.0,4.589970501474927
MHK,3060.0,22.014388489208635,18.0,0.12949640287769784,1580.0,11.366906474820144,503.0,3.618705035971223,0.0,0.0,959.0,6.899280575539568
MGM,3057.0,10.36271186440678,120.0,0.4067796610169492,1627.0,5.5152542372881355,159.0,0.5389830508474577,34.0,0.1152542372881356,1117.0,3.7864406779661017
MEI,3031.0,32.59139784946237,250.0,2.6881720430107525,589.0,6.333333333333333,316.0,3.3978494623655915,0.0,0.0,1876.0,20.172043010752688
BFL,3027.0,16.910614525139664,0.0,0.0,1804.0,10.078212290502794,107.0,0.5977653631284916,0.0,0.0,1116.0,6.23463687150838
MQT,2952.0,31.741935483870968,1844.0,19.827956989247312,333.0,3.5806451612903225,372.0,4.0,0.0,0.0,403.0,4.333333333333333
BQN,2923.0,14.98974358974359,0.0,0.0,775.0,3.9743589743589745,413.0,2.117948717948718,0.0,0.0,1735.0,8.897435897435898
BLI,2850.0,15.159574468085106,20.0,0.10638297872340426,1075.0,5.718085106382978,638.0,3.393617021276596,0.0,0.0,1117.0,5.941489361702128
ACY,2774.0,9.308724832214764,52.0,0.174496644295302,224.0,0.7516778523489933,1095.0,3.674496644295302,39.0,0.13087248322147652,1364.0,4.577181208053691
DVL,2758.0,52.0377358490566,911.0,17.18867924528302,747.0,14.09433962264151,110.0,2.0754716981132075,0.0,0.0,990.0,18.67924528301887
GPT,2658.0,7.342541436464089,139.0,0.3839779005524862,1106.0,3.0552486187845305,458.0,1.2651933701657458,30.0,0.08287292817679558,925.0,2.5552486187845305
GNV,2571.0,7.201680672268908,28.0,0.0784313725490196,1595.0,4.4677871148459385,358.0,1.0028011204481793,0.0,0.0,590.0,1.6526610644257702
HRL,2527.0,7.657575757575757,152.0,0.46060606060606063,903.0,2.7363636363636363,352.0,1.0666666666666667,0.0,0.0,1120.0,3.393939393939394
DRO,2499.0,10.456066945606695,88.0,0.3682008368200837,1389.0,5.811715481171548,302.0,1.2635983263598327,15.0,0.06276150627615062,705.0,2.9497907949790796
CRP,2480.0,5.610859728506787,49.0,0.11085972850678733,990.0,2.239819004524887,455.0,1.0294117647058822,0.0,0.0,986.0,2.230769230769231
BIL,2464.0,9.404580152671755,310.0,1.183206106870229,1014.0,3.8702290076335877,496.0,1.8931297709923665,0.0,0.0,644.0,2.4580152671755724
MTJ,2460.0,11.60377358490566,31.0,0.14622641509433962,785.0,3.702830188679245,1038.0,4.89622641509434,0.0,0.0,606.0,2.858490566037736
SLN,2448.0,30.22222222222222,206.0,2.54320987654321,967.0,11.938271604938272,625.0,7.716049382716049,0.0,0.0,650.0,8.024691358024691
HYS,2446.0,22.85981308411215,304.0,2.8411214953271027,1178.0,11.009345794392523,300.0,2.803738317757009,0.0,0.0,664.0,6.205607476635514
PBG,2440.0,21.785714285714285,0.0,0.0,1319.0,11.776785714285714,252.0,2.25,0.0,0.0,869.0,7.758928571428571
JNU,2409.0,7.5046728971962615,305.0,0.9501557632398754,967.0,3.012461059190031,503.0,1.5669781931464175,0.0,0.0,634.0,1.9750778816199377
PIB,2390.0,38.54838709677419,0.0,0.0,690.0,11.129032258064516,95.0,1.532258064516129,0.0,0.0,1605.0,25.887096774193548
PAH,2369.0,22.349056603773583,7.0,0.0660377358490566,715.0,6.745283018867925,357.0,3.3679245283018866,0.0,0.0,1290.0,12.169811320754716
MOT,2366.0,16.545454545454547,77.0,0.5384615384615384,1687.0,11.797202797202797,281.0,1.965034965034965,0.0,0.0,321.0,2.2447552447552446
BRD,2362.0,43.74074074074074,2133.0,39.5,156.0,2.888888888888889,7.0,0.12962962962962962,0.0,0.0,66.0,1.2222222222222223
JLN,2310.0,37.25806451612903,0.0,0.0,1733.0,27.951612903225808,93.0,1.5,0.0,0.0,484.0,7.806451612903226
BRO,2288.0,12.105820105820106,1.0,0.005291005291005291,1328.0,7.026455026455026,222.0,1.1746031746031746,0.0,0.0,737.0,3.8994708994708995
KTN,2272.0,12.836158192090396,137.0,0.7740112994350282,1016.0,5.740112994350283,298.0,1.6836158192090396,0.0,0.0,821.0,4.638418079096045
SCE,2268.0,25.2,64.0,0.7111111111111111,846.0,9.4,299.0,3.3222222222222224,0.0,0.0,1059.0,11.766666666666667
AEX,2257.0,8.81640625,56.0,0.21875,1454.0,5.6796875,251.0,0.98046875,0.0,0.0,496.0,1.9375
SAF,2225.0,19.517543859649123,0.0,0.0,1744.0,15.298245614035087,164.0,1.4385964912280702,0.0,0.0,317.0,2.780701754385965
MMH,2185.0,23.49462365591398,116.0,1.2473118279569892,441.0,4.741935483870968,566.0,6.086021505376344,0.0,0.0,1062.0,11.419354838709678
SPI,2165.0,16.782945736434108,72.0,0.5581395348837209,912.0,7.069767441860465,233.0,1.806201550387597,0.0,0.0,948.0,7.348837209302325
BMI,2077.0,8.914163090128755,204.0,0.8755364806866953,280.0,1.201716738197425,516.0,2.2145922746781115,0.0,0.0,1077.0,4.622317596566524
CGI,2056.0,26.025316455696203,194.0,2.4556962025316458,565.0,7.151898734177215,229.0,2.8987341772151898,0.0,0.0,1068.0,13.518987341772151
AZO,2042.0,13.797297297297296,429.0,2.8986486486486487,629.0,4.25,431.0,2.9121621621621623,0.0,0.0,553.0,3.7364864864864864
FLG,2034.0,17.384615384615383,0.0,0.0,1219.0,10.418803418803419,161.0,1.376068376068376,0.0,0.0,654.0,5.589743589743589
LAW,1991.0,18.961904761904762,9.0,0.08571428571428572,1156.0,11.00952380952381,241.0,2.295238095238095,0.0,0.0,585.0,5.571428571428571
GCK,1981.0,31.951612903225808,1278.0,20.612903225806452,103.0,1.6612903225806452,21.0,0.3387096774193548,0.0,0.0,579.0,9.338709677419354
PSC,1959.0,13.893617021276595,133.0,0.9432624113475178,601.0,4.26241134751773,203.0,1.4397163120567376,0.0,0.0,1022.0,7.24822695035461
FAY,1914.0,7.25,81.0,0.3068181818181818,641.0,2.428030303030303,229.0,0.8674242424242424,0.0,0.0,963.0,3.647727272727273
LAR,1835.0,33.98148148148148,737.0,13.648148148148149,777.0,14.38888888888889,125.0,2.314814814814815,0.0,0.0,196.0,3.6296296296296298
UIN,1813.0,30.728813559322035,0.0,0.0,966.0,16.372881355932204,271.0,4.593220338983051,0.0,0.0,576.0,9.76271186440678
MSO,1813.0,8.511737089201878,449.0,2.107981220657277,332.0,1.5586854460093897,432.0,2.028169014084507,0.0,0.0,600.0,2.816901408450704
BJI,1805.0,29.112903225806452,1235.0,19.919354838709676,274.0,4.419354838709677,81.0,1.3064516129032258,0.0,0.0,215.0,3.467741935483871
MLU,1803.0,7.705128205128205,45.0,0.19230769230769232,784.0,3.3504273504273505,240.0,1.0256410256410255,0.0,0.0,734.0,3.1367521367521367
ORH,1707.0,18.35483870967742,50.0,0.5376344086021505,1231.0,13.236559139784946,78.0,0.8387096774193549,0.0,0.0,348.0,3.7419354838709675
GJT,1653.0,5.8,8.0,0.028070175438596492,669.0,2.3473684210526318,346.0,1.2140350877192982,0.0,0.0,630.0,2.210526315789474
RKS,1626.0,26.225806451612904,788.0,12.709677419354838,142.0,2.2903225806451615,56.0,0.9032258064516129,0.0,0.0,640.0,10.32258064516129
SGU,1620.0,5.382059800664452,28.0,0.09302325581395349,597.0,1.9833887043189369,386.0,1.282392026578073,0.0,0.0,609.0,2.0232558139534884
OAJ,1611.0,6.148854961832061,42.0,0.16030534351145037,578.0,2.2061068702290076,342.0,1.3053435114503817,0.0,0.0,649.0,2.4770992366412212
ROA,1570.0,7.476190476190476,61.0,0.2904761904761905,622.0,2.961904761904762,215.0,1.0238095238095237,37.0,0.1761904761904762,635.0,3.0238095238095237
EAU,1563.0,25.20967741935484,0.0,0.0,518.0,8.35483870967742,288.0,4.645161290322581,0.0,0.0,757.0,12.209677419354838
LRD,1546.0,8.010362694300518,4.0,0.02072538860103627,781.0,4.046632124352332,164.0,0.8497409326424871,0.0,0.0,597.0,3.093264248704663
CKB,1541.0,23.0,33.0,0.4925373134328358,725.0,10.82089552238806,156.0,2.328358208955224,0.0,0.0,627.0,9.35820895522388
FCA,1507.0,7.728205128205128,124.0,0.6358974358974359,363.0,1.8615384615384616,290.0,1.4871794871794872,0.0,0.0,730.0,3.7435897435897436
PLN,1500.0,20.0,992.0,13.226666666666667,218.0,2.9066666666666667,57.0,0.76,0.0,0.0,233.0,3.1066666666666665
AVP,1476.0,6.227848101265823,72.0,0.3037974683544304,329.0,1.3881856540084387,288.0,1.2151898734177216,0.0,0.0,787.0,3.320675105485232
AGS,1475.0,4.338235294117647,0.0,0.0,857.0,2.5205882352941176,157.0,0.46176470588235297,0.0,0.0,461.0,1.3558823529411765
CIU,1464.0,25.24137931034483,796.0,13.724137931034482,327.0,5.637931034482759,100.0,1.7241379310344827,0.0,0.0,241.0,4.155172413793103
ABR,1446.0,23.322580645161292,565.0,9.112903225806452,703.0,11.338709677419354,46.0,0.7419354838709677,0.0,0.0,132.0,2.129032258064516
IMT,1427.0,24.603448275862068,873.0,15.051724137931034,310.0,5.344827586206897,5.0,0.08620689655172414,0.0,0.0,239.0,4.120689655172414
RDD,1407.0,14.65625,14.0,0.14583333333333334,461.0,4.802083333333333,260.0,2.7083333333333335,0.0,0.0,672.0,7.0
LCH,1341.0,7.93491124260355,0.0,0.0,445.0,2.633136094674556,168.0,0.9940828402366864,0.0,0.0,728.0,4.3076923076923075
GRK,1323.0,5.270916334661354,29.0,0.11553784860557768,501.0,1.99601593625498,299.0,1.1912350597609562,0.0,0.0,494.0,1.9681274900398407
SHD,1297.0,22.362068965517242,0.0,0.0,500.0,8.620689655172415,61.0,1.0517241379310345,0.0,0.0,736.0,12.689655172413794
PSE,1275.0,20.238095238095237,0.0,0.0,666.0,10.571428571428571,244.0,3.873015873015873,0.0,0.0,365.0,5.7936507936507935
FAI,1268.0,3.592067988668555,36.0,0.10198300283286119,684.0,1.9376770538243626,241.0,0.6827195467422096,0.0,0.0,307.0,0.8696883852691218
MKG,1253.0,20.20967741935484,125.0,2.0161290322580645,307.0,4.951612903225806,138.0,2.225806451612903,0.0,0.0,683.0,11.016129032258064
MLB,1248.0,5.914691943127962,0.0,0.0,732.0,3.4691943127962084,130.0,0.6161137440758294,0.0,0.0,386.0,1.8293838862559242
CWA,1203.0,6.265625,78.0,0.40625,211.0,1.0989583333333333,347.0,1.8072916666666667,0.0,0.0,567.0,2.953125
GFK,1191.0,7.089285714285714,69.0,0.4107142857142857,485.0,2.886904761904762,193.0,1.1488095238095237,0.0,0.0,444.0,2.642857142857143
FSM,1190.0,7.125748502994012,203.0,1.215568862275449,432.0,2.586826347305389,119.0,0.7125748502994012,0.0,0.0,436.0,2.6107784431137726
ERI,1166.0,15.342105263157896,176.0,2.3157894736842106,472.0,6.2105263157894735,83.0,1.0921052631578947,0.0,0.0,435.0,5.723684210526316
TOL,1166.0,6.818713450292398,258.0,1.5087719298245614,242.0,1.4152046783625731,261.0,1.5263157894736843,0.0,0.0,405.0,2.3684210526315788
EWN,1166.0,6.406593406593407,0.0,0.0,549.0,3.0164835164835164,98.0,0.5384615384615384,0.0,0.0,519.0,2.8516483516483517
HVN,1151.0,16.681159420289855,0.0,0.0,300.0,4.3478260869565215,80.0,1.1594202898550725,0.0,0.0,771.0,11.173913043478262
EKO,1145.0,19.74137931034483,1045.0,18.017241379310345,18.0,0.3103448275862069,39.0,0.6724137931034483,0.0,0.0,43.0,0.7413793103448276
BQK,1137.0,13.535714285714286,804.0,9.571428571428571,94.0,1.119047619047619,47.0,0.5595238095238095,0.0,0.0,192.0,2.2857142857142856
DAB,1084.0,4.185328185328185,93.0,0.3590733590733591,458.0,1.7683397683397684,367.0,1.416988416988417,0.0,0.0,166.0,0.640926640926641
DBQ,1075.0,11.944444444444445,235.0,2.611111111111111,83.0,0.9222222222222223,322.0,3.577777777777778,0.0,0.0,435.0,4.833333333333333
ISN,1075.0,16.53846153846154,743.0,11.430769230769231,162.0,2.4923076923076923,80.0,1.2307692307692308,0.0,0.0,90.0,1.3846153846153846
RHI,1073.0,17.306451612903224,644.0,10.387096774193548,124.0,2.0,107.0,1.7258064516129032,0.0,0.0,198.0,3.193548387096774
VEL,1071.0,20.20754716981132,0.0,0.0,446.0,8.415094339622641,146.0,2.7547169811320753,0.0,0.0,479.0,9.037735849056604
BGM,1067.0,17.491803278688526,112.0,1.8360655737704918,682.0,11.180327868852459,102.0,1.6721311475409837,0.0,0.0,171.0,2.80327868852459
ITH,1065.0,15.214285714285714,178.0,2.5428571428571427,406.0,5.8,203.0,2.9,0.0,0.0,278.0,3.9714285714285715
ABI,1056.0,6.211764705882353,79.0,0.4647058823529412,335.0,1.9705882352941178,166.0,0.9764705882352941,0.0,0.0,476.0,2.8
LSE,1048.0,6.894736842105263,222.0,1.4605263157894737,202.0,1.3289473684210527,323.0,2.125,0.0,0.0,301.0,1.980263157894737
STS,1017.0,6.603896103896104,53.0,0.34415584415584416,449.0,2.9155844155844157,73.0,0.474025974025974,0.0,0.0,442.0,2.8701298701298703
GTF,1000.0,8.547008547008547,22.0,0.18803418803418803,560.0,4.786324786324786,181.0,1.547008547008547,0.0,0.0,237.0,2.0256410256410255
LWB,991.0,19.057692307692307,0.0,0.0,473.0,9.096153846153847,76.0,1.4615384615384615,0.0,0.0,442.0,8.5
DHN,989.0,8.6,60.0,0.5217391304347826,279.0,2.4260869565217393,135.0,1.173913043478261,93.0,0.808695652173913,422.0,3.6695652173913045
CMX,977.0,15.758064516129032,300.0,4.838709677419355,89.0,1.435483870967742,236.0,3.806451612903226,0.0,0.0,352.0,5.67741935483871
HIB,966.0,17.88888888888889,905.0,16.75925925925926,29.0,0.5370370370370371,0.0,0.0,0.0,0.0,32.0,0.5925925925925926
BTM,951.0,16.396551724137932,682.0,11.758620689655173,0.0,0.0,149.0,2.5689655172413794,0.0,0.0,120.0,2.0689655172413794
PSG,892.0,14.387096774193548,74.0,1.1935483870967742,519.0,8.370967741935484,235.0,3.7903225806451615,0.0,0.0,64.0,1.032258064516129
ITO,882.0,1.8413361169102296,7.0,0.014613778705636743,476.0,0.9937369519832986,3.0,0.006263048016701462,8.0,0.016701461377870562,388.0,0.8100208768267223
TRI,858.0,4.875,36.0,0.20454545454545456,437.0,2.4829545454545454,124.0,0.7045454545454546,0.0,0.0,261.0,1.4829545454545454
LBE,854.0,10.54320987654321,10.0,0.12345679012345678,282.0,3.4814814814814814,117.0,1.4444444444444444,0.0,0.0,445.0,5.493827160493828
YUM,853.0,7.417391304347826,0.0,0.0,540.0,4.695652173913044,89.0,0.7739130434782608,0.0,0.0,224.0,1.9478260869565218
SJT,835.0,6.185185185185185,27.0,0.2,320.0,2.3703703703703702,192.0,1.4222222222222223,0.0,0.0,296.0,2.1925925925925926
CYS,833.0,26.870967741935484,70.0,2.2580645161290325,140.0,4.516129032258065,7.0,0.22580645161290322,0.0,0.0,616.0,19.870967741935484
COD,772.0,12.866666666666667,0.0,0.0,267.0,4.45,178.0,2.966666666666667,0.0,0.0,327.0,5.45
ALO,761.0,14.092592592592593,150.0,2.7777777777777777,126.0,2.3333333333333335,238.0,4.407407407407407,0.0,0.0,247.0,4.574074074074074
SUN,740.0,3.8341968911917097,213.0,1.1036269430051813,80.0,0.41450777202072536,182.0,0.9430051813471503,0.0,0.0,265.0,1.3730569948186528
SIT,711.0,8.172413793103448,34.0,0.39080459770114945,191.0,2.1954022988505746,216.0,2.4827586206896552,0.0,0.0,270.0,3.103448275862069
ESC,707.0,13.092592592592593,338.0,6.2592592592592595,119.0,2.2037037037037037,146.0,2.7037037037037037,0.0,0.0,104.0,1.9259259259259258
CLL,706.0,3.922222222222222,13.0,0.07222222222222222,260.0,1.4444444444444444,145.0,0.8055555555555556,0.0,0.0,288.0,1.6
IDA,694.0,5.17910447761194,0.0,0.0,251.0,1.873134328358209,182.0,1.3582089552238805,4.0,0.029850746268656716,257.0,1.9179104477611941
SCK,692.0,13.307692307692308,8.0,0.15384615384615385,281.0,5.403846153846154,122.0,2.3461538461538463,0.0,0.0,281.0,5.403846153846154
ADQ,677.0,12.773584905660377,145.0,2.7358490566037736,367.0,6.9245283018867925,18.0,0.33962264150943394,0.0,0.0,147.0,2.7735849056603774
GUC,673.0,15.295454545454545,2.0,0.045454545454545456,469.0,10.659090909090908,163.0,3.7045454545454546,0.0,0.0,39.0,0.8863636363636364
HHH,668.0,7.590909090909091,0.0,0.0,116.0,1.3181818181818181,152.0,1.7272727272727273,0.0,0.0,400.0,4.545454545454546
USA,665.0,9.10958904109589,9.0,0.1232876712328767,69.0,0.9452054794520548,195.0,2.671232876712329,0.0,0.0,392.0,5.36986301369863
SUX,658.0,5.672413793103448,88.0,0.7586206896551724,0.0,0.0,238.0,2.0517241379310347,0.0,0.0,332.0,2.8620689655172415
GRI,654.0,6.606060606060606,148.0,1.494949494949495,120.0,1.2121212121212122,120.0,1.2121212121212122,0.0,0.0,266.0,2.686868686868687
CSG,647.0,7.795180722891566,0.0,0.0,494.0,5.951807228915663,74.0,0.891566265060241,0.0,0.0,79.0,0.9518072289156626
LCK,647.0,15.78048780487805,0.0,0.0,265.0,6.463414634146342,87.0,2.1219512195121952,0.0,0.0,295.0,7.195121951219512
RFD,621.0,12.9375,36.0,0.75,95.0,1.9791666666666667,339.0,7.0625,0.0,0.0,151.0,3.1458333333333335
APN,615.0,11.38888888888889,83.0,1.537037037037037,403.0,7.462962962962963,16.0,0.2962962962962963,0.0,0.0,113.0,2.0925925925925926
WRG,608.0,9.806451612903226,12.0,0.1935483870967742,59.0,0.9516129032258065,147.0,2.370967741935484,0.0,0.0,390.0,6.290322580645161
PVU,607.0,13.195652173913043,0.0,0.0,150.0,3.260869565217391,316.0,6.869565217391305,0.0,0.0,141.0,3.0652173913043477
LNK,601.0,4.8861788617886175,11.0,0.08943089430894309,146.0,1.1869918699186992,178.0,1.4471544715447155,0.0,0.0,266.0,2.16260162601626
TYR,589.0,5.077586206896552,143.0,1.2327586206896552,176.0,1.5172413793103448,103.0,0.8879310344827587,0.0,0.0,167.0,1.4396551724137931
GCC,573.0,9.711864406779661,0.0,0.0,127.0,2.152542372881356,254.0,4.305084745762712,0.0,0.0,192.0,3.2542372881355934
BPT,573.0,7.074074074074074,28.0,0.345679012345679,190.0,2.345679012345679,200.0,2.4691358024691357,0.0,0.0,155.0,1.9135802469135803
PUB,570.0,7.125,0.0,0.0,78.0,0.975,210.0,2.625,0.0,0.0,282.0,3.525
YAK,568.0,9.466666666666667,52.0,0.8666666666666667,145.0,2.4166666666666665,118.0,1.9666666666666666,0.0,0.0,253.0,4.216666666666667
CNY,564.0,10.846153846153847,166.0,3.1923076923076925,99.0,1.9038461538461537,129.0,2.480769230769231,0.0,0.0,170.0,3.269230769230769
ABY,554.0,6.595238095238095,72.0,0.8571428571428571,227.0,2.7023809523809526,93.0,1.1071428571428572,0.0,0.0,162.0,1.9285714285714286
BET,543.0,7.757142857142857,170.0,2.4285714285714284,144.0,2.057142857142857,48.0,0.6857142857142857,0.0,0.0,181.0,2.585714285714286
HOB,528.0,9.10344827586207,0.0,0.0,312.0,5.379310344827586,66.0,1.1379310344827587,0.0,0.0,150.0,2.586206896551724
STX,520.0,5.909090909090909,0.0,0.0,337.0,3.8295454545454546,49.0,0.5568181818181818,12.0,0.13636363636363635,122.0,1.3863636363636365
BFF,510.0,9.444444444444445,0.0,0.0,183.0,3.388888888888889,67.0,1.2407407407407407,0.0,0.0,260.0,4.814814814814815
ART,507.0,8.17741935483871,203.0,3.274193548387097,113.0,1.8225806451612903,53.0,0.8548387096774194,0.0,0.0,138.0,2.225806451612903
GUM,485.0,6.736111111111111,13.0,0.18055555555555555,84.0,1.1666666666666667,112.0,1.5555555555555556,0.0,0.0,276.0,3.8333333333333335
BLV,465.0,8.017241379310345,52.0,0.896551724137931,83.0,1.4310344827586208,124.0,2.1379310344827585,0.0,0.0,206.0,3.5517241379310347
PRC,456.0,7.354838709677419,0.0,0.0,131.0,2.1129032258064515,76.0,1.2258064516129032,0.0,0.0,249.0,4.016129032258065
CDC,453.0,8.38888888888889,23.0,0.42592592592592593,124.0,2.2962962962962963,157.0,2.9074074074074074,0.0,0.0,149.0,2.759259259259259
OGS,445.0,40.45454545454545,0.0,0.0,373.0,33.90909090909091,59.0,5.363636363636363,0.0,0.0,13.0,1.1818181818181819
LBL,418.0,7.7407407407407405,0.0,0.0,0.0,0.0,68.0,1.2592592592592593,0.0,0.0,350.0,6.481481481481482
CDV,391.0,6.516666666666667,24.0,0.4,158.0,2.6333333333333333,71.0,1.1833333333333333,0.0,0.0,138.0,2.3
LBF,384.0,7.111111111111111,0.0,0.0,149.0,2.759259259259259,35.0,0.6481481481481481,0.0,0.0,200.0,3.7037037037037037
TXK,377.0,4.333333333333333,51.0,0.5862068965517241,127.0,1.4597701149425288,107.0,1.2298850574712643,0.0,0.0,92.0,1.0574712643678161
OTZ,364.0,5.870967741935484,0.0,0.0,102.0,1.6451612903225807,32.0,0.5161290322580645,0.0,0.0,230.0,3.7096774193548385
HLN,347.0,3.1545454545454548,100.0,0.9090909090909091,75.0,0.6818181818181818,39.0,0.35454545454545455,0.0,0.0,133.0,1.209090909090909
IAG,338.0,7.041666666666667,49.0,1.0208333333333333,188.0,3.9166666666666665,61.0,1.2708333333333333,0.0,0.0,40.0,0.8333333333333334
OME,329.0,5.306451612903226,8.0,0.12903225806451613,0.0,0.0,0.0,0.0,0.0,0.0,321.0,5.17741935483871
INL,323.0,6.09433962264151,56.0,1.0566037735849056,81.0,1.528301886792453,16.0,0.3018867924528302,0.0,0.0,170.0,3.207547169811321
HGR,323.0,32.3,0.0,0.0,308.0,30.8,0.0,0.0,0.0,0.0,15.0,1.5
PHF,313.0,2.675213675213675,0.0,0.0,200.0,1.7094017094017093,39.0,0.3333333333333333,0.0,0.0,74.0,0.6324786324786325
SPN,310.0,7.560975609756097,0.0,0.0,291.0,7.097560975609756,13.0,0.3170731707317073,0.0,0.0,6.0,0.14634146341463414
OTH,285.0,9.193548387096774,0.0,0.0,108.0,3.4838709677419355,53.0,1.7096774193548387,6.0,0.1935483870967742,118.0,3.806451612903226
VLD,267.0,3.0689655172413794,0.0,0.0,157.0,1.8045977011494252,81.0,0.9310344827586207,0.0,0.0,29.0,0.3333333333333333
ACT,265.0,2.2844827586206895,41.0,0.35344827586206895,133.0,1.146551724137931,64.0,0.5517241379310345,0.0,0.0,27.0,0.23275862068965517
PIH,265.0,2.849462365591398,10.0,0.10752688172043011,132.0,1.4193548387096775,95.0,1.021505376344086,0.0,0.0,28.0,0.3010752688172043
SPS,263.0,2.9886363636363638,5.0,0.056818181818181816,98.0,1.1136363636363635,66.0,0.75,0.0,0.0,94.0,1.0681818181818181
GTR,261.0,3.144578313253012,0.0,0.0,179.0,2.1566265060240966,77.0,0.927710843373494,0.0,0.0,5.0,0.060240963855421686
HTS,260.0,13.0,0.0,0.0,149.0,7.45,1.0,0.05,0.0,0.0,110.0,5.5
OGD,253.0,31.625,70.0,8.75,107.0,13.375,21.0,2.625,0.0,0.0,55.0,6.875
SCC,231.0,2.7176470588235295,0.0,0.0,133.0,1.5647058823529412,77.0,0.9058823529411765,0.0,0.0,21.0,0.24705882352941178
EAR,214.0,3.962962962962963,0.0,0.0,85.0,1.5740740740740742,59.0,1.0925925925925926,0.0,0.0,70.0,1.2962962962962963
GGG,176.0,2.983050847457627,0.0,0.0,65.0,1.1016949152542372,84.0,1.423728813559322,0.0,0.0,27.0,0.4576271186440678
TWF,174.0,1.9550561797752808,0.0,0.0,64.0,0.7191011235955056,50.0,0.5617977528089888,0.0,0.0,60.0,0.6741573033707865
LYH,167.0,3.4081632653061225,0.0,0.0,15.0,0.30612244897959184,0.0,0.0,0.0,0.0,152.0,3.1020408163265305
PSM,155.0,4.696969696969697,0.0,0.0,31.0,0.9393939393939394,21.0,0.6363636363636364,0.0,0.0,103.0,3.121212121212121
OWB,148.0,16.444444444444443,0.0,0.0,71.0,7.888888888888889,51.0,5.666666666666667,0.0,0.0,26.0,2.888888888888889
LWS,138.0,2.15625,0.0,0.0,65.0,1.015625,73.0,1.140625,0.0,0.0,0.0,0.0
DRT,131.0,2.1475409836065573,0.0,0.0,27.0,0.4426229508196721,31.0,0.5081967213114754,0.0,0.0,73.0,1.1967213114754098
SMX,130.0,7.647058823529412,0.0,0.0,90.0,5.294117647058823,38.0,2.235294117647059,0.0,0.0,2.0,0.11764705882352941
BRW,122.0,1.967741935483871,27.0,0.43548387096774194,2.0,0.03225806451612903,32.0,0.5161290322580645,0.0,0.0,61.0,0.9838709677419355
SWO,86.0,1.3650793650793651,0.0,0.0,80.0,1.2698412698412698,6.0,0.09523809523809523,0.0,0.0,0.0,0.0
CPR,85.0,1.25,0.0,0.0,33.0,0.4852941176470588,52.0,0.7647058823529411,0.0,0.0,0.0,0.0
PPG,53.0,4.818181818181818,0.0,0.0,53.0,4.818181818181818,0.0,0.0,0.0,0.0,0.0,0.0
STC,46.0,2.5555555555555554,0.0,0.0,0.0,0.0,46.0,2.5555555555555554,0.0,0.0,0.0,0.0
ADK,36.0,4.0,0.0,0.0,36.0,4.0,0.0,0.0,0.0,0.0,0.0,0.0
ELM,0.0,0.0,0.0,0.0,0.0,0.0,0.0,0.0,0.0,0.0,0.0,0.0
